2024-10-31 10:47:25,699 [Worker-7: Loading available Gradle versions] INFO  o.e.b.c.i.u.g.PublishedGradleVersions - Gradle version information cache is not available. Remote download required.
2024-10-31 10:49:44,985 [Worker-13: Import Getting Started Content] INFO  o.e.m.c.i.l.LifecycleMappingFactory - Using org.eclipse.m2e.jdt.JarLifecycleMapping lifecycle mapping for MavenProject: com.trello:trello-user-service:0.0.1-SNAPSHOT @ /Users/bubul/Documents/workspace-spring-tool-suite-4-4.25.0.RELEASE/trello/trello-user-service/pom.xml.
2024-10-31 10:49:45,290 [Worker-13: Import Getting Started Content] INFO  o.e.m.c.i.e.AbstractTransferListenerAdapter - Downloading https://repo.maven.apache.org/maven2/org/springframework/boot/spring-boot-starter-data-jpa/3.3.5/spring-boot-starter-data-jpa-3.3.5.pom
2024-10-31 10:49:45,296 [Worker-13: Import Getting Started Content] INFO  o.e.m.c.i.e.AbstractTransferListenerAdapter - Downloaded https://repo.maven.apache.org/maven2/org/springframework/boot/spring-boot-starter-data-jpa/3.3.5/spring-boot-starter-data-jpa-3.3.5.pom
2024-10-31 10:49:45,346 [Worker-13: Import Getting Started Content] INFO  o.e.m.c.i.e.AbstractTransferListenerAdapter - Downloading https://repo.maven.apache.org/maven2/org/springframework/boot/spring-boot-starter-aop/3.3.5/spring-boot-starter-aop-3.3.5.pom
2024-10-31 10:49:45,348 [Worker-13: Import Getting Started Content] INFO  o.e.m.c.i.e.AbstractTransferListenerAdapter - Downloaded https://repo.maven.apache.org/maven2/org/springframework/boot/spring-boot-starter-aop/3.3.5/spring-boot-starter-aop-3.3.5.pom
2024-10-31 10:49:45,441 [Worker-13: Import Getting Started Content] INFO  o.e.m.c.i.e.AbstractTransferListenerAdapter - Downloading https://repo.maven.apache.org/maven2/org/springframework/boot/spring-boot-starter-jdbc/3.3.5/spring-boot-starter-jdbc-3.3.5.pom
2024-10-31 10:49:45,442 [Worker-13: Import Getting Started Content] INFO  o.e.m.c.i.e.AbstractTransferListenerAdapter - Downloaded https://repo.maven.apache.org/maven2/org/springframework/boot/spring-boot-starter-jdbc/3.3.5/spring-boot-starter-jdbc-3.3.5.pom
2024-10-31 10:49:45,491 [Worker-13: Import Getting Started Content] INFO  o.e.m.c.i.e.AbstractTransferListenerAdapter - Downloading https://repo.maven.apache.org/maven2/com/zaxxer/HikariCP/5.1.0/HikariCP-5.1.0.pom
2024-10-31 10:49:45,505 [Worker-13: Import Getting Started Content] INFO  o.e.m.c.i.e.AbstractTransferListenerAdapter - Downloaded https://repo.maven.apache.org/maven2/com/zaxxer/HikariCP/5.1.0/HikariCP-5.1.0.pom
2024-10-31 10:49:45,555 [Worker-13: Import Getting Started Content] INFO  o.e.m.c.i.e.AbstractTransferListenerAdapter - Downloading https://repo.maven.apache.org/maven2/org/springframework/spring-jdbc/6.1.14/spring-jdbc-6.1.14.pom
2024-10-31 10:49:45,556 [Worker-13: Import Getting Started Content] INFO  o.e.m.c.i.e.AbstractTransferListenerAdapter - Downloaded https://repo.maven.apache.org/maven2/org/springframework/spring-jdbc/6.1.14/spring-jdbc-6.1.14.pom
2024-10-31 10:49:45,605 [Worker-13: Import Getting Started Content] INFO  o.e.m.c.i.e.AbstractTransferListenerAdapter - Downloading https://repo.maven.apache.org/maven2/org/springframework/spring-tx/6.1.14/spring-tx-6.1.14.pom
2024-10-31 10:49:45,606 [Worker-13: Import Getting Started Content] INFO  o.e.m.c.i.e.AbstractTransferListenerAdapter - Downloaded https://repo.maven.apache.org/maven2/org/springframework/spring-tx/6.1.14/spring-tx-6.1.14.pom
2024-10-31 10:49:45,655 [Worker-13: Import Getting Started Content] INFO  o.e.m.c.i.e.AbstractTransferListenerAdapter - Downloading https://repo.maven.apache.org/maven2/org/hibernate/orm/hibernate-core/6.5.3.Final/hibernate-core-6.5.3.Final.pom
2024-10-31 10:49:45,660 [Worker-13: Import Getting Started Content] INFO  o.e.m.c.i.e.AbstractTransferListenerAdapter - Downloaded https://repo.maven.apache.org/maven2/org/hibernate/orm/hibernate-core/6.5.3.Final/hibernate-core-6.5.3.Final.pom
2024-10-31 10:49:45,745 [Worker-13: Import Getting Started Content] INFO  o.e.m.c.i.e.AbstractTransferListenerAdapter - Downloading https://repo.maven.apache.org/maven2/org/springframework/data/spring-data-jpa/3.3.5/spring-data-jpa-3.3.5.pom
2024-10-31 10:49:45,752 [Worker-13: Import Getting Started Content] INFO  o.e.m.c.i.e.AbstractTransferListenerAdapter - Downloaded https://repo.maven.apache.org/maven2/org/springframework/data/spring-data-jpa/3.3.5/spring-data-jpa-3.3.5.pom
2024-10-31 10:49:45,802 [Worker-13: Import Getting Started Content] INFO  o.e.m.c.i.e.AbstractTransferListenerAdapter - Downloading https://repo.maven.apache.org/maven2/org/springframework/data/spring-data-jpa-parent/3.3.5/spring-data-jpa-parent-3.3.5.pom
2024-10-31 10:49:45,804 [Worker-13: Import Getting Started Content] INFO  o.e.m.c.i.e.AbstractTransferListenerAdapter - Downloaded https://repo.maven.apache.org/maven2/org/springframework/data/spring-data-jpa-parent/3.3.5/spring-data-jpa-parent-3.3.5.pom
2024-10-31 10:49:45,853 [Worker-13: Import Getting Started Content] INFO  o.e.m.c.i.e.AbstractTransferListenerAdapter - Downloading https://repo.maven.apache.org/maven2/org/springframework/data/build/spring-data-parent/3.3.5/spring-data-parent-3.3.5.pom
2024-10-31 10:49:45,869 [Worker-13: Import Getting Started Content] INFO  o.e.m.c.i.e.AbstractTransferListenerAdapter - Downloaded https://repo.maven.apache.org/maven2/org/springframework/data/build/spring-data-parent/3.3.5/spring-data-parent-3.3.5.pom
2024-10-31 10:49:45,919 [Worker-13: Import Getting Started Content] INFO  o.e.m.c.i.e.AbstractTransferListenerAdapter - Downloading https://repo.maven.apache.org/maven2/org/springframework/data/build/spring-data-build/3.3.5/spring-data-build-3.3.5.pom
2024-10-31 10:49:45,921 [Worker-13: Import Getting Started Content] INFO  o.e.m.c.i.e.AbstractTransferListenerAdapter - Downloaded https://repo.maven.apache.org/maven2/org/springframework/data/build/spring-data-build/3.3.5/spring-data-build-3.3.5.pom
2024-10-31 10:49:45,976 [Worker-13: Import Getting Started Content] INFO  o.e.m.c.i.e.AbstractTransferListenerAdapter - Downloading https://repo.maven.apache.org/maven2/org/springframework/data/spring-data-commons/3.3.5/spring-data-commons-3.3.5.pom
2024-10-31 10:49:45,978 [Worker-13: Import Getting Started Content] INFO  o.e.m.c.i.e.AbstractTransferListenerAdapter - Downloaded https://repo.maven.apache.org/maven2/org/springframework/data/spring-data-commons/3.3.5/spring-data-commons-3.3.5.pom
2024-10-31 10:49:46,036 [Worker-13: Import Getting Started Content] INFO  o.e.m.c.i.e.AbstractTransferListenerAdapter - Downloading https://repo.maven.apache.org/maven2/org/springframework/spring-orm/6.1.14/spring-orm-6.1.14.pom
2024-10-31 10:49:46,037 [Worker-13: Import Getting Started Content] INFO  o.e.m.c.i.e.AbstractTransferListenerAdapter - Downloaded https://repo.maven.apache.org/maven2/org/springframework/spring-orm/6.1.14/spring-orm-6.1.14.pom
2024-10-31 10:49:46,087 [Worker-13: Import Getting Started Content] INFO  o.e.m.c.i.e.AbstractTransferListenerAdapter - Downloading https://repo.maven.apache.org/maven2/org/springframework/spring-aspects/6.1.14/spring-aspects-6.1.14.pom
2024-10-31 10:49:46,088 [Worker-13: Import Getting Started Content] INFO  o.e.m.c.i.e.AbstractTransferListenerAdapter - Downloaded https://repo.maven.apache.org/maven2/org/springframework/spring-aspects/6.1.14/spring-aspects-6.1.14.pom
2024-10-31 10:49:46,154 [Worker-13: Import Getting Started Content] INFO  o.e.m.c.i.e.AbstractTransferListenerAdapter - Downloading https://repo.maven.apache.org/maven2/org/postgresql/postgresql/42.7.4/postgresql-42.7.4.pom
2024-10-31 10:49:46,155 [Worker-13: Import Getting Started Content] INFO  o.e.m.c.i.e.AbstractTransferListenerAdapter - Downloaded https://repo.maven.apache.org/maven2/org/postgresql/postgresql/42.7.4/postgresql-42.7.4.pom
2024-10-31 10:49:46,205 [Worker-13: Import Getting Started Content] INFO  o.e.m.c.i.e.AbstractTransferListenerAdapter - Downloading https://repo.maven.apache.org/maven2/org/checkerframework/checker-qual/3.42.0/checker-qual-3.42.0.pom
2024-10-31 10:49:46,205 [Worker-13: Import Getting Started Content] INFO  o.e.m.c.i.e.AbstractTransferListenerAdapter - Downloaded https://repo.maven.apache.org/maven2/org/checkerframework/checker-qual/3.42.0/checker-qual-3.42.0.pom
2024-10-31 10:49:46,295 [Worker-13: Import Getting Started Content] INFO  o.e.m.c.i.e.AbstractTransferListenerAdapter - Downloading https://repo.maven.apache.org/maven2/org/springframework/boot/spring-boot-starter-data-jpa/3.3.5/spring-boot-starter-data-jpa-3.3.5.jar
2024-10-31 10:49:46,296 [Worker-13: Import Getting Started Content] INFO  o.e.m.c.i.e.AbstractTransferListenerAdapter - Downloaded https://repo.maven.apache.org/maven2/org/springframework/boot/spring-boot-starter-data-jpa/3.3.5/spring-boot-starter-data-jpa-3.3.5.jar
2024-10-31 10:49:46,344 [BasicRepositoryConnector-repo.maven.apache.org-0-0] INFO  o.e.m.c.i.e.AbstractTransferListenerAdapter - Downloading https://repo.maven.apache.org/maven2/org/springframework/boot/spring-boot-starter-aop/3.3.5/spring-boot-starter-aop-3.3.5.jar
2024-10-31 10:49:46,346 [BasicRepositoryConnector-repo.maven.apache.org-0-0] INFO  o.e.m.c.i.e.AbstractTransferListenerAdapter - Downloaded https://repo.maven.apache.org/maven2/org/springframework/boot/spring-boot-starter-aop/3.3.5/spring-boot-starter-aop-3.3.5.jar
2024-10-31 10:49:46,395 [BasicRepositoryConnector-repo.maven.apache.org-0-0] INFO  o.e.m.c.i.e.AbstractTransferListenerAdapter - Downloading https://repo.maven.apache.org/maven2/org/springframework/data/spring-data-jpa/3.3.5/spring-data-jpa-3.3.5.jar
2024-10-31 10:49:46,436 [BasicRepositoryConnector-repo.maven.apache.org-0-1] INFO  o.e.m.c.i.e.AbstractTransferListenerAdapter - Downloading https://repo.maven.apache.org/maven2/org/springframework/boot/spring-boot-starter-jdbc/3.3.5/spring-boot-starter-jdbc-3.3.5.jar
2024-10-31 10:49:46,437 [BasicRepositoryConnector-repo.maven.apache.org-0-1] INFO  o.e.m.c.i.e.AbstractTransferListenerAdapter - Downloaded https://repo.maven.apache.org/maven2/org/springframework/boot/spring-boot-starter-jdbc/3.3.5/spring-boot-starter-jdbc-3.3.5.jar
2024-10-31 10:49:46,439 [BasicRepositoryConnector-repo.maven.apache.org-0-3] INFO  o.e.m.c.i.e.AbstractTransferListenerAdapter - Downloading https://repo.maven.apache.org/maven2/org/springframework/spring-jdbc/6.1.14/spring-jdbc-6.1.14.jar
2024-10-31 10:49:46,495 [BasicRepositoryConnector-repo.maven.apache.org-0-4] INFO  o.e.m.c.i.e.AbstractTransferListenerAdapter - Downloading https://repo.maven.apache.org/maven2/org/hibernate/orm/hibernate-core/6.5.3.Final/hibernate-core-6.5.3.Final.jar
2024-10-31 10:49:46,511 [BasicRepositoryConnector-repo.maven.apache.org-0-1] INFO  o.e.m.c.i.e.AbstractTransferListenerAdapter - Downloading https://repo.maven.apache.org/maven2/org/springframework/data/spring-data-commons/3.3.5/spring-data-commons-3.3.5.jar
2024-10-31 10:49:46,530 [BasicRepositoryConnector-repo.maven.apache.org-0-2] INFO  o.e.m.c.i.e.AbstractTransferListenerAdapter - Downloading https://repo.maven.apache.org/maven2/com/zaxxer/HikariCP/5.1.0/HikariCP-5.1.0.jar
2024-10-31 10:49:46,594 [BasicRepositoryConnector-repo.maven.apache.org-0-0] INFO  o.e.m.c.i.e.AbstractTransferListenerAdapter - Downloaded https://repo.maven.apache.org/maven2/org/springframework/data/spring-data-jpa/3.3.5/spring-data-jpa-3.3.5.jar
2024-10-31 10:49:46,602 [BasicRepositoryConnector-repo.maven.apache.org-0-3] INFO  o.e.m.c.i.e.AbstractTransferListenerAdapter - Downloaded https://repo.maven.apache.org/maven2/org/springframework/spring-jdbc/6.1.14/spring-jdbc-6.1.14.jar
2024-10-31 10:49:46,632 [BasicRepositoryConnector-repo.maven.apache.org-0-2] INFO  o.e.m.c.i.e.AbstractTransferListenerAdapter - Downloaded https://repo.maven.apache.org/maven2/com/zaxxer/HikariCP/5.1.0/HikariCP-5.1.0.jar
2024-10-31 10:49:46,645 [BasicRepositoryConnector-repo.maven.apache.org-0-0] INFO  o.e.m.c.i.e.AbstractTransferListenerAdapter - Downloading https://repo.maven.apache.org/maven2/org/springframework/spring-orm/6.1.14/spring-orm-6.1.14.jar
2024-10-31 10:49:46,652 [BasicRepositoryConnector-repo.maven.apache.org-0-3] INFO  o.e.m.c.i.e.AbstractTransferListenerAdapter - Downloading https://repo.maven.apache.org/maven2/org/springframework/spring-tx/6.1.14/spring-tx-6.1.14.jar
2024-10-31 10:49:46,680 [BasicRepositoryConnector-repo.maven.apache.org-0-2] INFO  o.e.m.c.i.e.AbstractTransferListenerAdapter - Downloading https://repo.maven.apache.org/maven2/org/springframework/spring-aspects/6.1.14/spring-aspects-6.1.14.jar
2024-10-31 10:49:46,778 [BasicRepositoryConnector-repo.maven.apache.org-0-2] INFO  o.e.m.c.i.e.AbstractTransferListenerAdapter - Downloaded https://repo.maven.apache.org/maven2/org/springframework/spring-aspects/6.1.14/spring-aspects-6.1.14.jar
2024-10-31 10:49:46,827 [BasicRepositoryConnector-repo.maven.apache.org-0-2] INFO  o.e.m.c.i.e.AbstractTransferListenerAdapter - Downloading https://repo.maven.apache.org/maven2/org/postgresql/postgresql/42.7.4/postgresql-42.7.4.jar
2024-10-31 10:49:46,951 [BasicRepositoryConnector-repo.maven.apache.org-0-3] INFO  o.e.m.c.i.e.AbstractTransferListenerAdapter - Downloaded https://repo.maven.apache.org/maven2/org/springframework/spring-tx/6.1.14/spring-tx-6.1.14.jar
2024-10-31 10:49:47,002 [BasicRepositoryConnector-repo.maven.apache.org-0-3] INFO  o.e.m.c.i.e.AbstractTransferListenerAdapter - Downloading https://repo.maven.apache.org/maven2/org/checkerframework/checker-qual/3.42.0/checker-qual-3.42.0.jar
2024-10-31 10:49:47,103 [BasicRepositoryConnector-repo.maven.apache.org-0-3] INFO  o.e.m.c.i.e.AbstractTransferListenerAdapter - Downloaded https://repo.maven.apache.org/maven2/org/checkerframework/checker-qual/3.42.0/checker-qual-3.42.0.jar
2024-10-31 10:49:47,195 [BasicRepositoryConnector-repo.maven.apache.org-0-0] INFO  o.e.m.c.i.e.AbstractTransferListenerAdapter - Downloaded https://repo.maven.apache.org/maven2/org/springframework/spring-orm/6.1.14/spring-orm-6.1.14.jar
2024-10-31 10:49:47,293 [BasicRepositoryConnector-repo.maven.apache.org-0-1] INFO  o.e.m.c.i.e.AbstractTransferListenerAdapter - Downloaded https://repo.maven.apache.org/maven2/org/springframework/data/spring-data-commons/3.3.5/spring-data-commons-3.3.5.jar
2024-10-31 10:49:48,110 [BasicRepositoryConnector-repo.maven.apache.org-0-4] INFO  o.e.m.c.i.e.AbstractTransferListenerAdapter - Downloaded https://repo.maven.apache.org/maven2/org/hibernate/orm/hibernate-core/6.5.3.Final/hibernate-core-6.5.3.Final.jar
2024-10-31 10:49:48,189 [BasicRepositoryConnector-repo.maven.apache.org-0-2] INFO  o.e.m.c.i.e.AbstractTransferListenerAdapter - Downloaded https://repo.maven.apache.org/maven2/org/postgresql/postgresql/42.7.4/postgresql-42.7.4.jar
2024-10-31 10:49:48,467 [Worker-13: Import Getting Started Content] INFO  o.e.m.j.i.AbstractJavaProjectConfigurator - Adding source folder /trello-user-service/src/main/java
2024-10-31 10:49:48,468 [Worker-13: Import Getting Started Content] INFO  o.e.m.j.i.AbstractJavaProjectConfigurator - Adding resource folder /trello-user-service/src/main/resources
2024-10-31 10:49:48,469 [Worker-13: Import Getting Started Content] INFO  o.e.m.j.i.AbstractJavaProjectConfigurator - Adding resource folder /trello-user-service/src/main/resources
2024-10-31 10:49:48,471 [Worker-13: Import Getting Started Content] INFO  o.e.m.j.i.AbstractJavaProjectConfigurator - Adding source folder /trello-user-service/src/test/java
2024-10-31 10:49:48,471 [Worker-13: Import Getting Started Content] INFO  o.e.m.j.i.AbstractJavaProjectConfigurator - Adding resource folder /trello-user-service/src/test/resources
2024-10-31 10:49:48,750 [Worker-13: Import Getting Started Content] INFO  o.e.m.c.i.p.ProjectConfigurationManager - Imported and configured 1 project(s) in 4 sec
2024-10-31 10:49:48,752 [Worker-13: Import Getting Started Content] INFO  o.e.m.c.i.p.ProjectConfigurationManager - Update started
2024-10-31 10:49:48,838 [Worker-13: Import Getting Started Content] INFO  o.e.m.c.i.l.LifecycleMappingFactory - Using org.eclipse.m2e.jdt.JarLifecycleMapping lifecycle mapping for MavenProject: com.trello:trello-user-service:0.0.1-SNAPSHOT @ /Users/bubul/Documents/workspace-spring-tool-suite-4-4.25.0.RELEASE/trello/trello-user-service/pom.xml.
2024-10-31 10:49:48,965 [Worker-13: Import Getting Started Content] INFO  o.e.m.j.i.AbstractJavaProjectConfigurator - Adding source folder /trello-user-service/src/main/java
2024-10-31 10:49:48,965 [Worker-13: Import Getting Started Content] INFO  o.e.m.j.i.AbstractJavaProjectConfigurator - Adding resource folder /trello-user-service/src/main/resources
2024-10-31 10:49:48,965 [Worker-13: Import Getting Started Content] INFO  o.e.m.j.i.AbstractJavaProjectConfigurator - Adding resource folder /trello-user-service/src/main/resources
2024-10-31 10:49:48,966 [Worker-13: Import Getting Started Content] INFO  o.e.m.j.i.AbstractJavaProjectConfigurator - Adding source folder /trello-user-service/src/test/java
2024-10-31 10:49:48,966 [Worker-13: Import Getting Started Content] INFO  o.e.m.j.i.AbstractJavaProjectConfigurator - Adding resource folder /trello-user-service/src/test/resources
2024-10-31 10:49:49,124 [Worker-13: Import Getting Started Content] INFO  o.e.m.c.i.p.ProjectConfigurationManager - Update completed for 1 poms: local refresh takes 0.00 sec, refresh facades takes 0.00 sec, update config takes 0.00 sec 
2024-10-31 10:49:49,496 [Worker-17: Building] INFO  o.a.m.s.f.DefaultMavenResourcesFiltering - Copying 1 resource from src/main/resources to target/classes
2024-10-31 10:49:49,502 [Worker-17: Building] INFO  o.a.m.s.f.DefaultMavenResourcesFiltering - Copying 0 resource from src/main/resources to target/classes
2024-10-31 10:49:49,504 [Worker-17: Building] INFO  o.a.m.s.f.DefaultMavenResourcesFiltering - skip non existing resourceDirectory /Users/bubul/Documents/workspace-spring-tool-suite-4-4.25.0.RELEASE/trello/trello-user-service/src/test/resources
2024-10-31 10:49:49,539 [Worker-12: Download sources and javadoc] INFO  o.e.m.c.i.e.AbstractTransferListenerAdapter - Downloading https://repo.maven.apache.org/maven2/org/springframework/boot/spring-boot-starter-data-jpa/3.3.5/spring-boot-starter-data-jpa-3.3.5-sources.jar
2024-10-31 10:49:49,541 [Worker-12: Download sources and javadoc] INFO  o.e.m.c.i.e.AbstractTransferListenerAdapter - Downloaded https://repo.maven.apache.org/maven2/org/springframework/boot/spring-boot-starter-data-jpa/3.3.5/spring-boot-starter-data-jpa-3.3.5-sources.jar
2024-10-31 10:49:49,542 [Worker-12: Download sources and javadoc] INFO  o.e.m.j.internal.DownloadSourcesJob - Downloaded sources for org.springframework.boot:spring-boot-starter-data-jpa:3.3.5
2024-10-31 10:49:49,689 [Worker-12: Download sources and javadoc] INFO  o.e.m.c.i.e.AbstractTransferListenerAdapter - Downloading https://repo.maven.apache.org/maven2/org/springframework/boot/spring-boot-starter-aop/3.3.5/spring-boot-starter-aop-3.3.5-sources.jar
2024-10-31 10:49:49,690 [Worker-12: Download sources and javadoc] INFO  o.e.m.c.i.e.AbstractTransferListenerAdapter - Downloaded https://repo.maven.apache.org/maven2/org/springframework/boot/spring-boot-starter-aop/3.3.5/spring-boot-starter-aop-3.3.5-sources.jar
2024-10-31 10:49:49,691 [Worker-12: Download sources and javadoc] INFO  o.e.m.j.internal.DownloadSourcesJob - Downloaded sources for org.springframework.boot:spring-boot-starter-aop:3.3.5
2024-10-31 10:49:49,837 [Worker-12: Download sources and javadoc] INFO  o.e.m.c.i.e.AbstractTransferListenerAdapter - Downloading https://repo.maven.apache.org/maven2/org/springframework/boot/spring-boot-starter-jdbc/3.3.5/spring-boot-starter-jdbc-3.3.5-sources.jar
2024-10-31 10:49:49,838 [Worker-12: Download sources and javadoc] INFO  o.e.m.c.i.e.AbstractTransferListenerAdapter - Downloaded https://repo.maven.apache.org/maven2/org/springframework/boot/spring-boot-starter-jdbc/3.3.5/spring-boot-starter-jdbc-3.3.5-sources.jar
2024-10-31 10:49:49,840 [Worker-12: Download sources and javadoc] INFO  o.e.m.j.internal.DownloadSourcesJob - Downloaded sources for org.springframework.boot:spring-boot-starter-jdbc:3.3.5
2024-10-31 10:49:49,992 [Worker-12: Download sources and javadoc] INFO  o.e.m.c.i.e.AbstractTransferListenerAdapter - Downloading https://repo.maven.apache.org/maven2/com/zaxxer/HikariCP/5.1.0/HikariCP-5.1.0-sources.jar
2024-10-31 10:49:50,105 [Worker-12: Download sources and javadoc] INFO  o.e.m.c.i.e.AbstractTransferListenerAdapter - Downloaded https://repo.maven.apache.org/maven2/com/zaxxer/HikariCP/5.1.0/HikariCP-5.1.0-sources.jar
2024-10-31 10:49:50,106 [Worker-12: Download sources and javadoc] INFO  o.e.m.j.internal.DownloadSourcesJob - Downloaded sources for com.zaxxer:HikariCP:5.1.0
2024-10-31 10:49:50,256 [Worker-12: Download sources and javadoc] INFO  o.e.m.c.i.e.AbstractTransferListenerAdapter - Downloading https://repo.maven.apache.org/maven2/org/springframework/spring-jdbc/6.1.14/spring-jdbc-6.1.14-sources.jar
2024-10-31 10:49:50,413 [Worker-12: Download sources and javadoc] INFO  o.e.m.c.i.e.AbstractTransferListenerAdapter - Downloaded https://repo.maven.apache.org/maven2/org/springframework/spring-jdbc/6.1.14/spring-jdbc-6.1.14-sources.jar
2024-10-31 10:49:50,414 [Worker-12: Download sources and javadoc] INFO  o.e.m.j.internal.DownloadSourcesJob - Downloaded sources for org.springframework:spring-jdbc:6.1.14
2024-10-31 10:49:50,557 [Worker-12: Download sources and javadoc] INFO  o.e.m.c.i.e.AbstractTransferListenerAdapter - Downloading https://repo.maven.apache.org/maven2/org/hibernate/orm/hibernate-core/6.5.3.Final/hibernate-core-6.5.3.Final-sources.jar
2024-10-31 10:49:51,329 [Worker-12: Download sources and javadoc] INFO  o.e.m.c.i.e.AbstractTransferListenerAdapter - Downloaded https://repo.maven.apache.org/maven2/org/hibernate/orm/hibernate-core/6.5.3.Final/hibernate-core-6.5.3.Final-sources.jar
2024-10-31 10:49:51,338 [Worker-12: Download sources and javadoc] INFO  o.e.m.j.internal.DownloadSourcesJob - Downloaded sources for org.hibernate.orm:hibernate-core:6.5.3.Final
2024-10-31 10:49:51,494 [Worker-12: Download sources and javadoc] INFO  o.e.m.c.i.e.AbstractTransferListenerAdapter - Downloading https://repo.maven.apache.org/maven2/org/springframework/data/spring-data-jpa/3.3.5/spring-data-jpa-3.3.5-sources.jar
2024-10-31 10:49:51,692 [Worker-12: Download sources and javadoc] INFO  o.e.m.c.i.e.AbstractTransferListenerAdapter - Downloaded https://repo.maven.apache.org/maven2/org/springframework/data/spring-data-jpa/3.3.5/spring-data-jpa-3.3.5-sources.jar
2024-10-31 10:49:51,694 [Worker-12: Download sources and javadoc] INFO  o.e.m.j.internal.DownloadSourcesJob - Downloaded sources for org.springframework.data:spring-data-jpa:3.3.5
2024-10-31 10:49:51,835 [Worker-12: Download sources and javadoc] INFO  o.e.m.c.i.e.AbstractTransferListenerAdapter - Downloading https://repo.maven.apache.org/maven2/org/springframework/data/spring-data-commons/3.3.5/spring-data-commons-3.3.5-sources.jar
2024-10-31 10:49:52,034 [Worker-12: Download sources and javadoc] INFO  o.e.m.c.i.e.AbstractTransferListenerAdapter - Downloaded https://repo.maven.apache.org/maven2/org/springframework/data/spring-data-commons/3.3.5/spring-data-commons-3.3.5-sources.jar
2024-10-31 10:49:52,036 [Worker-12: Download sources and javadoc] INFO  o.e.m.j.internal.DownloadSourcesJob - Downloaded sources for org.springframework.data:spring-data-commons:3.3.5
2024-10-31 10:49:52,183 [Worker-12: Download sources and javadoc] INFO  o.e.m.c.i.e.AbstractTransferListenerAdapter - Downloading https://repo.maven.apache.org/maven2/org/springframework/spring-orm/6.1.14/spring-orm-6.1.14-sources.jar
2024-10-31 10:49:52,283 [Worker-12: Download sources and javadoc] INFO  o.e.m.c.i.e.AbstractTransferListenerAdapter - Downloaded https://repo.maven.apache.org/maven2/org/springframework/spring-orm/6.1.14/spring-orm-6.1.14-sources.jar
2024-10-31 10:49:52,284 [Worker-12: Download sources and javadoc] INFO  o.e.m.j.internal.DownloadSourcesJob - Downloaded sources for org.springframework:spring-orm:6.1.14
2024-10-31 10:49:52,433 [Worker-12: Download sources and javadoc] INFO  o.e.m.c.i.e.AbstractTransferListenerAdapter - Downloading https://repo.maven.apache.org/maven2/org/springframework/spring-tx/6.1.14/spring-tx-6.1.14-sources.jar
2024-10-31 10:49:52,573 [Worker-12: Download sources and javadoc] INFO  o.e.m.c.i.e.AbstractTransferListenerAdapter - Downloaded https://repo.maven.apache.org/maven2/org/springframework/spring-tx/6.1.14/spring-tx-6.1.14-sources.jar
2024-10-31 10:49:52,574 [Worker-12: Download sources and javadoc] INFO  o.e.m.j.internal.DownloadSourcesJob - Downloaded sources for org.springframework:spring-tx:6.1.14
2024-10-31 10:49:52,714 [Worker-12: Download sources and javadoc] INFO  o.e.m.c.i.e.AbstractTransferListenerAdapter - Downloading https://repo.maven.apache.org/maven2/org/springframework/spring-aspects/6.1.14/spring-aspects-6.1.14-sources.jar
2024-10-31 10:49:52,720 [Worker-12: Download sources and javadoc] INFO  o.e.m.c.i.e.AbstractTransferListenerAdapter - Downloaded https://repo.maven.apache.org/maven2/org/springframework/spring-aspects/6.1.14/spring-aspects-6.1.14-sources.jar
2024-10-31 10:49:52,721 [Worker-12: Download sources and javadoc] INFO  o.e.m.j.internal.DownloadSourcesJob - Downloaded sources for org.springframework:spring-aspects:6.1.14
2024-10-31 10:49:52,859 [Worker-12: Download sources and javadoc] INFO  o.e.m.c.i.e.AbstractTransferListenerAdapter - Downloading https://repo.maven.apache.org/maven2/org/postgresql/postgresql/42.7.4/postgresql-42.7.4-sources.jar
2024-10-31 10:49:53,054 [Worker-12: Download sources and javadoc] INFO  o.e.m.c.i.e.AbstractTransferListenerAdapter - Downloaded https://repo.maven.apache.org/maven2/org/postgresql/postgresql/42.7.4/postgresql-42.7.4-sources.jar
2024-10-31 10:49:53,055 [Worker-12: Download sources and javadoc] INFO  o.e.m.j.internal.DownloadSourcesJob - Downloaded sources for org.postgresql:postgresql:42.7.4
2024-10-31 10:49:53,196 [Worker-12: Download sources and javadoc] INFO  o.e.m.c.i.e.AbstractTransferListenerAdapter - Downloading https://repo.maven.apache.org/maven2/org/checkerframework/checker-qual/3.42.0/checker-qual-3.42.0-sources.jar
2024-10-31 10:49:53,332 [Worker-12: Download sources and javadoc] INFO  o.e.m.c.i.e.AbstractTransferListenerAdapter - Downloaded https://repo.maven.apache.org/maven2/org/checkerframework/checker-qual/3.42.0/checker-qual-3.42.0-sources.jar
2024-10-31 10:49:53,333 [Worker-12: Download sources and javadoc] INFO  o.e.m.j.internal.DownloadSourcesJob - Downloaded sources for org.checkerframework:checker-qual:3.42.0
2024-10-31 11:10:24,480 [Worker-21: Building] INFO  o.a.m.s.f.DefaultMavenResourcesFiltering - Copying 1 resource from src/main/resources to target/classes
2024-10-31 11:10:24,487 [Worker-21: Building] INFO  o.a.m.s.f.DefaultMavenResourcesFiltering - Copying 0 resource from src/main/resources to target/classes
2024-10-31 11:10:24,489 [Worker-21: Building] INFO  o.a.m.s.f.DefaultMavenResourcesFiltering - skip non existing resourceDirectory /Users/bubul/Documents/workspace-spring-tool-suite-4-4.25.0.RELEASE/trello/trello-user-service/src/test/resources
2024-10-31 11:40:59,701 [Worker-22: Building] INFO  o.a.m.s.f.DefaultMavenResourcesFiltering - Copying 1 resource from src/main/resources to target/classes
2024-10-31 11:40:59,709 [Worker-22: Building] INFO  o.a.m.s.f.DefaultMavenResourcesFiltering - Copying 0 resource from src/main/resources to target/classes
2024-10-31 11:40:59,710 [Worker-22: Building] INFO  o.a.m.s.f.DefaultMavenResourcesFiltering - skip non existing resourceDirectory /Users/bubul/Documents/workspace-spring-tool-suite-4-4.25.0.RELEASE/trello/trello-user-service/src/test/resources
2024-10-31 11:41:21,856 [Worker-28: Building] INFO  o.a.m.s.f.DefaultMavenResourcesFiltering - Copying 1 resource from src/main/resources to target/classes
2024-10-31 11:41:21,861 [Worker-28: Building] INFO  o.a.m.s.f.DefaultMavenResourcesFiltering - Copying 0 resource from src/main/resources to target/classes
2024-10-31 11:41:21,863 [Worker-28: Building] INFO  o.a.m.s.f.DefaultMavenResourcesFiltering - skip non existing resourceDirectory /Users/bubul/Documents/workspace-spring-tool-suite-4-4.25.0.RELEASE/trello/trello-user-service/src/test/resources
2024-10-31 11:41:39,823 [Worker-27: Building] INFO  o.a.m.s.f.DefaultMavenResourcesFiltering - Copying 1 resource from src/main/resources to target/classes
2024-10-31 11:41:39,829 [Worker-27: Building] INFO  o.a.m.s.f.DefaultMavenResourcesFiltering - Copying 0 resource from src/main/resources to target/classes
2024-10-31 11:41:39,830 [Worker-27: Building] INFO  o.a.m.s.f.DefaultMavenResourcesFiltering - skip non existing resourceDirectory /Users/bubul/Documents/workspace-spring-tool-suite-4-4.25.0.RELEASE/trello/trello-user-service/src/test/resources
2024-10-31 11:42:09,196 [Worker-25: Building] INFO  o.a.m.s.f.DefaultMavenResourcesFiltering - Copying 1 resource from src/main/resources to target/classes
2024-10-31 11:42:09,202 [Worker-25: Building] INFO  o.a.m.s.f.DefaultMavenResourcesFiltering - Copying 0 resource from src/main/resources to target/classes
2024-10-31 11:42:09,204 [Worker-25: Building] INFO  o.a.m.s.f.DefaultMavenResourcesFiltering - skip non existing resourceDirectory /Users/bubul/Documents/workspace-spring-tool-suite-4-4.25.0.RELEASE/trello/trello-user-service/src/test/resources
2024-10-31 11:44:04,943 [Worker-31: Building] INFO  o.a.m.s.f.DefaultMavenResourcesFiltering - Copying 1 resource from src/main/resources to target/classes
2024-10-31 11:44:04,948 [Worker-31: Building] INFO  o.a.m.s.f.DefaultMavenResourcesFiltering - Copying 0 resource from src/main/resources to target/classes
2024-10-31 11:44:04,952 [Worker-31: Building] INFO  o.a.m.s.f.DefaultMavenResourcesFiltering - skip non existing resourceDirectory /Users/bubul/Documents/workspace-spring-tool-suite-4-4.25.0.RELEASE/trello/trello-user-service/src/test/resources
2024-10-31 11:44:31,129 [Worker-33: Building] INFO  o.a.m.s.f.DefaultMavenResourcesFiltering - Copying 1 resource from src/main/resources to target/classes
2024-10-31 11:44:31,132 [Worker-33: Building] INFO  o.a.m.s.f.DefaultMavenResourcesFiltering - Copying 0 resource from src/main/resources to target/classes
2024-10-31 11:44:31,134 [Worker-33: Building] INFO  o.a.m.s.f.DefaultMavenResourcesFiltering - skip non existing resourceDirectory /Users/bubul/Documents/workspace-spring-tool-suite-4-4.25.0.RELEASE/trello/trello-user-service/src/test/resources
2024-10-31 11:46:03,804 [Worker-29: Building] INFO  o.a.m.s.f.DefaultMavenResourcesFiltering - Copying 1 resource from src/main/resources to target/classes
2024-10-31 11:46:03,808 [Worker-29: Building] INFO  o.a.m.s.f.DefaultMavenResourcesFiltering - Copying 0 resource from src/main/resources to target/classes
2024-10-31 11:46:03,809 [Worker-29: Building] INFO  o.a.m.s.f.DefaultMavenResourcesFiltering - skip non existing resourceDirectory /Users/bubul/Documents/workspace-spring-tool-suite-4-4.25.0.RELEASE/trello/trello-user-service/src/test/resources
2024-10-31 11:46:32,756 [Worker-35: Building] INFO  o.a.m.s.f.DefaultMavenResourcesFiltering - Copying 1 resource from src/main/resources to target/classes
2024-10-31 11:46:32,760 [Worker-35: Building] INFO  o.a.m.s.f.DefaultMavenResourcesFiltering - Copying 0 resource from src/main/resources to target/classes
2024-10-31 11:46:32,762 [Worker-35: Building] INFO  o.a.m.s.f.DefaultMavenResourcesFiltering - skip non existing resourceDirectory /Users/bubul/Documents/workspace-spring-tool-suite-4-4.25.0.RELEASE/trello/trello-user-service/src/test/resources
2024-10-31 11:50:09,405 [Worker-35: Building] INFO  o.a.m.s.f.DefaultMavenResourcesFiltering - Copying 1 resource from src/main/resources to target/classes
2024-10-31 11:50:09,434 [Worker-35: Building] INFO  o.a.m.s.f.DefaultMavenResourcesFiltering - Copying 0 resource from src/main/resources to target/classes
2024-10-31 11:50:09,436 [Worker-35: Building] INFO  o.a.m.s.f.DefaultMavenResourcesFiltering - skip non existing resourceDirectory /Users/bubul/Documents/workspace-spring-tool-suite-4-4.25.0.RELEASE/trello/trello-user-service/src/test/resources
2024-10-31 11:50:36,984 [Worker-32: Building] INFO  o.a.m.s.f.DefaultMavenResourcesFiltering - Copying 1 resource from src/main/resources to target/classes
2024-10-31 11:50:36,991 [Worker-32: Building] INFO  o.a.m.s.f.DefaultMavenResourcesFiltering - Copying 0 resource from src/main/resources to target/classes
2024-10-31 11:50:36,993 [Worker-32: Building] INFO  o.a.m.s.f.DefaultMavenResourcesFiltering - skip non existing resourceDirectory /Users/bubul/Documents/workspace-spring-tool-suite-4-4.25.0.RELEASE/trello/trello-user-service/src/test/resources
2024-10-31 11:50:51,837 [Worker-34: Building] INFO  o.a.m.s.f.DefaultMavenResourcesFiltering - Copying 1 resource from src/main/resources to target/classes
2024-10-31 11:50:51,844 [Worker-34: Building] INFO  o.a.m.s.f.DefaultMavenResourcesFiltering - Copying 0 resource from src/main/resources to target/classes
2024-10-31 11:50:51,845 [Worker-34: Building] INFO  o.a.m.s.f.DefaultMavenResourcesFiltering - skip non existing resourceDirectory /Users/bubul/Documents/workspace-spring-tool-suite-4-4.25.0.RELEASE/trello/trello-user-service/src/test/resources
2024-10-31 11:54:36,535 [Worker-38: Building] INFO  o.a.m.s.f.DefaultMavenResourcesFiltering - Copying 1 resource from src/main/resources to target/classes
2024-10-31 11:54:36,539 [Worker-38: Building] INFO  o.a.m.s.f.DefaultMavenResourcesFiltering - Copying 0 resource from src/main/resources to target/classes
2024-10-31 11:54:36,541 [Worker-38: Building] INFO  o.a.m.s.f.DefaultMavenResourcesFiltering - skip non existing resourceDirectory /Users/bubul/Documents/workspace-spring-tool-suite-4-4.25.0.RELEASE/trello/trello-user-service/src/test/resources
2024-10-31 11:54:52,851 [Worker-34: Building] INFO  o.a.m.s.f.DefaultMavenResourcesFiltering - Copying 1 resource from src/main/resources to target/classes
2024-10-31 11:54:52,855 [Worker-34: Building] INFO  o.a.m.s.f.DefaultMavenResourcesFiltering - Copying 0 resource from src/main/resources to target/classes
2024-10-31 11:54:52,856 [Worker-34: Building] INFO  o.a.m.s.f.DefaultMavenResourcesFiltering - skip non existing resourceDirectory /Users/bubul/Documents/workspace-spring-tool-suite-4-4.25.0.RELEASE/trello/trello-user-service/src/test/resources
2024-10-31 11:55:25,747 [Worker-34: Building] INFO  o.a.m.s.f.DefaultMavenResourcesFiltering - Copying 1 resource from src/main/resources to target/classes
2024-10-31 11:55:25,752 [Worker-34: Building] INFO  o.a.m.s.f.DefaultMavenResourcesFiltering - Copying 0 resource from src/main/resources to target/classes
2024-10-31 11:55:25,754 [Worker-34: Building] INFO  o.a.m.s.f.DefaultMavenResourcesFiltering - skip non existing resourceDirectory /Users/bubul/Documents/workspace-spring-tool-suite-4-4.25.0.RELEASE/trello/trello-user-service/src/test/resources
2024-10-31 11:55:43,411 [Worker-40: Building] INFO  o.a.m.s.f.DefaultMavenResourcesFiltering - Copying 1 resource from src/main/resources to target/classes
2024-10-31 11:55:43,416 [Worker-40: Building] INFO  o.a.m.s.f.DefaultMavenResourcesFiltering - Copying 0 resource from src/main/resources to target/classes
2024-10-31 11:55:43,417 [Worker-40: Building] INFO  o.a.m.s.f.DefaultMavenResourcesFiltering - skip non existing resourceDirectory /Users/bubul/Documents/workspace-spring-tool-suite-4-4.25.0.RELEASE/trello/trello-user-service/src/test/resources
2024-10-31 11:58:54,199 [Worker-42: Building] INFO  o.e.m.c.i.l.LifecycleMappingFactory - Using org.eclipse.m2e.jdt.JarLifecycleMapping lifecycle mapping for MavenProject: com.trello:trello-user-service:0.0.1-SNAPSHOT @ /Users/bubul/Documents/workspace-spring-tool-suite-4-4.25.0.RELEASE/trello/trello-user-service/pom.xml.
2024-10-31 11:58:54,480 [Worker-42: Building] INFO  o.a.m.s.f.DefaultMavenResourcesFiltering - Copying 0 resource from src/main/resources to target/classes
2024-10-31 11:58:54,480 [Worker-42: Building] INFO  o.a.m.s.f.DefaultMavenResourcesFiltering - Copying 0 resource from src/main/resources to target/classes
2024-10-31 11:58:54,483 [Worker-42: Building] INFO  o.a.m.s.f.DefaultMavenResourcesFiltering - skip non existing resourceDirectory /Users/bubul/Documents/workspace-spring-tool-suite-4-4.25.0.RELEASE/trello/trello-user-service/src/test/resources
2024-10-31 11:58:55,655 [Worker-42: Building] INFO  o.a.m.s.f.DefaultMavenResourcesFiltering - Copying 1 resource from src/main/resources to target/classes
2024-10-31 11:58:55,662 [Worker-42: Building] INFO  o.a.m.s.f.DefaultMavenResourcesFiltering - Copying 0 resource from src/main/resources to target/classes
2024-10-31 11:58:55,664 [Worker-42: Building] INFO  o.a.m.s.f.DefaultMavenResourcesFiltering - skip non existing resourceDirectory /Users/bubul/Documents/workspace-spring-tool-suite-4-4.25.0.RELEASE/trello/trello-user-service/src/test/resources
2024-10-31 11:59:10,171 [Worker-47: Building] INFO  o.a.m.s.f.DefaultMavenResourcesFiltering - Copying 1 resource from src/main/resources to target/classes
2024-10-31 11:59:10,174 [Worker-47: Building] INFO  o.a.m.s.f.DefaultMavenResourcesFiltering - Copying 0 resource from src/main/resources to target/classes
2024-10-31 11:59:10,175 [Worker-47: Building] INFO  o.a.m.s.f.DefaultMavenResourcesFiltering - skip non existing resourceDirectory /Users/bubul/Documents/workspace-spring-tool-suite-4-4.25.0.RELEASE/trello/trello-user-service/src/test/resources
2024-10-31 12:01:38,517 [Worker-48: Building] INFO  o.a.m.s.f.DefaultMavenResourcesFiltering - Copying 1 resource from src/main/resources to target/classes
2024-10-31 12:01:38,525 [Worker-48: Building] INFO  o.a.m.s.f.DefaultMavenResourcesFiltering - Copying 0 resource from src/main/resources to target/classes
2024-10-31 12:01:38,527 [Worker-48: Building] INFO  o.a.m.s.f.DefaultMavenResourcesFiltering - skip non existing resourceDirectory /Users/bubul/Documents/workspace-spring-tool-suite-4-4.25.0.RELEASE/trello/trello-user-service/src/test/resources
2024-10-31 12:01:52,966 [Worker-45: Building] INFO  o.a.m.s.f.DefaultMavenResourcesFiltering - Copying 1 resource from src/main/resources to target/classes
2024-10-31 12:01:52,974 [Worker-45: Building] INFO  o.a.m.s.f.DefaultMavenResourcesFiltering - Copying 0 resource from src/main/resources to target/classes
2024-10-31 12:01:52,976 [Worker-45: Building] INFO  o.a.m.s.f.DefaultMavenResourcesFiltering - skip non existing resourceDirectory /Users/bubul/Documents/workspace-spring-tool-suite-4-4.25.0.RELEASE/trello/trello-user-service/src/test/resources
2024-10-31 12:02:23,184 [Worker-50: Building] INFO  o.a.m.s.f.DefaultMavenResourcesFiltering - Copying 1 resource from src/main/resources to target/classes
2024-10-31 12:02:23,191 [Worker-50: Building] INFO  o.a.m.s.f.DefaultMavenResourcesFiltering - Copying 0 resource from src/main/resources to target/classes
2024-10-31 12:02:23,192 [Worker-50: Building] INFO  o.a.m.s.f.DefaultMavenResourcesFiltering - skip non existing resourceDirectory /Users/bubul/Documents/workspace-spring-tool-suite-4-4.25.0.RELEASE/trello/trello-user-service/src/test/resources
2024-10-31 12:02:32,256 [Worker-50: Building] INFO  o.a.m.s.f.DefaultMavenResourcesFiltering - Copying 1 resource from src/main/resources to target/classes
2024-10-31 12:02:32,262 [Worker-50: Building] INFO  o.a.m.s.f.DefaultMavenResourcesFiltering - Copying 0 resource from src/main/resources to target/classes
2024-10-31 12:02:32,264 [Worker-50: Building] INFO  o.a.m.s.f.DefaultMavenResourcesFiltering - skip non existing resourceDirectory /Users/bubul/Documents/workspace-spring-tool-suite-4-4.25.0.RELEASE/trello/trello-user-service/src/test/resources
2024-10-31 12:03:15,977 [Worker-48: Building] INFO  o.a.m.s.f.DefaultMavenResourcesFiltering - Copying 1 resource from src/main/resources to target/classes
2024-10-31 12:03:15,995 [Worker-48: Building] INFO  o.a.m.s.f.DefaultMavenResourcesFiltering - Copying 0 resource from src/main/resources to target/classes
2024-10-31 12:03:15,997 [Worker-48: Building] INFO  o.a.m.s.f.DefaultMavenResourcesFiltering - skip non existing resourceDirectory /Users/bubul/Documents/workspace-spring-tool-suite-4-4.25.0.RELEASE/trello/trello-user-service/src/test/resources
2024-10-31 12:04:00,869 [Worker-48: Building] INFO  o.a.m.s.f.DefaultMavenResourcesFiltering - Copying 1 resource from src/main/resources to target/classes
2024-10-31 12:04:00,874 [Worker-48: Building] INFO  o.a.m.s.f.DefaultMavenResourcesFiltering - Copying 0 resource from src/main/resources to target/classes
2024-10-31 12:04:00,876 [Worker-48: Building] INFO  o.a.m.s.f.DefaultMavenResourcesFiltering - skip non existing resourceDirectory /Users/bubul/Documents/workspace-spring-tool-suite-4-4.25.0.RELEASE/trello/trello-user-service/src/test/resources
2024-10-31 12:05:04,059 [Worker-51: Launching trello-user-service - TrelloUserServiceApplication] INFO  o.a.m.s.f.DefaultMavenResourcesFiltering - Copying 1 resource from src/main/resources to target/classes
2024-10-31 12:05:04,061 [Worker-51: Launching trello-user-service - TrelloUserServiceApplication] INFO  o.a.m.s.f.DefaultMavenResourcesFiltering - Copying 0 resource from src/main/resources to target/classes
2024-10-31 12:05:04,064 [Worker-51: Launching trello-user-service - TrelloUserServiceApplication] INFO  o.a.m.s.f.DefaultMavenResourcesFiltering - skip non existing resourceDirectory /Users/bubul/Documents/workspace-spring-tool-suite-4-4.25.0.RELEASE/trello/trello-user-service/src/test/resources
2024-10-31 12:06:08,293 [Worker-50: Building] INFO  o.a.m.s.f.DefaultMavenResourcesFiltering - Copying 1 resource from src/main/resources to target/classes
2024-10-31 12:06:08,296 [Worker-50: Building] INFO  o.a.m.s.f.DefaultMavenResourcesFiltering - Copying 0 resource from src/main/resources to target/classes
2024-10-31 12:06:08,298 [Worker-50: Building] INFO  o.a.m.s.f.DefaultMavenResourcesFiltering - skip non existing resourceDirectory /Users/bubul/Documents/workspace-spring-tool-suite-4-4.25.0.RELEASE/trello/trello-user-service/src/test/resources
2024-10-31 12:08:36,777 [Worker-56: Building] INFO  o.a.m.s.f.DefaultMavenResourcesFiltering - Copying 1 resource from src/main/resources to target/classes
2024-10-31 12:08:36,785 [Worker-56: Building] INFO  o.a.m.s.f.DefaultMavenResourcesFiltering - Copying 0 resource from src/main/resources to target/classes
2024-10-31 12:08:36,786 [Worker-56: Building] INFO  o.a.m.s.f.DefaultMavenResourcesFiltering - skip non existing resourceDirectory /Users/bubul/Documents/workspace-spring-tool-suite-4-4.25.0.RELEASE/trello/trello-user-service/src/test/resources
2024-10-31 12:08:51,944 [Worker-57: Building] INFO  o.a.m.s.f.DefaultMavenResourcesFiltering - Copying 1 resource from src/main/resources to target/classes
2024-10-31 12:08:51,948 [Worker-57: Building] INFO  o.a.m.s.f.DefaultMavenResourcesFiltering - Copying 0 resource from src/main/resources to target/classes
2024-10-31 12:08:51,949 [Worker-57: Building] INFO  o.a.m.s.f.DefaultMavenResourcesFiltering - skip non existing resourceDirectory /Users/bubul/Documents/workspace-spring-tool-suite-4-4.25.0.RELEASE/trello/trello-user-service/src/test/resources
2024-10-31 12:09:54,339 [Worker-48: Building] INFO  o.a.m.s.f.DefaultMavenResourcesFiltering - Copying 1 resource from src/main/resources to target/classes
2024-10-31 12:09:54,344 [Worker-48: Building] INFO  o.a.m.s.f.DefaultMavenResourcesFiltering - Copying 0 resource from src/main/resources to target/classes
2024-10-31 12:09:54,345 [Worker-48: Building] INFO  o.a.m.s.f.DefaultMavenResourcesFiltering - skip non existing resourceDirectory /Users/bubul/Documents/workspace-spring-tool-suite-4-4.25.0.RELEASE/trello/trello-user-service/src/test/resources
2024-10-31 12:11:27,751 [Worker-56: Building] INFO  o.a.m.s.f.DefaultMavenResourcesFiltering - Copying 1 resource from src/main/resources to target/classes
2024-10-31 12:11:27,794 [Worker-56: Building] INFO  o.a.m.s.f.DefaultMavenResourcesFiltering - Copying 0 resource from src/main/resources to target/classes
2024-10-31 12:11:27,797 [Worker-56: Building] INFO  o.a.m.s.f.DefaultMavenResourcesFiltering - skip non existing resourceDirectory /Users/bubul/Documents/workspace-spring-tool-suite-4-4.25.0.RELEASE/trello/trello-user-service/src/test/resources
2024-10-31 12:14:44,107 [Worker-61: Building] INFO  o.a.m.s.f.DefaultMavenResourcesFiltering - Copying 1 resource from src/main/resources to target/classes
2024-10-31 12:14:44,112 [Worker-61: Building] INFO  o.a.m.s.f.DefaultMavenResourcesFiltering - Copying 0 resource from src/main/resources to target/classes
2024-10-31 12:14:44,114 [Worker-61: Building] INFO  o.a.m.s.f.DefaultMavenResourcesFiltering - skip non existing resourceDirectory /Users/bubul/Documents/workspace-spring-tool-suite-4-4.25.0.RELEASE/trello/trello-user-service/src/test/resources
2024-10-31 12:15:20,168 [Worker-56: Building] INFO  o.a.m.s.f.DefaultMavenResourcesFiltering - Copying 1 resource from src/main/resources to target/classes
2024-10-31 12:15:20,176 [Worker-56: Building] INFO  o.a.m.s.f.DefaultMavenResourcesFiltering - Copying 0 resource from src/main/resources to target/classes
2024-10-31 12:15:20,177 [Worker-56: Building] INFO  o.a.m.s.f.DefaultMavenResourcesFiltering - skip non existing resourceDirectory /Users/bubul/Documents/workspace-spring-tool-suite-4-4.25.0.RELEASE/trello/trello-user-service/src/test/resources
2024-10-31 12:20:00,241 [Worker-63: Building] INFO  o.a.m.s.f.DefaultMavenResourcesFiltering - Copying 1 resource from src/main/resources to target/classes
2024-10-31 12:20:00,252 [Worker-63: Building] INFO  o.a.m.s.f.DefaultMavenResourcesFiltering - Copying 0 resource from src/main/resources to target/classes
2024-10-31 12:20:00,254 [Worker-63: Building] INFO  o.a.m.s.f.DefaultMavenResourcesFiltering - skip non existing resourceDirectory /Users/bubul/Documents/workspace-spring-tool-suite-4-4.25.0.RELEASE/trello/trello-user-service/src/test/resources
2024-10-31 12:20:56,393 [Worker-64: Building] INFO  o.a.m.s.f.DefaultMavenResourcesFiltering - Copying 1 resource from src/main/resources to target/classes
2024-10-31 12:20:56,397 [Worker-64: Building] INFO  o.a.m.s.f.DefaultMavenResourcesFiltering - Copying 0 resource from src/main/resources to target/classes
2024-10-31 12:20:56,403 [Worker-64: Building] INFO  o.a.m.s.f.DefaultMavenResourcesFiltering - skip non existing resourceDirectory /Users/bubul/Documents/workspace-spring-tool-suite-4-4.25.0.RELEASE/trello/trello-user-service/src/test/resources
2024-10-31 12:21:26,810 [Worker-69: Building] INFO  o.a.m.s.f.DefaultMavenResourcesFiltering - Copying 1 resource from src/main/resources to target/classes
2024-10-31 12:21:26,814 [Worker-69: Building] INFO  o.a.m.s.f.DefaultMavenResourcesFiltering - Copying 0 resource from src/main/resources to target/classes
2024-10-31 12:21:26,816 [Worker-69: Building] INFO  o.a.m.s.f.DefaultMavenResourcesFiltering - skip non existing resourceDirectory /Users/bubul/Documents/workspace-spring-tool-suite-4-4.25.0.RELEASE/trello/trello-user-service/src/test/resources
2024-10-31 12:21:34,155 [Worker-70: Building] INFO  o.a.m.s.f.DefaultMavenResourcesFiltering - Copying 1 resource from src/main/resources to target/classes
2024-10-31 12:21:34,158 [Worker-70: Building] INFO  o.a.m.s.f.DefaultMavenResourcesFiltering - Copying 0 resource from src/main/resources to target/classes
2024-10-31 12:21:34,160 [Worker-70: Building] INFO  o.a.m.s.f.DefaultMavenResourcesFiltering - skip non existing resourceDirectory /Users/bubul/Documents/workspace-spring-tool-suite-4-4.25.0.RELEASE/trello/trello-user-service/src/test/resources
2024-10-31 12:24:19,604 [Worker-73: Building] INFO  o.a.m.s.f.DefaultMavenResourcesFiltering - Copying 1 resource from src/main/resources to target/classes
2024-10-31 12:24:19,610 [Worker-73: Building] INFO  o.a.m.s.f.DefaultMavenResourcesFiltering - Copying 0 resource from src/main/resources to target/classes
2024-10-31 12:24:19,611 [Worker-73: Building] INFO  o.a.m.s.f.DefaultMavenResourcesFiltering - skip non existing resourceDirectory /Users/bubul/Documents/workspace-spring-tool-suite-4-4.25.0.RELEASE/trello/trello-user-service/src/test/resources
2024-10-31 12:24:40,709 [Worker-73: Building] INFO  o.a.m.s.f.DefaultMavenResourcesFiltering - Copying 1 resource from src/main/resources to target/classes
2024-10-31 12:24:40,712 [Worker-73: Building] INFO  o.a.m.s.f.DefaultMavenResourcesFiltering - Copying 0 resource from src/main/resources to target/classes
2024-10-31 12:24:40,713 [Worker-73: Building] INFO  o.a.m.s.f.DefaultMavenResourcesFiltering - skip non existing resourceDirectory /Users/bubul/Documents/workspace-spring-tool-suite-4-4.25.0.RELEASE/trello/trello-user-service/src/test/resources
2024-10-31 12:24:54,784 [Worker-68: Building] INFO  o.a.m.s.f.DefaultMavenResourcesFiltering - Copying 1 resource from src/main/resources to target/classes
2024-10-31 12:24:54,788 [Worker-68: Building] INFO  o.a.m.s.f.DefaultMavenResourcesFiltering - Copying 0 resource from src/main/resources to target/classes
2024-10-31 12:24:54,790 [Worker-68: Building] INFO  o.a.m.s.f.DefaultMavenResourcesFiltering - skip non existing resourceDirectory /Users/bubul/Documents/workspace-spring-tool-suite-4-4.25.0.RELEASE/trello/trello-user-service/src/test/resources
2024-10-31 12:26:54,753 [Worker-71: Building] INFO  o.a.m.s.f.DefaultMavenResourcesFiltering - Copying 1 resource from src/main/resources to target/classes
2024-10-31 12:26:54,759 [Worker-71: Building] INFO  o.a.m.s.f.DefaultMavenResourcesFiltering - Copying 0 resource from src/main/resources to target/classes
2024-10-31 12:26:54,760 [Worker-71: Building] INFO  o.a.m.s.f.DefaultMavenResourcesFiltering - skip non existing resourceDirectory /Users/bubul/Documents/workspace-spring-tool-suite-4-4.25.0.RELEASE/trello/trello-user-service/src/test/resources
2024-10-31 16:06:13,041 [Worker-78: Building] INFO  o.a.m.s.f.DefaultMavenResourcesFiltering - Copying 1 resource from src/main/resources to target/classes
2024-10-31 16:06:13,048 [Worker-78: Building] INFO  o.a.m.s.f.DefaultMavenResourcesFiltering - Copying 0 resource from src/main/resources to target/classes
2024-10-31 16:06:13,050 [Worker-78: Building] INFO  o.a.m.s.f.DefaultMavenResourcesFiltering - skip non existing resourceDirectory /Users/bubul/Documents/workspace-spring-tool-suite-4-4.25.0.RELEASE/trello/trello-user-service/src/test/resources
2024-10-31 16:06:43,340 [Worker-93: Building] INFO  o.a.m.s.f.DefaultMavenResourcesFiltering - Copying 1 resource from src/main/resources to target/classes
2024-10-31 16:06:43,346 [Worker-93: Building] INFO  o.a.m.s.f.DefaultMavenResourcesFiltering - Copying 0 resource from src/main/resources to target/classes
2024-10-31 16:06:43,348 [Worker-93: Building] INFO  o.a.m.s.f.DefaultMavenResourcesFiltering - skip non existing resourceDirectory /Users/bubul/Documents/workspace-spring-tool-suite-4-4.25.0.RELEASE/trello/trello-user-service/src/test/resources
2024-10-31 16:07:35,952 [Worker-78: Building] INFO  o.a.m.s.f.DefaultMavenResourcesFiltering - Copying 1 resource from src/main/resources to target/classes
2024-10-31 16:07:35,956 [Worker-78: Building] INFO  o.a.m.s.f.DefaultMavenResourcesFiltering - Copying 0 resource from src/main/resources to target/classes
2024-10-31 16:07:35,959 [Worker-78: Building] INFO  o.a.m.s.f.DefaultMavenResourcesFiltering - skip non existing resourceDirectory /Users/bubul/Documents/workspace-spring-tool-suite-4-4.25.0.RELEASE/trello/trello-user-service/src/test/resources
2024-10-31 16:08:06,102 [Worker-93: Building] INFO  o.a.m.s.f.DefaultMavenResourcesFiltering - Copying 1 resource from src/main/resources to target/classes
2024-10-31 16:08:06,107 [Worker-93: Building] INFO  o.a.m.s.f.DefaultMavenResourcesFiltering - Copying 0 resource from src/main/resources to target/classes
2024-10-31 16:08:06,109 [Worker-93: Building] INFO  o.a.m.s.f.DefaultMavenResourcesFiltering - skip non existing resourceDirectory /Users/bubul/Documents/workspace-spring-tool-suite-4-4.25.0.RELEASE/trello/trello-user-service/src/test/resources
2024-10-31 18:29:45,858 [Worker-101: Building] INFO  o.a.m.s.f.DefaultMavenResourcesFiltering - Copying 1 resource from src/main/resources to target/classes
2024-10-31 18:29:45,864 [Worker-101: Building] INFO  o.a.m.s.f.DefaultMavenResourcesFiltering - Copying 0 resource from src/main/resources to target/classes
2024-10-31 18:29:45,866 [Worker-101: Building] INFO  o.a.m.s.f.DefaultMavenResourcesFiltering - skip non existing resourceDirectory /Users/bubul/Documents/workspace-spring-tool-suite-4-4.25.0.RELEASE/trello/trello-user-service/src/test/resources
2024-10-31 18:29:57,747 [Worker-101: Building] INFO  o.a.m.s.f.DefaultMavenResourcesFiltering - Copying 1 resource from src/main/resources to target/classes
2024-10-31 18:29:57,751 [Worker-101: Building] INFO  o.a.m.s.f.DefaultMavenResourcesFiltering - Copying 0 resource from src/main/resources to target/classes
2024-10-31 18:29:57,753 [Worker-101: Building] INFO  o.a.m.s.f.DefaultMavenResourcesFiltering - skip non existing resourceDirectory /Users/bubul/Documents/workspace-spring-tool-suite-4-4.25.0.RELEASE/trello/trello-user-service/src/test/resources
2024-10-31 18:30:20,694 [Worker-101: Building] INFO  o.a.m.s.f.DefaultMavenResourcesFiltering - Copying 1 resource from src/main/resources to target/classes
2024-10-31 18:30:20,701 [Worker-101: Building] INFO  o.a.m.s.f.DefaultMavenResourcesFiltering - Copying 0 resource from src/main/resources to target/classes
2024-10-31 18:30:20,704 [Worker-101: Building] INFO  o.a.m.s.f.DefaultMavenResourcesFiltering - skip non existing resourceDirectory /Users/bubul/Documents/workspace-spring-tool-suite-4-4.25.0.RELEASE/trello/trello-user-service/src/test/resources
2024-10-31 18:38:39,469 [Worker-101: Building] INFO  o.a.m.s.f.DefaultMavenResourcesFiltering - Copying 1 resource from src/main/resources to target/classes
2024-10-31 18:38:39,475 [Worker-101: Building] INFO  o.a.m.s.f.DefaultMavenResourcesFiltering - Copying 0 resource from src/main/resources to target/classes
2024-10-31 18:38:39,476 [Worker-101: Building] INFO  o.a.m.s.f.DefaultMavenResourcesFiltering - skip non existing resourceDirectory /Users/bubul/Documents/workspace-spring-tool-suite-4-4.25.0.RELEASE/trello/trello-user-service/src/test/resources
2024-10-31 18:38:55,636 [Worker-105: Building] INFO  o.a.m.s.f.DefaultMavenResourcesFiltering - Copying 1 resource from src/main/resources to target/classes
2024-10-31 18:38:55,640 [Worker-105: Building] INFO  o.a.m.s.f.DefaultMavenResourcesFiltering - Copying 0 resource from src/main/resources to target/classes
2024-10-31 18:38:55,642 [Worker-105: Building] INFO  o.a.m.s.f.DefaultMavenResourcesFiltering - skip non existing resourceDirectory /Users/bubul/Documents/workspace-spring-tool-suite-4-4.25.0.RELEASE/trello/trello-user-service/src/test/resources
2024-10-31 18:39:16,090 [Worker-105: Building] INFO  o.a.m.s.f.DefaultMavenResourcesFiltering - Copying 1 resource from src/main/resources to target/classes
2024-10-31 18:39:16,099 [Worker-105: Building] INFO  o.a.m.s.f.DefaultMavenResourcesFiltering - Copying 0 resource from src/main/resources to target/classes
2024-10-31 18:39:16,101 [Worker-105: Building] INFO  o.a.m.s.f.DefaultMavenResourcesFiltering - skip non existing resourceDirectory /Users/bubul/Documents/workspace-spring-tool-suite-4-4.25.0.RELEASE/trello/trello-user-service/src/test/resources
2024-10-31 18:39:36,853 [Worker-101: Building] INFO  o.a.m.s.f.DefaultMavenResourcesFiltering - Copying 1 resource from src/main/resources to target/classes
2024-10-31 18:39:36,856 [Worker-101: Building] INFO  o.a.m.s.f.DefaultMavenResourcesFiltering - Copying 0 resource from src/main/resources to target/classes
2024-10-31 18:39:36,858 [Worker-101: Building] INFO  o.a.m.s.f.DefaultMavenResourcesFiltering - skip non existing resourceDirectory /Users/bubul/Documents/workspace-spring-tool-suite-4-4.25.0.RELEASE/trello/trello-user-service/src/test/resources
2024-10-31 18:40:52,323 [Worker-102: Building] INFO  o.a.m.s.f.DefaultMavenResourcesFiltering - Copying 1 resource from src/main/resources to target/classes
2024-10-31 18:40:52,325 [Worker-102: Building] INFO  o.a.m.s.f.DefaultMavenResourcesFiltering - Copying 0 resource from src/main/resources to target/classes
2024-10-31 18:40:52,327 [Worker-102: Building] INFO  o.a.m.s.f.DefaultMavenResourcesFiltering - skip non existing resourceDirectory /Users/bubul/Documents/workspace-spring-tool-suite-4-4.25.0.RELEASE/trello/trello-user-service/src/test/resources
2024-10-31 18:43:26,723 [Worker-105: Building] INFO  o.a.m.s.f.DefaultMavenResourcesFiltering - Copying 1 resource from src/main/resources to target/classes
2024-10-31 18:43:26,727 [Worker-105: Building] INFO  o.a.m.s.f.DefaultMavenResourcesFiltering - Copying 0 resource from src/main/resources to target/classes
2024-10-31 18:43:26,728 [Worker-105: Building] INFO  o.a.m.s.f.DefaultMavenResourcesFiltering - skip non existing resourceDirectory /Users/bubul/Documents/workspace-spring-tool-suite-4-4.25.0.RELEASE/trello/trello-user-service/src/test/resources
2024-10-31 18:45:13,598 [Worker-108: Building] INFO  o.a.m.s.f.DefaultMavenResourcesFiltering - Copying 1 resource from src/main/resources to target/classes
2024-10-31 18:45:13,604 [Worker-108: Building] INFO  o.a.m.s.f.DefaultMavenResourcesFiltering - Copying 0 resource from src/main/resources to target/classes
2024-10-31 18:45:13,605 [Worker-108: Building] INFO  o.a.m.s.f.DefaultMavenResourcesFiltering - skip non existing resourceDirectory /Users/bubul/Documents/workspace-spring-tool-suite-4-4.25.0.RELEASE/trello/trello-user-service/src/test/resources
2024-10-31 18:45:53,293 [Worker-104: Building] INFO  o.a.m.s.f.DefaultMavenResourcesFiltering - Copying 1 resource from src/main/resources to target/classes
2024-10-31 18:45:53,300 [Worker-104: Building] INFO  o.a.m.s.f.DefaultMavenResourcesFiltering - Copying 0 resource from src/main/resources to target/classes
2024-10-31 18:45:53,301 [Worker-104: Building] INFO  o.a.m.s.f.DefaultMavenResourcesFiltering - skip non existing resourceDirectory /Users/bubul/Documents/workspace-spring-tool-suite-4-4.25.0.RELEASE/trello/trello-user-service/src/test/resources
2024-10-31 18:46:08,329 [Worker-102: Building] INFO  o.a.m.s.f.DefaultMavenResourcesFiltering - Copying 1 resource from src/main/resources to target/classes
2024-10-31 18:46:08,333 [Worker-102: Building] INFO  o.a.m.s.f.DefaultMavenResourcesFiltering - Copying 0 resource from src/main/resources to target/classes
2024-10-31 18:46:08,335 [Worker-102: Building] INFO  o.a.m.s.f.DefaultMavenResourcesFiltering - skip non existing resourceDirectory /Users/bubul/Documents/workspace-spring-tool-suite-4-4.25.0.RELEASE/trello/trello-user-service/src/test/resources
2024-10-31 18:46:28,978 [Worker-109: Building] INFO  o.a.m.s.f.DefaultMavenResourcesFiltering - Copying 1 resource from src/main/resources to target/classes
2024-10-31 18:46:28,983 [Worker-109: Building] INFO  o.a.m.s.f.DefaultMavenResourcesFiltering - Copying 0 resource from src/main/resources to target/classes
2024-10-31 18:46:28,985 [Worker-109: Building] INFO  o.a.m.s.f.DefaultMavenResourcesFiltering - skip non existing resourceDirectory /Users/bubul/Documents/workspace-spring-tool-suite-4-4.25.0.RELEASE/trello/trello-user-service/src/test/resources
2024-10-31 18:46:40,581 [Worker-111: Building] INFO  o.a.m.s.f.DefaultMavenResourcesFiltering - Copying 1 resource from src/main/resources to target/classes
2024-10-31 18:46:40,586 [Worker-111: Building] INFO  o.a.m.s.f.DefaultMavenResourcesFiltering - Copying 0 resource from src/main/resources to target/classes
2024-10-31 18:46:40,589 [Worker-111: Building] INFO  o.a.m.s.f.DefaultMavenResourcesFiltering - skip non existing resourceDirectory /Users/bubul/Documents/workspace-spring-tool-suite-4-4.25.0.RELEASE/trello/trello-user-service/src/test/resources
2024-10-31 18:46:50,095 [Worker-111: Building] INFO  o.a.m.s.f.DefaultMavenResourcesFiltering - Copying 1 resource from src/main/resources to target/classes
2024-10-31 18:46:50,098 [Worker-111: Building] INFO  o.a.m.s.f.DefaultMavenResourcesFiltering - Copying 0 resource from src/main/resources to target/classes
2024-10-31 18:46:50,099 [Worker-111: Building] INFO  o.a.m.s.f.DefaultMavenResourcesFiltering - skip non existing resourceDirectory /Users/bubul/Documents/workspace-spring-tool-suite-4-4.25.0.RELEASE/trello/trello-user-service/src/test/resources
2024-10-31 18:47:25,794 [Worker-110: Building] INFO  o.a.m.s.f.DefaultMavenResourcesFiltering - Copying 1 resource from src/main/resources to target/classes
2024-10-31 18:47:25,799 [Worker-110: Building] INFO  o.a.m.s.f.DefaultMavenResourcesFiltering - Copying 0 resource from src/main/resources to target/classes
2024-10-31 18:47:25,801 [Worker-110: Building] INFO  o.a.m.s.f.DefaultMavenResourcesFiltering - skip non existing resourceDirectory /Users/bubul/Documents/workspace-spring-tool-suite-4-4.25.0.RELEASE/trello/trello-user-service/src/test/resources
2024-10-31 18:47:30,591 [Worker-107: Building] INFO  o.a.m.s.f.DefaultMavenResourcesFiltering - Copying 1 resource from src/main/resources to target/classes
2024-10-31 18:47:30,607 [Worker-107: Building] INFO  o.a.m.s.f.DefaultMavenResourcesFiltering - Copying 0 resource from src/main/resources to target/classes
2024-10-31 18:47:30,610 [Worker-107: Building] INFO  o.a.m.s.f.DefaultMavenResourcesFiltering - skip non existing resourceDirectory /Users/bubul/Documents/workspace-spring-tool-suite-4-4.25.0.RELEASE/trello/trello-user-service/src/test/resources
2024-10-31 18:48:29,563 [Worker-107: Building] INFO  o.a.m.s.f.DefaultMavenResourcesFiltering - Copying 1 resource from src/main/resources to target/classes
2024-10-31 18:48:29,567 [Worker-107: Building] INFO  o.a.m.s.f.DefaultMavenResourcesFiltering - Copying 0 resource from src/main/resources to target/classes
2024-10-31 18:48:29,570 [Worker-107: Building] INFO  o.a.m.s.f.DefaultMavenResourcesFiltering - skip non existing resourceDirectory /Users/bubul/Documents/workspace-spring-tool-suite-4-4.25.0.RELEASE/trello/trello-user-service/src/test/resources
2024-10-31 18:48:39,499 [Worker-107: Building] INFO  o.a.m.s.f.DefaultMavenResourcesFiltering - Copying 1 resource from src/main/resources to target/classes
2024-10-31 18:48:39,504 [Worker-107: Building] INFO  o.a.m.s.f.DefaultMavenResourcesFiltering - Copying 0 resource from src/main/resources to target/classes
2024-10-31 18:48:39,506 [Worker-107: Building] INFO  o.a.m.s.f.DefaultMavenResourcesFiltering - skip non existing resourceDirectory /Users/bubul/Documents/workspace-spring-tool-suite-4-4.25.0.RELEASE/trello/trello-user-service/src/test/resources
2024-10-31 18:49:16,568 [Worker-109: Building] INFO  o.a.m.s.f.DefaultMavenResourcesFiltering - Copying 1 resource from src/main/resources to target/classes
2024-10-31 18:49:16,573 [Worker-109: Building] INFO  o.a.m.s.f.DefaultMavenResourcesFiltering - Copying 0 resource from src/main/resources to target/classes
2024-10-31 18:49:16,574 [Worker-109: Building] INFO  o.a.m.s.f.DefaultMavenResourcesFiltering - skip non existing resourceDirectory /Users/bubul/Documents/workspace-spring-tool-suite-4-4.25.0.RELEASE/trello/trello-user-service/src/test/resources
2024-10-31 18:49:55,393 [Worker-102: Building] INFO  o.a.m.s.f.DefaultMavenResourcesFiltering - Copying 1 resource from src/main/resources to target/classes
2024-10-31 18:49:55,397 [Worker-102: Building] INFO  o.a.m.s.f.DefaultMavenResourcesFiltering - Copying 0 resource from src/main/resources to target/classes
2024-10-31 18:49:55,398 [Worker-102: Building] INFO  o.a.m.s.f.DefaultMavenResourcesFiltering - skip non existing resourceDirectory /Users/bubul/Documents/workspace-spring-tool-suite-4-4.25.0.RELEASE/trello/trello-user-service/src/test/resources
2024-10-31 18:50:32,898 [Worker-109: Building] INFO  o.a.m.s.f.DefaultMavenResourcesFiltering - Copying 1 resource from src/main/resources to target/classes
2024-10-31 18:50:32,907 [Worker-109: Building] INFO  o.a.m.s.f.DefaultMavenResourcesFiltering - Copying 0 resource from src/main/resources to target/classes
2024-10-31 18:50:32,909 [Worker-109: Building] INFO  o.a.m.s.f.DefaultMavenResourcesFiltering - skip non existing resourceDirectory /Users/bubul/Documents/workspace-spring-tool-suite-4-4.25.0.RELEASE/trello/trello-user-service/src/test/resources
2024-10-31 18:51:01,776 [Worker-107: Building] INFO  o.a.m.s.f.DefaultMavenResourcesFiltering - Copying 1 resource from src/main/resources to target/classes
2024-10-31 18:51:01,779 [Worker-107: Building] INFO  o.a.m.s.f.DefaultMavenResourcesFiltering - Copying 0 resource from src/main/resources to target/classes
2024-10-31 18:51:01,780 [Worker-107: Building] INFO  o.a.m.s.f.DefaultMavenResourcesFiltering - skip non existing resourceDirectory /Users/bubul/Documents/workspace-spring-tool-suite-4-4.25.0.RELEASE/trello/trello-user-service/src/test/resources
2024-10-31 18:51:34,524 [Worker-110: Building] INFO  o.a.m.s.f.DefaultMavenResourcesFiltering - Copying 1 resource from src/main/resources to target/classes
2024-10-31 18:51:34,526 [Worker-110: Building] INFO  o.a.m.s.f.DefaultMavenResourcesFiltering - Copying 0 resource from src/main/resources to target/classes
2024-10-31 18:51:34,527 [Worker-110: Building] INFO  o.a.m.s.f.DefaultMavenResourcesFiltering - skip non existing resourceDirectory /Users/bubul/Documents/workspace-spring-tool-suite-4-4.25.0.RELEASE/trello/trello-user-service/src/test/resources
2024-10-31 18:52:37,695 [Worker-107: Building] INFO  o.a.m.s.f.DefaultMavenResourcesFiltering - Copying 1 resource from src/main/resources to target/classes
2024-10-31 18:52:37,699 [Worker-107: Building] INFO  o.a.m.s.f.DefaultMavenResourcesFiltering - Copying 0 resource from src/main/resources to target/classes
2024-10-31 18:52:37,700 [Worker-107: Building] INFO  o.a.m.s.f.DefaultMavenResourcesFiltering - skip non existing resourceDirectory /Users/bubul/Documents/workspace-spring-tool-suite-4-4.25.0.RELEASE/trello/trello-user-service/src/test/resources
2024-10-31 18:53:04,824 [Worker-108: Building] INFO  o.a.m.s.f.DefaultMavenResourcesFiltering - Copying 1 resource from src/main/resources to target/classes
2024-10-31 18:53:04,827 [Worker-108: Building] INFO  o.a.m.s.f.DefaultMavenResourcesFiltering - Copying 0 resource from src/main/resources to target/classes
2024-10-31 18:53:04,828 [Worker-108: Building] INFO  o.a.m.s.f.DefaultMavenResourcesFiltering - skip non existing resourceDirectory /Users/bubul/Documents/workspace-spring-tool-suite-4-4.25.0.RELEASE/trello/trello-user-service/src/test/resources
2024-10-31 18:53:17,497 [Worker-108: Building] INFO  o.a.m.s.f.DefaultMavenResourcesFiltering - Copying 1 resource from src/main/resources to target/classes
2024-10-31 18:53:17,509 [Worker-108: Building] INFO  o.a.m.s.f.DefaultMavenResourcesFiltering - Copying 0 resource from src/main/resources to target/classes
2024-10-31 18:53:17,512 [Worker-108: Building] INFO  o.a.m.s.f.DefaultMavenResourcesFiltering - skip non existing resourceDirectory /Users/bubul/Documents/workspace-spring-tool-suite-4-4.25.0.RELEASE/trello/trello-user-service/src/test/resources
2024-10-31 18:53:38,468 [Worker-109: Building] INFO  o.a.m.s.f.DefaultMavenResourcesFiltering - Copying 1 resource from src/main/resources to target/classes
2024-10-31 18:53:38,470 [Worker-109: Building] INFO  o.a.m.s.f.DefaultMavenResourcesFiltering - Copying 0 resource from src/main/resources to target/classes
2024-10-31 18:53:38,471 [Worker-109: Building] INFO  o.a.m.s.f.DefaultMavenResourcesFiltering - skip non existing resourceDirectory /Users/bubul/Documents/workspace-spring-tool-suite-4-4.25.0.RELEASE/trello/trello-user-service/src/test/resources
2024-10-31 18:53:54,694 [Worker-107: Building] INFO  o.a.m.s.f.DefaultMavenResourcesFiltering - Copying 1 resource from src/main/resources to target/classes
2024-10-31 18:53:54,701 [Worker-107: Building] INFO  o.a.m.s.f.DefaultMavenResourcesFiltering - Copying 0 resource from src/main/resources to target/classes
2024-10-31 18:53:54,703 [Worker-107: Building] INFO  o.a.m.s.f.DefaultMavenResourcesFiltering - skip non existing resourceDirectory /Users/bubul/Documents/workspace-spring-tool-suite-4-4.25.0.RELEASE/trello/trello-user-service/src/test/resources
2024-10-31 18:54:04,849 [Worker-109: Building] INFO  o.a.m.s.f.DefaultMavenResourcesFiltering - Copying 1 resource from src/main/resources to target/classes
2024-10-31 18:54:04,856 [Worker-109: Building] INFO  o.a.m.s.f.DefaultMavenResourcesFiltering - Copying 0 resource from src/main/resources to target/classes
2024-10-31 18:54:04,857 [Worker-109: Building] INFO  o.a.m.s.f.DefaultMavenResourcesFiltering - skip non existing resourceDirectory /Users/bubul/Documents/workspace-spring-tool-suite-4-4.25.0.RELEASE/trello/trello-user-service/src/test/resources
2024-10-31 18:54:35,795 [Worker-108: Building] INFO  o.a.m.s.f.DefaultMavenResourcesFiltering - Copying 1 resource from src/main/resources to target/classes
2024-10-31 18:54:35,799 [Worker-108: Building] INFO  o.a.m.s.f.DefaultMavenResourcesFiltering - Copying 0 resource from src/main/resources to target/classes
2024-10-31 18:54:35,800 [Worker-108: Building] INFO  o.a.m.s.f.DefaultMavenResourcesFiltering - skip non existing resourceDirectory /Users/bubul/Documents/workspace-spring-tool-suite-4-4.25.0.RELEASE/trello/trello-user-service/src/test/resources
2024-10-31 18:55:08,202 [Worker-111: Building] INFO  o.a.m.s.f.DefaultMavenResourcesFiltering - Copying 1 resource from src/main/resources to target/classes
2024-10-31 18:55:08,206 [Worker-111: Building] INFO  o.a.m.s.f.DefaultMavenResourcesFiltering - Copying 0 resource from src/main/resources to target/classes
2024-10-31 18:55:08,207 [Worker-111: Building] INFO  o.a.m.s.f.DefaultMavenResourcesFiltering - skip non existing resourceDirectory /Users/bubul/Documents/workspace-spring-tool-suite-4-4.25.0.RELEASE/trello/trello-user-service/src/test/resources
2024-10-31 18:55:13,866 [Worker-109: Building] INFO  o.a.m.s.f.DefaultMavenResourcesFiltering - Copying 1 resource from src/main/resources to target/classes
2024-10-31 18:55:13,870 [Worker-109: Building] INFO  o.a.m.s.f.DefaultMavenResourcesFiltering - Copying 0 resource from src/main/resources to target/classes
2024-10-31 18:55:13,871 [Worker-109: Building] INFO  o.a.m.s.f.DefaultMavenResourcesFiltering - skip non existing resourceDirectory /Users/bubul/Documents/workspace-spring-tool-suite-4-4.25.0.RELEASE/trello/trello-user-service/src/test/resources
2024-10-31 18:56:04,155 [Worker-109: Building] INFO  o.a.m.s.f.DefaultMavenResourcesFiltering - Copying 1 resource from src/main/resources to target/classes
2024-10-31 18:56:04,169 [Worker-109: Building] INFO  o.a.m.s.f.DefaultMavenResourcesFiltering - Copying 0 resource from src/main/resources to target/classes
2024-10-31 18:56:04,172 [Worker-109: Building] INFO  o.a.m.s.f.DefaultMavenResourcesFiltering - skip non existing resourceDirectory /Users/bubul/Documents/workspace-spring-tool-suite-4-4.25.0.RELEASE/trello/trello-user-service/src/test/resources
2024-11-01 07:04:35,503 [Worker-154: Building] INFO  o.a.m.s.f.DefaultMavenResourcesFiltering - Copying 1 resource from src/main/resources to target/classes
2024-11-01 07:04:35,514 [Worker-154: Building] INFO  o.a.m.s.f.DefaultMavenResourcesFiltering - Copying 0 resource from src/main/resources to target/classes
2024-11-01 07:04:35,523 [Worker-154: Building] INFO  o.a.m.s.f.DefaultMavenResourcesFiltering - skip non existing resourceDirectory /Users/bubul/Documents/workspace-spring-tool-suite-4-4.25.0.RELEASE/trello/trello-user-service/src/test/resources
2024-11-01 07:15:17,639 [Worker-156: Building] INFO  o.a.m.s.f.DefaultMavenResourcesFiltering - Copying 1 resource from src/main/resources to target/classes
2024-11-01 07:15:17,653 [Worker-156: Building] INFO  o.a.m.s.f.DefaultMavenResourcesFiltering - Copying 0 resource from src/main/resources to target/classes
2024-11-01 07:15:17,655 [Worker-156: Building] INFO  o.a.m.s.f.DefaultMavenResourcesFiltering - skip non existing resourceDirectory /Users/bubul/Documents/workspace-spring-tool-suite-4-4.25.0.RELEASE/trello/trello-user-service/src/test/resources
2024-11-01 09:03:20,265 [Worker-181: Building] INFO  o.a.m.s.f.DefaultMavenResourcesFiltering - Copying 1 resource from src/main/resources to target/classes
2024-11-01 09:03:20,293 [Worker-181: Building] INFO  o.a.m.s.f.DefaultMavenResourcesFiltering - Copying 0 resource from src/main/resources to target/classes
2024-11-01 09:03:20,297 [Worker-181: Building] INFO  o.a.m.s.f.DefaultMavenResourcesFiltering - skip non existing resourceDirectory /Users/bubul/Documents/workspace-spring-tool-suite-4-4.25.0.RELEASE/trello/trello-user-service/src/test/resources
2024-11-01 09:37:14,214 [Worker-179: Building] INFO  o.a.m.s.f.DefaultMavenResourcesFiltering - Copying 1 resource from src/main/resources to target/classes
2024-11-01 09:37:14,245 [Worker-179: Building] INFO  o.a.m.s.f.DefaultMavenResourcesFiltering - Copying 0 resource from src/main/resources to target/classes
2024-11-01 09:37:14,247 [Worker-179: Building] INFO  o.a.m.s.f.DefaultMavenResourcesFiltering - skip non existing resourceDirectory /Users/bubul/Documents/workspace-spring-tool-suite-4-4.25.0.RELEASE/trello/trello-user-service/src/test/resources
2024-11-01 09:37:54,728 [Worker-188: Building] INFO  o.e.m.c.i.l.LifecycleMappingFactory - Using org.eclipse.m2e.jdt.JarLifecycleMapping lifecycle mapping for MavenProject: com.trello:trello-user-service:0.0.1-SNAPSHOT @ /Users/bubul/Documents/workspace-spring-tool-suite-4-4.25.0.RELEASE/trello/trello-user-service/pom.xml.
2024-11-01 09:38:55,311 [Worker-188: Building] INFO  o.e.m.c.i.l.LifecycleMappingFactory - Using org.eclipse.m2e.jdt.JarLifecycleMapping lifecycle mapping for MavenProject: com.trello:trello-user-service:0.0.1-SNAPSHOT @ /Users/bubul/Documents/workspace-spring-tool-suite-4-4.25.0.RELEASE/trello/trello-user-service/pom.xml.
2024-11-01 09:38:55,606 [Worker-188: Building] INFO  o.e.m.c.i.e.AbstractTransferListenerAdapter - Downloading https://repo.maven.apache.org/maven2/mysql/mysql-connector-java/8.0.30/mysql-connector-java-8.0.30.pom
2024-11-01 09:38:55,607 [Worker-188: Building] INFO  o.e.m.c.i.e.AbstractTransferListenerAdapter - Downloaded https://repo.maven.apache.org/maven2/mysql/mysql-connector-java/8.0.30/mysql-connector-java-8.0.30.pom
2024-11-01 09:38:55,654 [Worker-188: Building] INFO  o.e.m.c.i.e.AbstractTransferListenerAdapter - Downloading https://repo.maven.apache.org/maven2/com/google/protobuf/protobuf-java/3.19.4/protobuf-java-3.19.4.pom
2024-11-01 09:38:55,656 [Worker-188: Building] INFO  o.e.m.c.i.e.AbstractTransferListenerAdapter - Downloaded https://repo.maven.apache.org/maven2/com/google/protobuf/protobuf-java/3.19.4/protobuf-java-3.19.4.pom
2024-11-01 09:38:55,702 [Worker-188: Building] INFO  o.e.m.c.i.e.AbstractTransferListenerAdapter - Downloading https://repo.maven.apache.org/maven2/com/google/protobuf/protobuf-parent/3.19.4/protobuf-parent-3.19.4.pom
2024-11-01 09:38:55,707 [Worker-188: Building] INFO  o.e.m.c.i.e.AbstractTransferListenerAdapter - Downloaded https://repo.maven.apache.org/maven2/com/google/protobuf/protobuf-parent/3.19.4/protobuf-parent-3.19.4.pom
2024-11-01 09:38:55,752 [Worker-188: Building] INFO  o.e.m.c.i.e.AbstractTransferListenerAdapter - Downloading https://repo.maven.apache.org/maven2/com/google/protobuf/protobuf-bom/3.19.4/protobuf-bom-3.19.4.pom
2024-11-01 09:38:55,754 [Worker-188: Building] INFO  o.e.m.c.i.e.AbstractTransferListenerAdapter - Downloaded https://repo.maven.apache.org/maven2/com/google/protobuf/protobuf-bom/3.19.4/protobuf-bom-3.19.4.pom
2024-11-01 09:38:55,842 [Worker-188: Building] INFO  o.e.m.c.i.e.AbstractTransferListenerAdapter - Downloading https://repo.maven.apache.org/maven2/mysql/mysql-connector-java/8.0.30/mysql-connector-java-8.0.30.jar
2024-11-01 09:38:56,253 [Worker-188: Building] INFO  o.e.m.c.i.e.AbstractTransferListenerAdapter - Downloaded https://repo.maven.apache.org/maven2/mysql/mysql-connector-java/8.0.30/mysql-connector-java-8.0.30.jar
2024-11-01 09:38:56,302 [BasicRepositoryConnector-repo.maven.apache.org-1-0] INFO  o.e.m.c.i.e.AbstractTransferListenerAdapter - Downloading https://repo.maven.apache.org/maven2/com/google/protobuf/protobuf-java/3.19.4/protobuf-java-3.19.4.jar
2024-11-01 09:38:56,368 [BasicRepositoryConnector-repo.maven.apache.org-1-0] INFO  o.e.m.c.i.e.AbstractTransferListenerAdapter - Downloaded https://repo.maven.apache.org/maven2/com/google/protobuf/protobuf-java/3.19.4/protobuf-java-3.19.4.jar
2024-11-01 09:38:56,469 [Worker-188: Building] INFO  o.a.m.s.f.DefaultMavenResourcesFiltering - Copying 0 resource from src/main/resources to target/classes
2024-11-01 09:38:56,469 [Worker-188: Building] INFO  o.a.m.s.f.DefaultMavenResourcesFiltering - Copying 0 resource from src/main/resources to target/classes
2024-11-01 09:38:56,471 [Worker-188: Building] INFO  o.a.m.s.f.DefaultMavenResourcesFiltering - skip non existing resourceDirectory /Users/bubul/Documents/workspace-spring-tool-suite-4-4.25.0.RELEASE/trello/trello-user-service/src/test/resources
2024-11-01 09:38:57,548 [Worker-187: Download sources and javadoc] INFO  o.e.m.c.i.e.AbstractTransferListenerAdapter - Downloading https://repo.maven.apache.org/maven2/mysql/mysql-connector-java/8.0.30/mysql-connector-java-8.0.30-sources.jar
2024-11-01 09:38:57,743 [Worker-191: Building] INFO  o.a.m.s.f.DefaultMavenResourcesFiltering - Copying 1 resource from src/main/resources to target/classes
2024-11-01 09:38:57,751 [Worker-191: Building] INFO  o.a.m.s.f.DefaultMavenResourcesFiltering - Copying 0 resource from src/main/resources to target/classes
2024-11-01 09:38:57,752 [Worker-191: Building] INFO  o.a.m.s.f.DefaultMavenResourcesFiltering - skip non existing resourceDirectory /Users/bubul/Documents/workspace-spring-tool-suite-4-4.25.0.RELEASE/trello/trello-user-service/src/test/resources
2024-11-01 09:38:57,776 [Worker-187: Download sources and javadoc] INFO  o.e.m.c.i.e.AbstractTransferListenerAdapter - Downloaded https://repo.maven.apache.org/maven2/mysql/mysql-connector-java/8.0.30/mysql-connector-java-8.0.30-sources.jar
2024-11-01 09:38:57,776 [Worker-187: Download sources and javadoc] INFO  o.e.m.j.internal.DownloadSourcesJob - Downloaded sources for mysql:mysql-connector-java:8.0.30
2024-11-01 09:38:57,910 [Worker-187: Download sources and javadoc] INFO  o.e.m.c.i.e.AbstractTransferListenerAdapter - Downloading https://repo.maven.apache.org/maven2/com/google/protobuf/protobuf-java/3.19.4/protobuf-java-3.19.4-sources.jar
2024-11-01 09:38:58,099 [Worker-187: Download sources and javadoc] INFO  o.e.m.c.i.e.AbstractTransferListenerAdapter - Downloaded https://repo.maven.apache.org/maven2/com/google/protobuf/protobuf-java/3.19.4/protobuf-java-3.19.4-sources.jar
2024-11-01 09:38:58,100 [Worker-187: Download sources and javadoc] INFO  o.e.m.j.internal.DownloadSourcesJob - Downloaded sources for com.google.protobuf:protobuf-java:3.19.4
2024-11-01 09:42:47,924 [Worker-194: Building] INFO  o.a.m.s.f.DefaultMavenResourcesFiltering - Copying 1 resource from src/main/resources to target/classes
2024-11-01 09:42:47,932 [Worker-194: Building] INFO  o.a.m.s.f.DefaultMavenResourcesFiltering - Copying 0 resource from src/main/resources to target/classes
2024-11-01 09:42:47,933 [Worker-194: Building] INFO  o.a.m.s.f.DefaultMavenResourcesFiltering - skip non existing resourceDirectory /Users/bubul/Documents/workspace-spring-tool-suite-4-4.25.0.RELEASE/trello/trello-user-service/src/test/resources
2024-11-01 09:45:51,310 [Worker-200: Building] INFO  o.a.m.s.f.DefaultMavenResourcesFiltering - Copying 1 resource from src/main/resources to target/classes
2024-11-01 09:45:51,314 [Worker-200: Building] INFO  o.a.m.s.f.DefaultMavenResourcesFiltering - Copying 0 resource from src/main/resources to target/classes
2024-11-01 09:45:51,315 [Worker-200: Building] INFO  o.a.m.s.f.DefaultMavenResourcesFiltering - skip non existing resourceDirectory /Users/bubul/Documents/workspace-spring-tool-suite-4-4.25.0.RELEASE/trello/trello-user-service/src/test/resources
2024-11-01 09:47:55,624 [Worker-193: Building] INFO  o.a.m.s.f.DefaultMavenResourcesFiltering - Copying 1 resource from src/main/resources to target/classes
2024-11-01 09:47:55,628 [Worker-193: Building] INFO  o.a.m.s.f.DefaultMavenResourcesFiltering - Copying 0 resource from src/main/resources to target/classes
2024-11-01 09:47:55,629 [Worker-193: Building] INFO  o.a.m.s.f.DefaultMavenResourcesFiltering - skip non existing resourceDirectory /Users/bubul/Documents/workspace-spring-tool-suite-4-4.25.0.RELEASE/trello/trello-user-service/src/test/resources
2024-11-01 09:49:04,870 [Worker-200: Building] INFO  o.a.m.s.f.DefaultMavenResourcesFiltering - Copying 1 resource from src/main/resources to target/classes
2024-11-01 09:49:04,875 [Worker-200: Building] INFO  o.a.m.s.f.DefaultMavenResourcesFiltering - Copying 0 resource from src/main/resources to target/classes
2024-11-01 09:49:04,876 [Worker-200: Building] INFO  o.a.m.s.f.DefaultMavenResourcesFiltering - skip non existing resourceDirectory /Users/bubul/Documents/workspace-spring-tool-suite-4-4.25.0.RELEASE/trello/trello-user-service/src/test/resources
2024-11-01 09:49:40,563 [Worker-193: Building] INFO  o.a.m.s.f.DefaultMavenResourcesFiltering - Copying 1 resource from src/main/resources to target/classes
2024-11-01 09:49:40,569 [Worker-193: Building] INFO  o.a.m.s.f.DefaultMavenResourcesFiltering - Copying 0 resource from src/main/resources to target/classes
2024-11-01 09:49:40,570 [Worker-193: Building] INFO  o.a.m.s.f.DefaultMavenResourcesFiltering - skip non existing resourceDirectory /Users/bubul/Documents/workspace-spring-tool-suite-4-4.25.0.RELEASE/trello/trello-user-service/src/test/resources
2024-11-01 09:50:10,606 [Worker-195: Building] INFO  o.a.m.s.f.DefaultMavenResourcesFiltering - Copying 1 resource from src/main/resources to target/classes
2024-11-01 09:50:10,612 [Worker-195: Building] INFO  o.a.m.s.f.DefaultMavenResourcesFiltering - Copying 0 resource from src/main/resources to target/classes
2024-11-01 09:50:10,613 [Worker-195: Building] INFO  o.a.m.s.f.DefaultMavenResourcesFiltering - skip non existing resourceDirectory /Users/bubul/Documents/workspace-spring-tool-suite-4-4.25.0.RELEASE/trello/trello-user-service/src/test/resources
2024-11-01 10:42:42,391 [Worker-209: Import Getting Started Content] INFO  o.e.m.c.i.l.LifecycleMappingFactory - Using org.eclipse.m2e.jdt.JarLifecycleMapping lifecycle mapping for MavenProject: com.trello:trello-board-service:0.0.1-SNAPSHOT @ /Users/bubul/Documents/workspace-spring-tool-suite-4-4.25.0.RELEASE/trello/trello-board-service/pom.xml.
2024-11-01 10:42:42,520 [Worker-209: Import Getting Started Content] INFO  o.e.m.j.i.AbstractJavaProjectConfigurator - Adding source folder /trello-board-service/src/main/java
2024-11-01 10:42:42,520 [Worker-209: Import Getting Started Content] INFO  o.e.m.j.i.AbstractJavaProjectConfigurator - Adding resource folder /trello-board-service/src/main/resources
2024-11-01 10:42:42,521 [Worker-209: Import Getting Started Content] INFO  o.e.m.j.i.AbstractJavaProjectConfigurator - Adding resource folder /trello-board-service/src/main/resources
2024-11-01 10:42:42,521 [Worker-209: Import Getting Started Content] INFO  o.e.m.j.i.AbstractJavaProjectConfigurator - Adding source folder /trello-board-service/src/test/java
2024-11-01 10:42:42,522 [Worker-209: Import Getting Started Content] INFO  o.e.m.j.i.AbstractJavaProjectConfigurator - Adding resource folder /trello-board-service/src/test/resources
2024-11-01 10:42:42,595 [Worker-209: Import Getting Started Content] INFO  o.e.m.c.i.p.ProjectConfigurationManager - Imported and configured 1 project(s) in 0 sec
2024-11-01 10:42:42,596 [Worker-209: Import Getting Started Content] INFO  o.e.m.c.i.p.ProjectConfigurationManager - Update started
2024-11-01 10:42:42,726 [Worker-209: Import Getting Started Content] INFO  o.e.m.c.i.l.LifecycleMappingFactory - Using org.eclipse.m2e.jdt.JarLifecycleMapping lifecycle mapping for MavenProject: com.trello:trello-board-service:0.0.1-SNAPSHOT @ /Users/bubul/Documents/workspace-spring-tool-suite-4-4.25.0.RELEASE/trello/trello-board-service/pom.xml.
2024-11-01 10:42:42,784 [Worker-209: Import Getting Started Content] INFO  o.e.m.j.i.AbstractJavaProjectConfigurator - Adding source folder /trello-board-service/src/main/java
2024-11-01 10:42:42,784 [Worker-209: Import Getting Started Content] INFO  o.e.m.j.i.AbstractJavaProjectConfigurator - Adding resource folder /trello-board-service/src/main/resources
2024-11-01 10:42:42,784 [Worker-209: Import Getting Started Content] INFO  o.e.m.j.i.AbstractJavaProjectConfigurator - Adding resource folder /trello-board-service/src/main/resources
2024-11-01 10:42:42,784 [Worker-209: Import Getting Started Content] INFO  o.e.m.j.i.AbstractJavaProjectConfigurator - Adding source folder /trello-board-service/src/test/java
2024-11-01 10:42:42,784 [Worker-209: Import Getting Started Content] INFO  o.e.m.j.i.AbstractJavaProjectConfigurator - Adding resource folder /trello-board-service/src/test/resources
2024-11-01 10:42:42,858 [Worker-209: Import Getting Started Content] INFO  o.e.m.c.i.p.ProjectConfigurationManager - Update completed for 1 poms: local refresh takes 0.00 sec, refresh facades takes 0.00 sec, update config takes 0.00 sec 
2024-11-01 10:42:43,075 [Worker-209: Building] INFO  o.a.m.s.f.DefaultMavenResourcesFiltering - Copying 1 resource from src/main/resources to target/classes
2024-11-01 10:42:43,081 [Worker-209: Building] INFO  o.a.m.s.f.DefaultMavenResourcesFiltering - Copying 0 resource from src/main/resources to target/classes
2024-11-01 10:42:43,083 [Worker-209: Building] INFO  o.a.m.s.f.DefaultMavenResourcesFiltering - skip non existing resourceDirectory /Users/bubul/Documents/workspace-spring-tool-suite-4-4.25.0.RELEASE/trello/trello-board-service/src/test/resources
2024-11-01 10:44:11,195 [Worker-216: Building] INFO  o.e.m.c.i.l.LifecycleMappingFactory - Using org.eclipse.m2e.jdt.JarLifecycleMapping lifecycle mapping for MavenProject: com.trello:trello-board-service:0.0.1-SNAPSHOT @ /Users/bubul/Documents/workspace-spring-tool-suite-4-4.25.0.RELEASE/trello/trello-board-service/pom.xml.
2024-11-01 10:44:11,506 [Worker-216: Building] INFO  o.e.m.c.i.e.AbstractTransferListenerAdapter - Downloading https://repo.maven.apache.org/maven2/org/springframework/boot/spring-boot-starter-websocket/3.3.5/spring-boot-starter-websocket-3.3.5.pom
2024-11-01 10:44:11,508 [Worker-216: Building] INFO  o.e.m.c.i.e.AbstractTransferListenerAdapter - Downloaded https://repo.maven.apache.org/maven2/org/springframework/boot/spring-boot-starter-websocket/3.3.5/spring-boot-starter-websocket-3.3.5.pom
2024-11-01 10:44:11,556 [Worker-216: Building] INFO  o.e.m.c.i.e.AbstractTransferListenerAdapter - Downloading https://repo.maven.apache.org/maven2/org/springframework/spring-messaging/6.1.14/spring-messaging-6.1.14.pom
2024-11-01 10:44:11,556 [Worker-216: Building] INFO  o.e.m.c.i.e.AbstractTransferListenerAdapter - Downloaded https://repo.maven.apache.org/maven2/org/springframework/spring-messaging/6.1.14/spring-messaging-6.1.14.pom
2024-11-01 10:44:11,603 [Worker-216: Building] INFO  o.e.m.c.i.e.AbstractTransferListenerAdapter - Downloading https://repo.maven.apache.org/maven2/org/springframework/spring-websocket/6.1.14/spring-websocket-6.1.14.pom
2024-11-01 10:44:11,604 [Worker-216: Building] INFO  o.e.m.c.i.e.AbstractTransferListenerAdapter - Downloaded https://repo.maven.apache.org/maven2/org/springframework/spring-websocket/6.1.14/spring-websocket-6.1.14.pom
2024-11-01 10:44:11,652 [Worker-216: Building] INFO  o.e.m.c.i.e.AbstractTransferListenerAdapter - Downloading https://repo.maven.apache.org/maven2/io/jsonwebtoken/jjwt/0.9.1/jjwt-0.9.1.pom
2024-11-01 10:44:11,661 [Worker-216: Building] INFO  o.e.m.c.i.e.AbstractTransferListenerAdapter - Downloaded https://repo.maven.apache.org/maven2/io/jsonwebtoken/jjwt/0.9.1/jjwt-0.9.1.pom
2024-11-01 10:44:11,718 [Worker-216: Building] INFO  o.e.m.c.i.e.AbstractTransferListenerAdapter - Downloading https://repo.maven.apache.org/maven2/org/springframework/boot/spring-boot-starter-data-redis/3.3.5/spring-boot-starter-data-redis-3.3.5.pom
2024-11-01 10:44:11,719 [Worker-216: Building] INFO  o.e.m.c.i.e.AbstractTransferListenerAdapter - Downloaded https://repo.maven.apache.org/maven2/org/springframework/boot/spring-boot-starter-data-redis/3.3.5/spring-boot-starter-data-redis-3.3.5.pom
2024-11-01 10:44:11,764 [Worker-216: Building] INFO  o.e.m.c.i.e.AbstractTransferListenerAdapter - Downloading https://repo.maven.apache.org/maven2/io/lettuce/lettuce-core/6.3.2.RELEASE/lettuce-core-6.3.2.RELEASE.pom
2024-11-01 10:44:11,767 [Worker-216: Building] INFO  o.e.m.c.i.e.AbstractTransferListenerAdapter - Downloaded https://repo.maven.apache.org/maven2/io/lettuce/lettuce-core/6.3.2.RELEASE/lettuce-core-6.3.2.RELEASE.pom
2024-11-01 10:44:11,824 [Worker-216: Building] INFO  o.e.m.c.i.e.AbstractTransferListenerAdapter - Downloading https://repo.maven.apache.org/maven2/org/springframework/data/spring-data-redis/3.3.5/spring-data-redis-3.3.5.pom
2024-11-01 10:44:11,827 [Worker-216: Building] INFO  o.e.m.c.i.e.AbstractTransferListenerAdapter - Downloaded https://repo.maven.apache.org/maven2/org/springframework/data/spring-data-redis/3.3.5/spring-data-redis-3.3.5.pom
2024-11-01 10:44:11,875 [Worker-216: Building] INFO  o.e.m.c.i.e.AbstractTransferListenerAdapter - Downloading https://repo.maven.apache.org/maven2/org/springframework/data/spring-data-keyvalue/3.3.5/spring-data-keyvalue-3.3.5.pom
2024-11-01 10:44:11,875 [Worker-216: Building] INFO  o.e.m.c.i.e.AbstractTransferListenerAdapter - Downloaded https://repo.maven.apache.org/maven2/org/springframework/data/spring-data-keyvalue/3.3.5/spring-data-keyvalue-3.3.5.pom
2024-11-01 10:44:11,921 [Worker-216: Building] INFO  o.e.m.c.i.e.AbstractTransferListenerAdapter - Downloading https://repo.maven.apache.org/maven2/org/springframework/spring-oxm/6.1.14/spring-oxm-6.1.14.pom
2024-11-01 10:44:11,922 [Worker-216: Building] INFO  o.e.m.c.i.e.AbstractTransferListenerAdapter - Downloaded https://repo.maven.apache.org/maven2/org/springframework/spring-oxm/6.1.14/spring-oxm-6.1.14.pom
2024-11-01 10:44:11,968 [Worker-216: Building] INFO  o.e.m.c.i.e.AbstractTransferListenerAdapter - Downloading https://repo.maven.apache.org/maven2/org/springframework/spring-context-support/6.1.14/spring-context-support-6.1.14.pom
2024-11-01 10:44:11,969 [Worker-216: Building] INFO  o.e.m.c.i.e.AbstractTransferListenerAdapter - Downloaded https://repo.maven.apache.org/maven2/org/springframework/spring-context-support/6.1.14/spring-context-support-6.1.14.pom
2024-11-01 10:44:12,014 [Worker-216: Building] INFO  o.e.m.c.i.e.AbstractTransferListenerAdapter - Downloading https://repo.maven.apache.org/maven2/org/springframework/boot/spring-boot-starter-data-elasticsearch/3.3.5/spring-boot-starter-data-elasticsearch-3.3.5.pom
2024-11-01 10:44:12,015 [Worker-216: Building] INFO  o.e.m.c.i.e.AbstractTransferListenerAdapter - Downloaded https://repo.maven.apache.org/maven2/org/springframework/boot/spring-boot-starter-data-elasticsearch/3.3.5/spring-boot-starter-data-elasticsearch-3.3.5.pom
2024-11-01 10:44:12,061 [Worker-216: Building] INFO  o.e.m.c.i.e.AbstractTransferListenerAdapter - Downloading https://repo.maven.apache.org/maven2/org/springframework/data/spring-data-elasticsearch/5.3.5/spring-data-elasticsearch-5.3.5.pom
2024-11-01 10:44:12,065 [Worker-216: Building] INFO  o.e.m.c.i.e.AbstractTransferListenerAdapter - Downloaded https://repo.maven.apache.org/maven2/org/springframework/data/spring-data-elasticsearch/5.3.5/spring-data-elasticsearch-5.3.5.pom
2024-11-01 10:44:12,111 [Worker-216: Building] INFO  o.e.m.c.i.e.AbstractTransferListenerAdapter - Downloading https://repo.maven.apache.org/maven2/co/elastic/clients/elasticsearch-java/8.13.4/elasticsearch-java-8.13.4.pom
2024-11-01 10:44:12,112 [Worker-216: Building] INFO  o.e.m.c.i.e.AbstractTransferListenerAdapter - Downloaded https://repo.maven.apache.org/maven2/co/elastic/clients/elasticsearch-java/8.13.4/elasticsearch-java-8.13.4.pom
2024-11-01 10:44:12,158 [Worker-216: Building] INFO  o.e.m.c.i.e.AbstractTransferListenerAdapter - Downloading https://repo.maven.apache.org/maven2/org/elasticsearch/client/elasticsearch-rest-client/8.13.4/elasticsearch-rest-client-8.13.4.pom
2024-11-01 10:44:12,159 [Worker-216: Building] INFO  o.e.m.c.i.e.AbstractTransferListenerAdapter - Downloaded https://repo.maven.apache.org/maven2/org/elasticsearch/client/elasticsearch-rest-client/8.13.4/elasticsearch-rest-client-8.13.4.pom
2024-11-01 10:44:12,202 [Worker-216: Building] INFO  o.e.m.c.i.e.AbstractTransferListenerAdapter - Downloading https://repo.maven.apache.org/maven2/org/apache/httpcomponents/httpclient/4.5.14/httpclient-4.5.14.pom
2024-11-01 10:44:12,205 [Worker-216: Building] INFO  o.e.m.c.i.e.AbstractTransferListenerAdapter - Downloaded https://repo.maven.apache.org/maven2/org/apache/httpcomponents/httpclient/4.5.14/httpclient-4.5.14.pom
2024-11-01 10:44:12,250 [Worker-216: Building] INFO  o.e.m.c.i.e.AbstractTransferListenerAdapter - Downloading https://repo.maven.apache.org/maven2/org/apache/httpcomponents/httpcomponents-client/4.5.14/httpcomponents-client-4.5.14.pom
2024-11-01 10:44:12,257 [Worker-216: Building] INFO  o.e.m.c.i.e.AbstractTransferListenerAdapter - Downloaded https://repo.maven.apache.org/maven2/org/apache/httpcomponents/httpcomponents-client/4.5.14/httpcomponents-client-4.5.14.pom
2024-11-01 10:44:12,302 [Worker-216: Building] INFO  o.e.m.c.i.e.AbstractTransferListenerAdapter - Downloading https://repo.maven.apache.org/maven2/org/apache/httpcomponents/httpcore/4.4.16/httpcore-4.4.16.pom
2024-11-01 10:44:12,304 [Worker-216: Building] INFO  o.e.m.c.i.e.AbstractTransferListenerAdapter - Downloaded https://repo.maven.apache.org/maven2/org/apache/httpcomponents/httpcore/4.4.16/httpcore-4.4.16.pom
2024-11-01 10:44:12,348 [Worker-216: Building] INFO  o.e.m.c.i.e.AbstractTransferListenerAdapter - Downloading https://repo.maven.apache.org/maven2/org/apache/httpcomponents/httpcomponents-core/4.4.16/httpcomponents-core-4.4.16.pom
2024-11-01 10:44:12,354 [Worker-216: Building] INFO  o.e.m.c.i.e.AbstractTransferListenerAdapter - Downloaded https://repo.maven.apache.org/maven2/org/apache/httpcomponents/httpcomponents-core/4.4.16/httpcomponents-core-4.4.16.pom
2024-11-01 10:44:12,399 [Worker-216: Building] INFO  o.e.m.c.i.e.AbstractTransferListenerAdapter - Downloading https://repo.maven.apache.org/maven2/org/apache/httpcomponents/httpasyncclient/4.1.5/httpasyncclient-4.1.5.pom
2024-11-01 10:44:12,402 [Worker-216: Building] INFO  o.e.m.c.i.e.AbstractTransferListenerAdapter - Downloaded https://repo.maven.apache.org/maven2/org/apache/httpcomponents/httpasyncclient/4.1.5/httpasyncclient-4.1.5.pom
2024-11-01 10:44:12,448 [Worker-216: Building] INFO  o.e.m.c.i.e.AbstractTransferListenerAdapter - Downloading https://repo.maven.apache.org/maven2/org/apache/httpcomponents/httpcomponents-asyncclient/4.1.5/httpcomponents-asyncclient-4.1.5.pom
2024-11-01 10:44:12,452 [Worker-216: Building] INFO  o.e.m.c.i.e.AbstractTransferListenerAdapter - Downloaded https://repo.maven.apache.org/maven2/org/apache/httpcomponents/httpcomponents-asyncclient/4.1.5/httpcomponents-asyncclient-4.1.5.pom
2024-11-01 10:44:12,499 [Worker-216: Building] INFO  o.e.m.c.i.e.AbstractTransferListenerAdapter - Downloading https://repo.maven.apache.org/maven2/org/apache/httpcomponents/httpcore-nio/4.4.16/httpcore-nio-4.4.16.pom
2024-11-01 10:44:12,500 [Worker-216: Building] INFO  o.e.m.c.i.e.AbstractTransferListenerAdapter - Downloaded https://repo.maven.apache.org/maven2/org/apache/httpcomponents/httpcore-nio/4.4.16/httpcore-nio-4.4.16.pom
2024-11-01 10:44:12,550 [Worker-216: Building] INFO  o.e.m.c.i.e.AbstractTransferListenerAdapter - Downloading https://repo.maven.apache.org/maven2/jakarta/json/jakarta.json-api/2.1.3/jakarta.json-api-2.1.3.pom
2024-11-01 10:44:12,557 [Worker-216: Building] INFO  o.e.m.c.i.e.AbstractTransferListenerAdapter - Downloaded https://repo.maven.apache.org/maven2/jakarta/json/jakarta.json-api/2.1.3/jakarta.json-api-2.1.3.pom
2024-11-01 10:44:12,605 [Worker-216: Building] INFO  o.e.m.c.i.e.AbstractTransferListenerAdapter - Downloading https://repo.maven.apache.org/maven2/org/eclipse/parsson/parsson/1.0.5/parsson-1.0.5.pom
2024-11-01 10:44:12,606 [Worker-216: Building] INFO  o.e.m.c.i.e.AbstractTransferListenerAdapter - Downloaded https://repo.maven.apache.org/maven2/org/eclipse/parsson/parsson/1.0.5/parsson-1.0.5.pom
2024-11-01 10:44:12,652 [Worker-216: Building] INFO  o.e.m.c.i.e.AbstractTransferListenerAdapter - Downloading https://repo.maven.apache.org/maven2/org/eclipse/parsson/project/1.0.5/project-1.0.5.pom
2024-11-01 10:44:12,660 [Worker-216: Building] INFO  o.e.m.c.i.e.AbstractTransferListenerAdapter - Downloaded https://repo.maven.apache.org/maven2/org/eclipse/parsson/project/1.0.5/project-1.0.5.pom
2024-11-01 10:44:12,704 [Worker-216: Building] INFO  o.e.m.c.i.e.AbstractTransferListenerAdapter - Downloading https://repo.maven.apache.org/maven2/io/opentelemetry/opentelemetry-api/1.37.0/opentelemetry-api-1.37.0.pom
2024-11-01 10:44:12,705 [Worker-216: Building] INFO  o.e.m.c.i.e.AbstractTransferListenerAdapter - Downloaded https://repo.maven.apache.org/maven2/io/opentelemetry/opentelemetry-api/1.37.0/opentelemetry-api-1.37.0.pom
2024-11-01 10:44:12,749 [Worker-216: Building] INFO  o.e.m.c.i.e.AbstractTransferListenerAdapter - Downloading https://repo.maven.apache.org/maven2/io/opentelemetry/opentelemetry-context/1.37.0/opentelemetry-context-1.37.0.pom
2024-11-01 10:44:12,750 [Worker-216: Building] INFO  o.e.m.c.i.e.AbstractTransferListenerAdapter - Downloaded https://repo.maven.apache.org/maven2/io/opentelemetry/opentelemetry-context/1.37.0/opentelemetry-context-1.37.0.pom
2024-11-01 10:44:12,795 [Worker-216: Building] INFO  o.e.m.c.i.e.AbstractTransferListenerAdapter - Downloading https://repo.maven.apache.org/maven2/org/springframework/boot/spring-boot-starter-actuator/3.3.5/spring-boot-starter-actuator-3.3.5.pom
2024-11-01 10:44:12,796 [Worker-216: Building] INFO  o.e.m.c.i.e.AbstractTransferListenerAdapter - Downloaded https://repo.maven.apache.org/maven2/org/springframework/boot/spring-boot-starter-actuator/3.3.5/spring-boot-starter-actuator-3.3.5.pom
2024-11-01 10:44:12,841 [Worker-216: Building] INFO  o.e.m.c.i.e.AbstractTransferListenerAdapter - Downloading https://repo.maven.apache.org/maven2/org/springframework/boot/spring-boot-actuator-autoconfigure/3.3.5/spring-boot-actuator-autoconfigure-3.3.5.pom
2024-11-01 10:44:12,841 [Worker-216: Building] INFO  o.e.m.c.i.e.AbstractTransferListenerAdapter - Downloaded https://repo.maven.apache.org/maven2/org/springframework/boot/spring-boot-actuator-autoconfigure/3.3.5/spring-boot-actuator-autoconfigure-3.3.5.pom
2024-11-01 10:44:12,887 [Worker-216: Building] INFO  o.e.m.c.i.e.AbstractTransferListenerAdapter - Downloading https://repo.maven.apache.org/maven2/org/springframework/boot/spring-boot-actuator/3.3.5/spring-boot-actuator-3.3.5.pom
2024-11-01 10:44:12,888 [Worker-216: Building] INFO  o.e.m.c.i.e.AbstractTransferListenerAdapter - Downloaded https://repo.maven.apache.org/maven2/org/springframework/boot/spring-boot-actuator/3.3.5/spring-boot-actuator-3.3.5.pom
2024-11-01 10:44:12,933 [Worker-216: Building] INFO  o.e.m.c.i.e.AbstractTransferListenerAdapter - Downloading https://repo.maven.apache.org/maven2/io/micrometer/micrometer-jakarta9/1.13.6/micrometer-jakarta9-1.13.6.pom
2024-11-01 10:44:12,936 [Worker-216: Building] INFO  o.e.m.c.i.e.AbstractTransferListenerAdapter - Downloaded https://repo.maven.apache.org/maven2/io/micrometer/micrometer-jakarta9/1.13.6/micrometer-jakarta9-1.13.6.pom
2024-11-01 10:44:12,983 [Worker-216: Building] INFO  o.e.m.c.i.e.AbstractTransferListenerAdapter - Downloading https://repo.maven.apache.org/maven2/io/micrometer/micrometer-core/1.13.6/micrometer-core-1.13.6.pom
2024-11-01 10:44:12,986 [Worker-216: Building] INFO  o.e.m.c.i.e.AbstractTransferListenerAdapter - Downloaded https://repo.maven.apache.org/maven2/io/micrometer/micrometer-core/1.13.6/micrometer-core-1.13.6.pom
2024-11-01 10:44:13,032 [Worker-216: Building] INFO  o.e.m.c.i.e.AbstractTransferListenerAdapter - Downloading https://repo.maven.apache.org/maven2/org/hdrhistogram/HdrHistogram/2.2.2/HdrHistogram-2.2.2.pom
2024-11-01 10:44:13,038 [Worker-216: Building] INFO  o.e.m.c.i.e.AbstractTransferListenerAdapter - Downloaded https://repo.maven.apache.org/maven2/org/hdrhistogram/HdrHistogram/2.2.2/HdrHistogram-2.2.2.pom
2024-11-01 10:44:13,083 [Worker-216: Building] INFO  o.e.m.c.i.e.AbstractTransferListenerAdapter - Downloading https://repo.maven.apache.org/maven2/io/micrometer/micrometer-registry-prometheus/1.13.6/micrometer-registry-prometheus-1.13.6.pom
2024-11-01 10:44:13,085 [Worker-216: Building] INFO  o.e.m.c.i.e.AbstractTransferListenerAdapter - Downloaded https://repo.maven.apache.org/maven2/io/micrometer/micrometer-registry-prometheus/1.13.6/micrometer-registry-prometheus-1.13.6.pom
2024-11-01 10:44:13,130 [Worker-216: Building] INFO  o.e.m.c.i.e.AbstractTransferListenerAdapter - Downloading https://repo.maven.apache.org/maven2/io/prometheus/prometheus-metrics-core/1.2.1/prometheus-metrics-core-1.2.1.pom
2024-11-01 10:44:13,131 [Worker-216: Building] INFO  o.e.m.c.i.e.AbstractTransferListenerAdapter - Downloaded https://repo.maven.apache.org/maven2/io/prometheus/prometheus-metrics-core/1.2.1/prometheus-metrics-core-1.2.1.pom
2024-11-01 10:44:13,178 [Worker-216: Building] INFO  o.e.m.c.i.e.AbstractTransferListenerAdapter - Downloading https://repo.maven.apache.org/maven2/io/prometheus/prometheus-metrics-model/1.2.1/prometheus-metrics-model-1.2.1.pom
2024-11-01 10:44:13,178 [Worker-216: Building] INFO  o.e.m.c.i.e.AbstractTransferListenerAdapter - Downloaded https://repo.maven.apache.org/maven2/io/prometheus/prometheus-metrics-model/1.2.1/prometheus-metrics-model-1.2.1.pom
2024-11-01 10:44:13,224 [Worker-216: Building] INFO  o.e.m.c.i.e.AbstractTransferListenerAdapter - Downloading https://repo.maven.apache.org/maven2/io/prometheus/prometheus-metrics-config/1.2.1/prometheus-metrics-config-1.2.1.pom
2024-11-01 10:44:13,224 [Worker-216: Building] INFO  o.e.m.c.i.e.AbstractTransferListenerAdapter - Downloaded https://repo.maven.apache.org/maven2/io/prometheus/prometheus-metrics-config/1.2.1/prometheus-metrics-config-1.2.1.pom
2024-11-01 10:44:13,270 [Worker-216: Building] INFO  o.e.m.c.i.e.AbstractTransferListenerAdapter - Downloading https://repo.maven.apache.org/maven2/io/prometheus/prometheus-metrics-tracer-common/1.2.1/prometheus-metrics-tracer-common-1.2.1.pom
2024-11-01 10:44:13,270 [Worker-216: Building] INFO  o.e.m.c.i.e.AbstractTransferListenerAdapter - Downloaded https://repo.maven.apache.org/maven2/io/prometheus/prometheus-metrics-tracer-common/1.2.1/prometheus-metrics-tracer-common-1.2.1.pom
2024-11-01 10:44:13,315 [Worker-216: Building] INFO  o.e.m.c.i.e.AbstractTransferListenerAdapter - Downloading https://repo.maven.apache.org/maven2/io/prometheus/prometheus-metrics-tracer/1.2.1/prometheus-metrics-tracer-1.2.1.pom
2024-11-01 10:44:13,316 [Worker-216: Building] INFO  o.e.m.c.i.e.AbstractTransferListenerAdapter - Downloaded https://repo.maven.apache.org/maven2/io/prometheus/prometheus-metrics-tracer/1.2.1/prometheus-metrics-tracer-1.2.1.pom
2024-11-01 10:44:13,362 [Worker-216: Building] INFO  o.e.m.c.i.e.AbstractTransferListenerAdapter - Downloading https://repo.maven.apache.org/maven2/io/prometheus/prometheus-metrics-exposition-formats/1.2.1/prometheus-metrics-exposition-formats-1.2.1.pom
2024-11-01 10:44:13,363 [Worker-216: Building] INFO  o.e.m.c.i.e.AbstractTransferListenerAdapter - Downloaded https://repo.maven.apache.org/maven2/io/prometheus/prometheus-metrics-exposition-formats/1.2.1/prometheus-metrics-exposition-formats-1.2.1.pom
2024-11-01 10:44:13,409 [Worker-216: Building] INFO  o.e.m.c.i.e.AbstractTransferListenerAdapter - Downloading https://repo.maven.apache.org/maven2/io/prometheus/prometheus-metrics-shaded-protobuf/1.2.1/prometheus-metrics-shaded-protobuf-1.2.1.pom
2024-11-01 10:44:13,410 [Worker-216: Building] INFO  o.e.m.c.i.e.AbstractTransferListenerAdapter - Downloaded https://repo.maven.apache.org/maven2/io/prometheus/prometheus-metrics-shaded-protobuf/1.2.1/prometheus-metrics-shaded-protobuf-1.2.1.pom
2024-11-01 10:44:13,453 [Worker-216: Building] INFO  o.e.m.c.i.e.AbstractTransferListenerAdapter - Downloading https://repo.maven.apache.org/maven2/io/prometheus/prometheus-metrics-shaded-dependencies/1.2.1/prometheus-metrics-shaded-dependencies-1.2.1.pom
2024-11-01 10:44:13,454 [Worker-216: Building] INFO  o.e.m.c.i.e.AbstractTransferListenerAdapter - Downloaded https://repo.maven.apache.org/maven2/io/prometheus/prometheus-metrics-shaded-dependencies/1.2.1/prometheus-metrics-shaded-dependencies-1.2.1.pom
2024-11-01 10:44:13,512 [Worker-216: Building] INFO  o.e.m.c.i.e.AbstractTransferListenerAdapter - Downloading https://repo.maven.apache.org/maven2/org/mapstruct/mapstruct/1.4.2.Final/mapstruct-1.4.2.Final.pom
2024-11-01 10:44:13,513 [Worker-216: Building] INFO  o.e.m.c.i.e.AbstractTransferListenerAdapter - Downloaded https://repo.maven.apache.org/maven2/org/mapstruct/mapstruct/1.4.2.Final/mapstruct-1.4.2.Final.pom
2024-11-01 10:44:13,557 [Worker-216: Building] INFO  o.e.m.c.i.e.AbstractTransferListenerAdapter - Downloading https://repo.maven.apache.org/maven2/org/mapstruct/mapstruct-parent/1.4.2.Final/mapstruct-parent-1.4.2.Final.pom
2024-11-01 10:44:13,557 [Worker-216: Building] INFO  o.e.m.c.i.e.AbstractTransferListenerAdapter - Downloaded https://repo.maven.apache.org/maven2/org/mapstruct/mapstruct-parent/1.4.2.Final/mapstruct-parent-1.4.2.Final.pom
2024-11-01 10:44:13,601 [Worker-216: Building] INFO  o.e.m.c.i.e.AbstractTransferListenerAdapter - Downloading https://repo.maven.apache.org/maven2/org/mapstruct/mapstruct-processor/1.4.2.Final/mapstruct-processor-1.4.2.Final.pom
2024-11-01 10:44:13,603 [Worker-216: Building] INFO  o.e.m.c.i.e.AbstractTransferListenerAdapter - Downloaded https://repo.maven.apache.org/maven2/org/mapstruct/mapstruct-processor/1.4.2.Final/mapstruct-processor-1.4.2.Final.pom
2024-11-01 10:44:13,696 [Worker-216: Building] INFO  o.e.m.c.i.e.AbstractTransferListenerAdapter - Downloading https://repo.maven.apache.org/maven2/org/springframework/boot/spring-boot-devtools/3.3.5/spring-boot-devtools-3.3.5.pom
2024-11-01 10:44:13,697 [Worker-216: Building] INFO  o.e.m.c.i.e.AbstractTransferListenerAdapter - Downloaded https://repo.maven.apache.org/maven2/org/springframework/boot/spring-boot-devtools/3.3.5/spring-boot-devtools-3.3.5.pom
2024-11-01 10:44:13,760 [Worker-216: Building] INFO  o.e.m.c.i.e.AbstractTransferListenerAdapter - Downloading https://repo.maven.apache.org/maven2/org/springframework/boot/spring-boot-starter-websocket/3.3.5/spring-boot-starter-websocket-3.3.5.jar
2024-11-01 10:44:13,986 [Worker-216: Building] INFO  o.e.m.c.i.e.AbstractTransferListenerAdapter - Downloaded https://repo.maven.apache.org/maven2/org/springframework/boot/spring-boot-starter-websocket/3.3.5/spring-boot-starter-websocket-3.3.5.jar
2024-11-01 10:44:14,033 [BasicRepositoryConnector-repo.maven.apache.org-2-0] INFO  o.e.m.c.i.e.AbstractTransferListenerAdapter - Downloading https://repo.maven.apache.org/maven2/org/springframework/spring-messaging/6.1.14/spring-messaging-6.1.14.jar
2024-11-01 10:44:14,123 [BasicRepositoryConnector-repo.maven.apache.org-2-3] INFO  o.e.m.c.i.e.AbstractTransferListenerAdapter - Downloading https://repo.maven.apache.org/maven2/org/springframework/boot/spring-boot-starter-data-redis/3.3.5/spring-boot-starter-data-redis-3.3.5.jar
2024-11-01 10:44:14,124 [BasicRepositoryConnector-repo.maven.apache.org-2-3] INFO  o.e.m.c.i.e.AbstractTransferListenerAdapter - Downloaded https://repo.maven.apache.org/maven2/org/springframework/boot/spring-boot-starter-data-redis/3.3.5/spring-boot-starter-data-redis-3.3.5.jar
2024-11-01 10:44:14,125 [BasicRepositoryConnector-repo.maven.apache.org-2-2] INFO  o.e.m.c.i.e.AbstractTransferListenerAdapter - Downloading https://repo.maven.apache.org/maven2/io/jsonwebtoken/jjwt/0.9.1/jjwt-0.9.1.jar
2024-11-01 10:44:14,127 [BasicRepositoryConnector-repo.maven.apache.org-2-1] INFO  o.e.m.c.i.e.AbstractTransferListenerAdapter - Downloading https://repo.maven.apache.org/maven2/org/springframework/spring-websocket/6.1.14/spring-websocket-6.1.14.jar
2024-11-01 10:44:14,130 [BasicRepositoryConnector-repo.maven.apache.org-2-4] INFO  o.e.m.c.i.e.AbstractTransferListenerAdapter - Downloading https://repo.maven.apache.org/maven2/io/lettuce/lettuce-core/6.3.2.RELEASE/lettuce-core-6.3.2.RELEASE.jar
2024-11-01 10:44:14,220 [BasicRepositoryConnector-repo.maven.apache.org-2-3] INFO  o.e.m.c.i.e.AbstractTransferListenerAdapter - Downloading https://repo.maven.apache.org/maven2/org/springframework/data/spring-data-redis/3.3.5/spring-data-redis-3.3.5.jar
2024-11-01 10:44:14,324 [BasicRepositoryConnector-repo.maven.apache.org-2-2] INFO  o.e.m.c.i.e.AbstractTransferListenerAdapter - Downloaded https://repo.maven.apache.org/maven2/io/jsonwebtoken/jjwt/0.9.1/jjwt-0.9.1.jar
2024-11-01 10:44:14,371 [BasicRepositoryConnector-repo.maven.apache.org-2-2] INFO  o.e.m.c.i.e.AbstractTransferListenerAdapter - Downloading https://repo.maven.apache.org/maven2/org/springframework/data/spring-data-keyvalue/3.3.5/spring-data-keyvalue-3.3.5.jar
2024-11-01 10:44:14,646 [BasicRepositoryConnector-repo.maven.apache.org-2-2] INFO  o.e.m.c.i.e.AbstractTransferListenerAdapter - Downloaded https://repo.maven.apache.org/maven2/org/springframework/data/spring-data-keyvalue/3.3.5/spring-data-keyvalue-3.3.5.jar
2024-11-01 10:44:14,691 [BasicRepositoryConnector-repo.maven.apache.org-2-2] INFO  o.e.m.c.i.e.AbstractTransferListenerAdapter - Downloading https://repo.maven.apache.org/maven2/org/springframework/spring-oxm/6.1.14/spring-oxm-6.1.14.jar
2024-11-01 10:44:14,887 [BasicRepositoryConnector-repo.maven.apache.org-2-3] INFO  o.e.m.c.i.e.AbstractTransferListenerAdapter - Downloaded https://repo.maven.apache.org/maven2/org/springframework/data/spring-data-redis/3.3.5/spring-data-redis-3.3.5.jar
2024-11-01 10:44:14,934 [BasicRepositoryConnector-repo.maven.apache.org-2-3] INFO  o.e.m.c.i.e.AbstractTransferListenerAdapter - Downloading https://repo.maven.apache.org/maven2/org/springframework/spring-context-support/6.1.14/spring-context-support-6.1.14.jar
2024-11-01 10:44:14,980 [BasicRepositoryConnector-repo.maven.apache.org-2-2] INFO  o.e.m.c.i.e.AbstractTransferListenerAdapter - Downloaded https://repo.maven.apache.org/maven2/org/springframework/spring-oxm/6.1.14/spring-oxm-6.1.14.jar
2024-11-01 10:44:15,010 [BasicRepositoryConnector-repo.maven.apache.org-2-3] INFO  o.e.m.c.i.e.AbstractTransferListenerAdapter - Downloaded https://repo.maven.apache.org/maven2/org/springframework/spring-context-support/6.1.14/spring-context-support-6.1.14.jar
2024-11-01 10:44:15,026 [BasicRepositoryConnector-repo.maven.apache.org-2-2] INFO  o.e.m.c.i.e.AbstractTransferListenerAdapter - Downloading https://repo.maven.apache.org/maven2/org/springframework/boot/spring-boot-starter-data-elasticsearch/3.3.5/spring-boot-starter-data-elasticsearch-3.3.5.jar
2024-11-01 10:44:15,037 [BasicRepositoryConnector-repo.maven.apache.org-2-2] INFO  o.e.m.c.i.e.AbstractTransferListenerAdapter - Downloaded https://repo.maven.apache.org/maven2/org/springframework/boot/spring-boot-starter-data-elasticsearch/3.3.5/spring-boot-starter-data-elasticsearch-3.3.5.jar
2024-11-01 10:44:15,059 [BasicRepositoryConnector-repo.maven.apache.org-2-3] INFO  o.e.m.c.i.e.AbstractTransferListenerAdapter - Downloading https://repo.maven.apache.org/maven2/org/springframework/data/spring-data-elasticsearch/5.3.5/spring-data-elasticsearch-5.3.5.jar
2024-11-01 10:44:15,084 [BasicRepositoryConnector-repo.maven.apache.org-2-2] INFO  o.e.m.c.i.e.AbstractTransferListenerAdapter - Downloading https://repo.maven.apache.org/maven2/co/elastic/clients/elasticsearch-java/8.13.4/elasticsearch-java-8.13.4.jar
2024-11-01 10:44:15,262 [BasicRepositoryConnector-repo.maven.apache.org-2-1] INFO  o.e.m.c.i.e.AbstractTransferListenerAdapter - Downloaded https://repo.maven.apache.org/maven2/org/springframework/spring-websocket/6.1.14/spring-websocket-6.1.14.jar
2024-11-01 10:44:15,283 [BasicRepositoryConnector-repo.maven.apache.org-2-3] INFO  o.e.m.c.i.e.AbstractTransferListenerAdapter - Downloaded https://repo.maven.apache.org/maven2/org/springframework/data/spring-data-elasticsearch/5.3.5/spring-data-elasticsearch-5.3.5.jar
2024-11-01 10:44:15,309 [BasicRepositoryConnector-repo.maven.apache.org-2-1] INFO  o.e.m.c.i.e.AbstractTransferListenerAdapter - Downloading https://repo.maven.apache.org/maven2/jakarta/json/jakarta.json-api/2.1.3/jakarta.json-api-2.1.3.jar
2024-11-01 10:44:15,333 [BasicRepositoryConnector-repo.maven.apache.org-2-3] INFO  o.e.m.c.i.e.AbstractTransferListenerAdapter - Downloading https://repo.maven.apache.org/maven2/org/eclipse/parsson/parsson/1.0.5/parsson-1.0.5.jar
2024-11-01 10:44:15,363 [BasicRepositoryConnector-repo.maven.apache.org-2-3] INFO  o.e.m.c.i.e.AbstractTransferListenerAdapter - Downloaded https://repo.maven.apache.org/maven2/org/eclipse/parsson/parsson/1.0.5/parsson-1.0.5.jar
2024-11-01 10:44:15,408 [BasicRepositoryConnector-repo.maven.apache.org-2-3] INFO  o.e.m.c.i.e.AbstractTransferListenerAdapter - Downloading https://repo.maven.apache.org/maven2/io/opentelemetry/opentelemetry-api/1.37.0/opentelemetry-api-1.37.0.jar
2024-11-01 10:44:15,439 [BasicRepositoryConnector-repo.maven.apache.org-2-3] INFO  o.e.m.c.i.e.AbstractTransferListenerAdapter - Downloaded https://repo.maven.apache.org/maven2/io/opentelemetry/opentelemetry-api/1.37.0/opentelemetry-api-1.37.0.jar
2024-11-01 10:44:15,484 [BasicRepositoryConnector-repo.maven.apache.org-2-3] INFO  o.e.m.c.i.e.AbstractTransferListenerAdapter - Downloading https://repo.maven.apache.org/maven2/io/opentelemetry/opentelemetry-context/1.37.0/opentelemetry-context-1.37.0.jar
2024-11-01 10:44:15,488 [BasicRepositoryConnector-repo.maven.apache.org-2-1] INFO  o.e.m.c.i.e.AbstractTransferListenerAdapter - Downloaded https://repo.maven.apache.org/maven2/jakarta/json/jakarta.json-api/2.1.3/jakarta.json-api-2.1.3.jar
2024-11-01 10:44:15,494 [BasicRepositoryConnector-repo.maven.apache.org-2-3] INFO  o.e.m.c.i.e.AbstractTransferListenerAdapter - Downloaded https://repo.maven.apache.org/maven2/io/opentelemetry/opentelemetry-context/1.37.0/opentelemetry-context-1.37.0.jar
2024-11-01 10:44:15,536 [BasicRepositoryConnector-repo.maven.apache.org-2-1] INFO  o.e.m.c.i.e.AbstractTransferListenerAdapter - Downloading https://repo.maven.apache.org/maven2/org/elasticsearch/client/elasticsearch-rest-client/8.13.4/elasticsearch-rest-client-8.13.4.jar
2024-11-01 10:44:15,541 [BasicRepositoryConnector-repo.maven.apache.org-2-3] INFO  o.e.m.c.i.e.AbstractTransferListenerAdapter - Downloading https://repo.maven.apache.org/maven2/org/apache/httpcomponents/httpclient/4.5.14/httpclient-4.5.14.jar
2024-11-01 10:44:15,711 [BasicRepositoryConnector-repo.maven.apache.org-2-3] INFO  o.e.m.c.i.e.AbstractTransferListenerAdapter - Downloaded https://repo.maven.apache.org/maven2/org/apache/httpcomponents/httpclient/4.5.14/httpclient-4.5.14.jar
2024-11-01 10:44:15,741 [BasicRepositoryConnector-repo.maven.apache.org-2-1] INFO  o.e.m.c.i.e.AbstractTransferListenerAdapter - Downloaded https://repo.maven.apache.org/maven2/org/elasticsearch/client/elasticsearch-rest-client/8.13.4/elasticsearch-rest-client-8.13.4.jar
2024-11-01 10:44:15,755 [BasicRepositoryConnector-repo.maven.apache.org-2-3] INFO  o.e.m.c.i.e.AbstractTransferListenerAdapter - Downloading https://repo.maven.apache.org/maven2/org/apache/httpcomponents/httpcore/4.4.16/httpcore-4.4.16.jar
2024-11-01 10:44:15,787 [BasicRepositoryConnector-repo.maven.apache.org-2-1] INFO  o.e.m.c.i.e.AbstractTransferListenerAdapter - Downloading https://repo.maven.apache.org/maven2/org/apache/httpcomponents/httpasyncclient/4.1.5/httpasyncclient-4.1.5.jar
2024-11-01 10:44:15,825 [BasicRepositoryConnector-repo.maven.apache.org-2-3] INFO  o.e.m.c.i.e.AbstractTransferListenerAdapter - Downloaded https://repo.maven.apache.org/maven2/org/apache/httpcomponents/httpcore/4.4.16/httpcore-4.4.16.jar
2024-11-01 10:44:15,869 [BasicRepositoryConnector-repo.maven.apache.org-2-3] INFO  o.e.m.c.i.e.AbstractTransferListenerAdapter - Downloading https://repo.maven.apache.org/maven2/org/apache/httpcomponents/httpcore-nio/4.4.16/httpcore-nio-4.4.16.jar
2024-11-01 10:44:15,953 [BasicRepositoryConnector-repo.maven.apache.org-2-3] INFO  o.e.m.c.i.e.AbstractTransferListenerAdapter - Downloaded https://repo.maven.apache.org/maven2/org/apache/httpcomponents/httpcore-nio/4.4.16/httpcore-nio-4.4.16.jar
2024-11-01 10:44:15,978 [BasicRepositoryConnector-repo.maven.apache.org-2-0] INFO  o.e.m.c.i.e.AbstractTransferListenerAdapter - Downloaded https://repo.maven.apache.org/maven2/org/springframework/spring-messaging/6.1.14/spring-messaging-6.1.14.jar
2024-11-01 10:44:16,000 [BasicRepositoryConnector-repo.maven.apache.org-2-3] INFO  o.e.m.c.i.e.AbstractTransferListenerAdapter - Downloading https://repo.maven.apache.org/maven2/org/springframework/boot/spring-boot-starter-actuator/3.3.5/spring-boot-starter-actuator-3.3.5.jar
2024-11-01 10:44:16,005 [BasicRepositoryConnector-repo.maven.apache.org-2-3] INFO  o.e.m.c.i.e.AbstractTransferListenerAdapter - Downloaded https://repo.maven.apache.org/maven2/org/springframework/boot/spring-boot-starter-actuator/3.3.5/spring-boot-starter-actuator-3.3.5.jar
2024-11-01 10:44:16,025 [BasicRepositoryConnector-repo.maven.apache.org-2-0] INFO  o.e.m.c.i.e.AbstractTransferListenerAdapter - Downloading https://repo.maven.apache.org/maven2/org/springframework/boot/spring-boot-actuator-autoconfigure/3.3.5/spring-boot-actuator-autoconfigure-3.3.5.jar
2024-11-01 10:44:16,055 [BasicRepositoryConnector-repo.maven.apache.org-2-3] INFO  o.e.m.c.i.e.AbstractTransferListenerAdapter - Downloading https://repo.maven.apache.org/maven2/org/springframework/boot/spring-boot-actuator/3.3.5/spring-boot-actuator-3.3.5.jar
2024-11-01 10:44:16,179 [BasicRepositoryConnector-repo.maven.apache.org-2-1] INFO  o.e.m.c.i.e.AbstractTransferListenerAdapter - Downloaded https://repo.maven.apache.org/maven2/org/apache/httpcomponents/httpasyncclient/4.1.5/httpasyncclient-4.1.5.jar
2024-11-01 10:44:16,200 [BasicRepositoryConnector-repo.maven.apache.org-2-3] INFO  o.e.m.c.i.e.AbstractTransferListenerAdapter - Downloaded https://repo.maven.apache.org/maven2/org/springframework/boot/spring-boot-actuator/3.3.5/spring-boot-actuator-3.3.5.jar
2024-11-01 10:44:16,224 [BasicRepositoryConnector-repo.maven.apache.org-2-1] INFO  o.e.m.c.i.e.AbstractTransferListenerAdapter - Downloading https://repo.maven.apache.org/maven2/io/micrometer/micrometer-jakarta9/1.13.6/micrometer-jakarta9-1.13.6.jar
2024-11-01 10:44:16,245 [BasicRepositoryConnector-repo.maven.apache.org-2-3] INFO  o.e.m.c.i.e.AbstractTransferListenerAdapter - Downloading https://repo.maven.apache.org/maven2/io/micrometer/micrometer-registry-prometheus/1.13.6/micrometer-registry-prometheus-1.13.6.jar
2024-11-01 10:44:16,253 [BasicRepositoryConnector-repo.maven.apache.org-2-3] INFO  o.e.m.c.i.e.AbstractTransferListenerAdapter - Downloaded https://repo.maven.apache.org/maven2/io/micrometer/micrometer-registry-prometheus/1.13.6/micrometer-registry-prometheus-1.13.6.jar
2024-11-01 10:44:16,288 [BasicRepositoryConnector-repo.maven.apache.org-2-1] INFO  o.e.m.c.i.e.AbstractTransferListenerAdapter - Downloaded https://repo.maven.apache.org/maven2/io/micrometer/micrometer-jakarta9/1.13.6/micrometer-jakarta9-1.13.6.jar
2024-11-01 10:44:16,308 [BasicRepositoryConnector-repo.maven.apache.org-2-3] INFO  o.e.m.c.i.e.AbstractTransferListenerAdapter - Downloading https://repo.maven.apache.org/maven2/io/micrometer/micrometer-core/1.13.6/micrometer-core-1.13.6.jar
2024-11-01 10:44:16,336 [BasicRepositoryConnector-repo.maven.apache.org-2-1] INFO  o.e.m.c.i.e.AbstractTransferListenerAdapter - Downloading https://repo.maven.apache.org/maven2/org/hdrhistogram/HdrHistogram/2.2.2/HdrHistogram-2.2.2.jar
2024-11-01 10:44:16,498 [BasicRepositoryConnector-repo.maven.apache.org-2-3] INFO  o.e.m.c.i.e.AbstractTransferListenerAdapter - Downloaded https://repo.maven.apache.org/maven2/io/micrometer/micrometer-core/1.13.6/micrometer-core-1.13.6.jar
2024-11-01 10:44:16,543 [BasicRepositoryConnector-repo.maven.apache.org-2-3] INFO  o.e.m.c.i.e.AbstractTransferListenerAdapter - Downloading https://repo.maven.apache.org/maven2/io/prometheus/prometheus-metrics-core/1.2.1/prometheus-metrics-core-1.2.1.jar
2024-11-01 10:44:16,566 [BasicRepositoryConnector-repo.maven.apache.org-2-3] INFO  o.e.m.c.i.e.AbstractTransferListenerAdapter - Downloaded https://repo.maven.apache.org/maven2/io/prometheus/prometheus-metrics-core/1.2.1/prometheus-metrics-core-1.2.1.jar
2024-11-01 10:44:16,614 [BasicRepositoryConnector-repo.maven.apache.org-2-3] INFO  o.e.m.c.i.e.AbstractTransferListenerAdapter - Downloading https://repo.maven.apache.org/maven2/io/prometheus/prometheus-metrics-model/1.2.1/prometheus-metrics-model-1.2.1.jar
2024-11-01 10:44:16,623 [BasicRepositoryConnector-repo.maven.apache.org-2-1] INFO  o.e.m.c.i.e.AbstractTransferListenerAdapter - Downloaded https://repo.maven.apache.org/maven2/org/hdrhistogram/HdrHistogram/2.2.2/HdrHistogram-2.2.2.jar
2024-11-01 10:44:16,633 [BasicRepositoryConnector-repo.maven.apache.org-2-3] INFO  o.e.m.c.i.e.AbstractTransferListenerAdapter - Downloaded https://repo.maven.apache.org/maven2/io/prometheus/prometheus-metrics-model/1.2.1/prometheus-metrics-model-1.2.1.jar
2024-11-01 10:44:16,673 [BasicRepositoryConnector-repo.maven.apache.org-2-1] INFO  o.e.m.c.i.e.AbstractTransferListenerAdapter - Downloading https://repo.maven.apache.org/maven2/io/prometheus/prometheus-metrics-config/1.2.1/prometheus-metrics-config-1.2.1.jar
2024-11-01 10:44:16,679 [BasicRepositoryConnector-repo.maven.apache.org-2-3] INFO  o.e.m.c.i.e.AbstractTransferListenerAdapter - Downloading https://repo.maven.apache.org/maven2/io/prometheus/prometheus-metrics-tracer-common/1.2.1/prometheus-metrics-tracer-common-1.2.1.jar
2024-11-01 10:44:16,684 [BasicRepositoryConnector-repo.maven.apache.org-2-3] INFO  o.e.m.c.i.e.AbstractTransferListenerAdapter - Downloaded https://repo.maven.apache.org/maven2/io/prometheus/prometheus-metrics-tracer-common/1.2.1/prometheus-metrics-tracer-common-1.2.1.jar
2024-11-01 10:44:16,722 [BasicRepositoryConnector-repo.maven.apache.org-2-1] INFO  o.e.m.c.i.e.AbstractTransferListenerAdapter - Downloaded https://repo.maven.apache.org/maven2/io/prometheus/prometheus-metrics-config/1.2.1/prometheus-metrics-config-1.2.1.jar
2024-11-01 10:44:16,732 [BasicRepositoryConnector-repo.maven.apache.org-2-3] INFO  o.e.m.c.i.e.AbstractTransferListenerAdapter - Downloading https://repo.maven.apache.org/maven2/io/prometheus/prometheus-metrics-exposition-formats/1.2.1/prometheus-metrics-exposition-formats-1.2.1.jar
2024-11-01 10:44:16,774 [BasicRepositoryConnector-repo.maven.apache.org-2-1] INFO  o.e.m.c.i.e.AbstractTransferListenerAdapter - Downloading https://repo.maven.apache.org/maven2/io/prometheus/prometheus-metrics-shaded-protobuf/1.2.1/prometheus-metrics-shaded-protobuf-1.2.1.jar
2024-11-01 10:44:16,778 [BasicRepositoryConnector-repo.maven.apache.org-2-3] INFO  o.e.m.c.i.e.AbstractTransferListenerAdapter - Downloaded https://repo.maven.apache.org/maven2/io/prometheus/prometheus-metrics-exposition-formats/1.2.1/prometheus-metrics-exposition-formats-1.2.1.jar
2024-11-01 10:44:16,825 [BasicRepositoryConnector-repo.maven.apache.org-2-3] INFO  o.e.m.c.i.e.AbstractTransferListenerAdapter - Downloading https://repo.maven.apache.org/maven2/org/mapstruct/mapstruct/1.4.2.Final/mapstruct-1.4.2.Final.jar
2024-11-01 10:44:16,832 [BasicRepositoryConnector-repo.maven.apache.org-2-3] INFO  o.e.m.c.i.e.AbstractTransferListenerAdapter - Downloaded https://repo.maven.apache.org/maven2/org/mapstruct/mapstruct/1.4.2.Final/mapstruct-1.4.2.Final.jar
2024-11-01 10:44:16,884 [BasicRepositoryConnector-repo.maven.apache.org-2-3] INFO  o.e.m.c.i.e.AbstractTransferListenerAdapter - Downloading https://repo.maven.apache.org/maven2/org/mapstruct/mapstruct-processor/1.4.2.Final/mapstruct-processor-1.4.2.Final.jar
2024-11-01 10:44:17,120 [BasicRepositoryConnector-repo.maven.apache.org-2-0] INFO  o.e.m.c.i.e.AbstractTransferListenerAdapter - Downloaded https://repo.maven.apache.org/maven2/org/springframework/boot/spring-boot-actuator-autoconfigure/3.3.5/spring-boot-actuator-autoconfigure-3.3.5.jar
2024-11-01 10:44:17,166 [BasicRepositoryConnector-repo.maven.apache.org-2-0] INFO  o.e.m.c.i.e.AbstractTransferListenerAdapter - Downloading https://repo.maven.apache.org/maven2/org/springframework/boot/spring-boot-devtools/3.3.5/spring-boot-devtools-3.3.5.jar
2024-11-01 10:44:17,280 [BasicRepositoryConnector-repo.maven.apache.org-2-3] INFO  o.e.m.c.i.e.AbstractTransferListenerAdapter - Downloaded https://repo.maven.apache.org/maven2/org/mapstruct/mapstruct-processor/1.4.2.Final/mapstruct-processor-1.4.2.Final.jar
2024-11-01 10:44:17,304 [BasicRepositoryConnector-repo.maven.apache.org-2-4] INFO  o.e.m.c.i.e.AbstractTransferListenerAdapter - Downloaded https://repo.maven.apache.org/maven2/io/lettuce/lettuce-core/6.3.2.RELEASE/lettuce-core-6.3.2.RELEASE.jar
2024-11-01 10:44:17,368 [BasicRepositoryConnector-repo.maven.apache.org-2-0] INFO  o.e.m.c.i.e.AbstractTransferListenerAdapter - Downloaded https://repo.maven.apache.org/maven2/org/springframework/boot/spring-boot-devtools/3.3.5/spring-boot-devtools-3.3.5.jar
2024-11-01 10:44:18,618 [BasicRepositoryConnector-repo.maven.apache.org-2-1] INFO  o.e.m.c.i.e.AbstractTransferListenerAdapter - Downloaded https://repo.maven.apache.org/maven2/io/prometheus/prometheus-metrics-shaded-protobuf/1.2.1/prometheus-metrics-shaded-protobuf-1.2.1.jar
2024-11-01 10:44:22,212 [BasicRepositoryConnector-repo.maven.apache.org-2-2] INFO  o.e.m.c.i.e.AbstractTransferListenerAdapter - Downloaded https://repo.maven.apache.org/maven2/co/elastic/clients/elasticsearch-java/8.13.4/elasticsearch-java-8.13.4.jar
2024-11-01 10:44:23,511 [Worker-217: Download sources and javadoc] INFO  o.e.m.c.i.e.AbstractTransferListenerAdapter - Downloading https://repo.maven.apache.org/maven2/org/springframework/boot/spring-boot-starter-websocket/3.3.5/spring-boot-starter-websocket-3.3.5-sources.jar
2024-11-01 10:44:23,512 [Worker-217: Download sources and javadoc] INFO  o.e.m.c.i.e.AbstractTransferListenerAdapter - Downloaded https://repo.maven.apache.org/maven2/org/springframework/boot/spring-boot-starter-websocket/3.3.5/spring-boot-starter-websocket-3.3.5-sources.jar
2024-11-01 10:44:23,513 [Worker-217: Download sources and javadoc] INFO  o.e.m.j.internal.DownloadSourcesJob - Downloaded sources for org.springframework.boot:spring-boot-starter-websocket:3.3.5
2024-11-01 10:44:23,646 [Worker-217: Download sources and javadoc] INFO  o.e.m.c.i.e.AbstractTransferListenerAdapter - Downloading https://repo.maven.apache.org/maven2/org/springframework/spring-messaging/6.1.14/spring-messaging-6.1.14-sources.jar
2024-11-01 10:44:23,791 [Worker-217: Download sources and javadoc] INFO  o.e.m.c.i.e.AbstractTransferListenerAdapter - Downloaded https://repo.maven.apache.org/maven2/org/springframework/spring-messaging/6.1.14/spring-messaging-6.1.14-sources.jar
2024-11-01 10:44:23,793 [Worker-217: Download sources and javadoc] INFO  o.e.m.j.internal.DownloadSourcesJob - Downloaded sources for org.springframework:spring-messaging:6.1.14
2024-11-01 10:44:23,953 [Worker-217: Download sources and javadoc] INFO  o.e.m.c.i.e.AbstractTransferListenerAdapter - Downloading https://repo.maven.apache.org/maven2/org/springframework/spring-websocket/6.1.14/spring-websocket-6.1.14-sources.jar
2024-11-01 10:44:24,087 [Worker-217: Download sources and javadoc] INFO  o.e.m.c.i.e.AbstractTransferListenerAdapter - Downloaded https://repo.maven.apache.org/maven2/org/springframework/spring-websocket/6.1.14/spring-websocket-6.1.14-sources.jar
2024-11-01 10:44:24,088 [Worker-217: Download sources and javadoc] INFO  o.e.m.j.internal.DownloadSourcesJob - Downloaded sources for org.springframework:spring-websocket:6.1.14
2024-11-01 10:44:24,222 [Worker-217: Download sources and javadoc] INFO  o.e.m.c.i.e.AbstractTransferListenerAdapter - Downloading https://repo.maven.apache.org/maven2/io/jsonwebtoken/jjwt/0.9.1/jjwt-0.9.1-sources.jar
2024-11-01 10:44:24,285 [Worker-217: Download sources and javadoc] INFO  o.e.m.c.i.e.AbstractTransferListenerAdapter - Downloaded https://repo.maven.apache.org/maven2/io/jsonwebtoken/jjwt/0.9.1/jjwt-0.9.1-sources.jar
2024-11-01 10:44:24,286 [Worker-217: Download sources and javadoc] INFO  o.e.m.j.internal.DownloadSourcesJob - Downloaded sources for io.jsonwebtoken:jjwt:0.9.1
2024-11-01 10:44:24,420 [Worker-217: Download sources and javadoc] INFO  o.e.m.c.i.e.AbstractTransferListenerAdapter - Downloading https://repo.maven.apache.org/maven2/org/springframework/boot/spring-boot-starter-data-redis/3.3.5/spring-boot-starter-data-redis-3.3.5-sources.jar
2024-11-01 10:44:24,421 [Worker-217: Download sources and javadoc] INFO  o.e.m.c.i.e.AbstractTransferListenerAdapter - Downloaded https://repo.maven.apache.org/maven2/org/springframework/boot/spring-boot-starter-data-redis/3.3.5/spring-boot-starter-data-redis-3.3.5-sources.jar
2024-11-01 10:44:24,422 [Worker-217: Download sources and javadoc] INFO  o.e.m.j.internal.DownloadSourcesJob - Downloaded sources for org.springframework.boot:spring-boot-starter-data-redis:3.3.5
2024-11-01 10:44:24,555 [Worker-217: Download sources and javadoc] INFO  o.e.m.c.i.e.AbstractTransferListenerAdapter - Downloading https://repo.maven.apache.org/maven2/io/lettuce/lettuce-core/6.3.2.RELEASE/lettuce-core-6.3.2.RELEASE-sources.jar
2024-11-01 10:44:24,771 [Worker-217: Download sources and javadoc] INFO  o.e.m.c.i.e.AbstractTransferListenerAdapter - Downloaded https://repo.maven.apache.org/maven2/io/lettuce/lettuce-core/6.3.2.RELEASE/lettuce-core-6.3.2.RELEASE-sources.jar
2024-11-01 10:44:24,771 [Worker-217: Download sources and javadoc] INFO  o.e.m.j.internal.DownloadSourcesJob - Downloaded sources for io.lettuce:lettuce-core:6.3.2.RELEASE
2024-11-01 10:44:24,907 [Worker-217: Download sources and javadoc] INFO  o.e.m.c.i.e.AbstractTransferListenerAdapter - Downloading https://repo.maven.apache.org/maven2/org/springframework/data/spring-data-redis/3.3.5/spring-data-redis-3.3.5-sources.jar
2024-11-01 10:44:25,116 [Worker-217: Download sources and javadoc] INFO  o.e.m.c.i.e.AbstractTransferListenerAdapter - Downloaded https://repo.maven.apache.org/maven2/org/springframework/data/spring-data-redis/3.3.5/spring-data-redis-3.3.5-sources.jar
2024-11-01 10:44:25,117 [Worker-217: Download sources and javadoc] INFO  o.e.m.j.internal.DownloadSourcesJob - Downloaded sources for org.springframework.data:spring-data-redis:3.3.5
2024-11-01 10:44:25,255 [Worker-217: Download sources and javadoc] INFO  o.e.m.c.i.e.AbstractTransferListenerAdapter - Downloading https://repo.maven.apache.org/maven2/org/springframework/data/spring-data-keyvalue/3.3.5/spring-data-keyvalue-3.3.5-sources.jar
2024-11-01 10:44:25,313 [Worker-217: Download sources and javadoc] INFO  o.e.m.c.i.e.AbstractTransferListenerAdapter - Downloaded https://repo.maven.apache.org/maven2/org/springframework/data/spring-data-keyvalue/3.3.5/spring-data-keyvalue-3.3.5-sources.jar
2024-11-01 10:44:25,314 [Worker-217: Download sources and javadoc] INFO  o.e.m.j.internal.DownloadSourcesJob - Downloaded sources for org.springframework.data:spring-data-keyvalue:3.3.5
2024-11-01 10:44:25,451 [Worker-217: Download sources and javadoc] INFO  o.e.m.c.i.e.AbstractTransferListenerAdapter - Downloading https://repo.maven.apache.org/maven2/org/springframework/spring-oxm/6.1.14/spring-oxm-6.1.14-sources.jar
2024-11-01 10:44:25,494 [Worker-217: Download sources and javadoc] INFO  o.e.m.c.i.e.AbstractTransferListenerAdapter - Downloaded https://repo.maven.apache.org/maven2/org/springframework/spring-oxm/6.1.14/spring-oxm-6.1.14-sources.jar
2024-11-01 10:44:25,494 [Worker-217: Download sources and javadoc] INFO  o.e.m.j.internal.DownloadSourcesJob - Downloaded sources for org.springframework:spring-oxm:6.1.14
2024-11-01 10:44:25,633 [Worker-217: Download sources and javadoc] INFO  o.e.m.c.i.e.AbstractTransferListenerAdapter - Downloading https://repo.maven.apache.org/maven2/org/springframework/spring-context-support/6.1.14/spring-context-support-6.1.14-sources.jar
2024-11-01 10:44:25,719 [Worker-217: Download sources and javadoc] INFO  o.e.m.c.i.e.AbstractTransferListenerAdapter - Downloaded https://repo.maven.apache.org/maven2/org/springframework/spring-context-support/6.1.14/spring-context-support-6.1.14-sources.jar
2024-11-01 10:44:25,720 [Worker-217: Download sources and javadoc] INFO  o.e.m.j.internal.DownloadSourcesJob - Downloaded sources for org.springframework:spring-context-support:6.1.14
2024-11-01 10:44:25,853 [Worker-217: Download sources and javadoc] INFO  o.e.m.c.i.e.AbstractTransferListenerAdapter - Downloading https://repo.maven.apache.org/maven2/org/springframework/boot/spring-boot-starter-data-elasticsearch/3.3.5/spring-boot-starter-data-elasticsearch-3.3.5-sources.jar
2024-11-01 10:44:25,854 [Worker-217: Download sources and javadoc] INFO  o.e.m.c.i.e.AbstractTransferListenerAdapter - Downloaded https://repo.maven.apache.org/maven2/org/springframework/boot/spring-boot-starter-data-elasticsearch/3.3.5/spring-boot-starter-data-elasticsearch-3.3.5-sources.jar
2024-11-01 10:44:25,855 [Worker-217: Download sources and javadoc] INFO  o.e.m.j.internal.DownloadSourcesJob - Downloaded sources for org.springframework.boot:spring-boot-starter-data-elasticsearch:3.3.5
2024-11-01 10:44:25,989 [Worker-217: Download sources and javadoc] INFO  o.e.m.c.i.e.AbstractTransferListenerAdapter - Downloading https://repo.maven.apache.org/maven2/org/springframework/data/spring-data-elasticsearch/5.3.5/spring-data-elasticsearch-5.3.5-sources.jar
2024-11-01 10:44:26,143 [Worker-217: Download sources and javadoc] INFO  o.e.m.c.i.e.AbstractTransferListenerAdapter - Downloaded https://repo.maven.apache.org/maven2/org/springframework/data/spring-data-elasticsearch/5.3.5/spring-data-elasticsearch-5.3.5-sources.jar
2024-11-01 10:44:26,145 [Worker-217: Download sources and javadoc] INFO  o.e.m.j.internal.DownloadSourcesJob - Downloaded sources for org.springframework.data:spring-data-elasticsearch:5.3.5
2024-11-01 10:44:26,288 [Worker-217: Download sources and javadoc] INFO  o.e.m.c.i.e.AbstractTransferListenerAdapter - Downloading https://repo.maven.apache.org/maven2/co/elastic/clients/elasticsearch-java/8.13.4/elasticsearch-java-8.13.4-sources.jar
2024-11-01 10:44:26,974 [Worker-217: Download sources and javadoc] INFO  o.e.m.c.i.e.AbstractTransferListenerAdapter - Downloaded https://repo.maven.apache.org/maven2/co/elastic/clients/elasticsearch-java/8.13.4/elasticsearch-java-8.13.4-sources.jar
2024-11-01 10:44:26,975 [Worker-217: Download sources and javadoc] INFO  o.e.m.j.internal.DownloadSourcesJob - Downloaded sources for co.elastic.clients:elasticsearch-java:8.13.4
2024-11-01 10:44:27,114 [Worker-217: Download sources and javadoc] INFO  o.e.m.c.i.e.AbstractTransferListenerAdapter - Downloading https://repo.maven.apache.org/maven2/com/google/code/findbugs/jsr305/3.0.2/jsr305-3.0.2-sources.jar
2024-11-01 10:44:27,118 [Worker-217: Download sources and javadoc] INFO  o.e.m.c.i.e.AbstractTransferListenerAdapter - Downloaded https://repo.maven.apache.org/maven2/com/google/code/findbugs/jsr305/3.0.2/jsr305-3.0.2-sources.jar
2024-11-01 10:44:27,124 [Worker-217: Download sources and javadoc] INFO  o.e.m.j.internal.DownloadSourcesJob - Downloaded sources for com.google.code.findbugs:jsr305:3.0.2
2024-11-01 10:44:27,268 [Worker-217: Download sources and javadoc] INFO  o.e.m.c.i.e.AbstractTransferListenerAdapter - Downloading https://repo.maven.apache.org/maven2/jakarta/json/jakarta.json-api/2.1.3/jakarta.json-api-2.1.3-sources.jar
2024-11-01 10:44:27,324 [Worker-217: Download sources and javadoc] INFO  o.e.m.c.i.e.AbstractTransferListenerAdapter - Downloaded https://repo.maven.apache.org/maven2/jakarta/json/jakarta.json-api/2.1.3/jakarta.json-api-2.1.3-sources.jar
2024-11-01 10:44:27,329 [Worker-217: Download sources and javadoc] INFO  o.e.m.j.internal.DownloadSourcesJob - Downloaded sources for jakarta.json:jakarta.json-api:2.1.3
2024-11-01 10:44:27,472 [Worker-217: Download sources and javadoc] INFO  o.e.m.c.i.e.AbstractTransferListenerAdapter - Downloading https://repo.maven.apache.org/maven2/org/eclipse/parsson/parsson/1.0.5/parsson-1.0.5-sources.jar
2024-11-01 10:44:27,525 [Worker-217: Download sources and javadoc] INFO  o.e.m.c.i.e.AbstractTransferListenerAdapter - Downloaded https://repo.maven.apache.org/maven2/org/eclipse/parsson/parsson/1.0.5/parsson-1.0.5-sources.jar
2024-11-01 10:44:27,525 [Worker-217: Download sources and javadoc] INFO  o.e.m.j.internal.DownloadSourcesJob - Downloaded sources for org.eclipse.parsson:parsson:1.0.5
2024-11-01 10:44:27,662 [Worker-217: Download sources and javadoc] INFO  o.e.m.c.i.e.AbstractTransferListenerAdapter - Downloading https://repo.maven.apache.org/maven2/io/opentelemetry/opentelemetry-api/1.37.0/opentelemetry-api-1.37.0-sources.jar
2024-11-01 10:44:27,725 [Worker-217: Download sources and javadoc] INFO  o.e.m.c.i.e.AbstractTransferListenerAdapter - Downloaded https://repo.maven.apache.org/maven2/io/opentelemetry/opentelemetry-api/1.37.0/opentelemetry-api-1.37.0-sources.jar
2024-11-01 10:44:27,728 [Worker-217: Download sources and javadoc] INFO  o.e.m.j.internal.DownloadSourcesJob - Downloaded sources for io.opentelemetry:opentelemetry-api:1.37.0
2024-11-01 10:44:27,874 [Worker-217: Download sources and javadoc] INFO  o.e.m.c.i.e.AbstractTransferListenerAdapter - Downloading https://repo.maven.apache.org/maven2/io/opentelemetry/opentelemetry-context/1.37.0/opentelemetry-context-1.37.0-sources.jar
2024-11-01 10:44:27,888 [Worker-217: Download sources and javadoc] INFO  o.e.m.c.i.e.AbstractTransferListenerAdapter - Downloaded https://repo.maven.apache.org/maven2/io/opentelemetry/opentelemetry-context/1.37.0/opentelemetry-context-1.37.0-sources.jar
2024-11-01 10:44:27,891 [Worker-217: Download sources and javadoc] INFO  o.e.m.j.internal.DownloadSourcesJob - Downloaded sources for io.opentelemetry:opentelemetry-context:1.37.0
2024-11-01 10:44:28,032 [Worker-217: Download sources and javadoc] INFO  o.e.m.c.i.e.AbstractTransferListenerAdapter - Downloading https://repo.maven.apache.org/maven2/org/elasticsearch/client/elasticsearch-rest-client/8.13.4/elasticsearch-rest-client-8.13.4-sources.jar
2024-11-01 10:44:28,078 [Worker-217: Download sources and javadoc] INFO  o.e.m.c.i.e.AbstractTransferListenerAdapter - Downloaded https://repo.maven.apache.org/maven2/org/elasticsearch/client/elasticsearch-rest-client/8.13.4/elasticsearch-rest-client-8.13.4-sources.jar
2024-11-01 10:44:28,081 [Worker-217: Download sources and javadoc] INFO  o.e.m.j.internal.DownloadSourcesJob - Downloaded sources for org.elasticsearch.client:elasticsearch-rest-client:8.13.4
2024-11-01 10:44:28,219 [Worker-217: Download sources and javadoc] INFO  o.e.m.c.i.e.AbstractTransferListenerAdapter - Downloading https://repo.maven.apache.org/maven2/org/apache/httpcomponents/httpclient/4.5.14/httpclient-4.5.14-sources.jar
2024-11-01 10:44:28,477 [Worker-217: Download sources and javadoc] INFO  o.e.m.c.i.e.AbstractTransferListenerAdapter - Downloaded https://repo.maven.apache.org/maven2/org/apache/httpcomponents/httpclient/4.5.14/httpclient-4.5.14-sources.jar
2024-11-01 10:44:28,478 [Worker-217: Download sources and javadoc] INFO  o.e.m.j.internal.DownloadSourcesJob - Downloaded sources for org.apache.httpcomponents:httpclient:4.5.14
2024-11-01 10:44:28,614 [Worker-217: Download sources and javadoc] INFO  o.e.m.c.i.e.AbstractTransferListenerAdapter - Downloading https://repo.maven.apache.org/maven2/org/apache/httpcomponents/httpcore/4.4.16/httpcore-4.4.16-sources.jar
2024-11-01 10:44:28,756 [Worker-217: Download sources and javadoc] INFO  o.e.m.c.i.e.AbstractTransferListenerAdapter - Downloaded https://repo.maven.apache.org/maven2/org/apache/httpcomponents/httpcore/4.4.16/httpcore-4.4.16-sources.jar
2024-11-01 10:44:28,757 [Worker-217: Download sources and javadoc] INFO  o.e.m.j.internal.DownloadSourcesJob - Downloaded sources for org.apache.httpcomponents:httpcore:4.4.16
2024-11-01 10:44:28,897 [Worker-217: Download sources and javadoc] INFO  o.e.m.c.i.e.AbstractTransferListenerAdapter - Downloading https://repo.maven.apache.org/maven2/org/apache/httpcomponents/httpasyncclient/4.1.5/httpasyncclient-4.1.5-sources.jar
2024-11-01 10:44:28,989 [Worker-217: Download sources and javadoc] INFO  o.e.m.c.i.e.AbstractTransferListenerAdapter - Downloaded https://repo.maven.apache.org/maven2/org/apache/httpcomponents/httpasyncclient/4.1.5/httpasyncclient-4.1.5-sources.jar
2024-11-01 10:44:28,992 [Worker-217: Download sources and javadoc] INFO  o.e.m.j.internal.DownloadSourcesJob - Downloaded sources for org.apache.httpcomponents:httpasyncclient:4.1.5
2024-11-01 10:44:29,136 [Worker-217: Download sources and javadoc] INFO  o.e.m.c.i.e.AbstractTransferListenerAdapter - Downloading https://repo.maven.apache.org/maven2/org/apache/httpcomponents/httpcore-nio/4.4.16/httpcore-nio-4.4.16-sources.jar
2024-11-01 10:44:29,272 [Worker-217: Download sources and javadoc] INFO  o.e.m.c.i.e.AbstractTransferListenerAdapter - Downloaded https://repo.maven.apache.org/maven2/org/apache/httpcomponents/httpcore-nio/4.4.16/httpcore-nio-4.4.16-sources.jar
2024-11-01 10:44:29,274 [Worker-217: Download sources and javadoc] INFO  o.e.m.j.internal.DownloadSourcesJob - Downloaded sources for org.apache.httpcomponents:httpcore-nio:4.4.16
2024-11-01 10:44:29,437 [Worker-217: Download sources and javadoc] INFO  o.e.m.c.i.e.AbstractTransferListenerAdapter - Downloading https://repo.maven.apache.org/maven2/commons-codec/commons-codec/1.16.1/commons-codec-1.16.1-sources.jar
2024-11-01 10:44:29,587 [Worker-217: Download sources and javadoc] INFO  o.e.m.c.i.e.AbstractTransferListenerAdapter - Downloaded https://repo.maven.apache.org/maven2/commons-codec/commons-codec/1.16.1/commons-codec-1.16.1-sources.jar
2024-11-01 10:44:29,592 [Worker-217: Download sources and javadoc] INFO  o.e.m.j.internal.DownloadSourcesJob - Downloaded sources for commons-codec:commons-codec:1.16.1
2024-11-01 10:44:29,731 [Worker-217: Download sources and javadoc] INFO  o.e.m.c.i.e.AbstractTransferListenerAdapter - Downloading https://repo.maven.apache.org/maven2/org/springframework/boot/spring-boot-starter-actuator/3.3.5/spring-boot-starter-actuator-3.3.5-sources.jar
2024-11-01 10:44:29,734 [Worker-217: Download sources and javadoc] INFO  o.e.m.c.i.e.AbstractTransferListenerAdapter - Downloaded https://repo.maven.apache.org/maven2/org/springframework/boot/spring-boot-starter-actuator/3.3.5/spring-boot-starter-actuator-3.3.5-sources.jar
2024-11-01 10:44:29,737 [Worker-217: Download sources and javadoc] INFO  o.e.m.j.internal.DownloadSourcesJob - Downloaded sources for org.springframework.boot:spring-boot-starter-actuator:3.3.5
2024-11-01 10:44:29,878 [Worker-217: Download sources and javadoc] INFO  o.e.m.c.i.e.AbstractTransferListenerAdapter - Downloading https://repo.maven.apache.org/maven2/org/springframework/boot/spring-boot-actuator-autoconfigure/3.3.5/spring-boot-actuator-autoconfigure-3.3.5-sources.jar
2024-11-01 10:44:30,039 [Worker-217: Download sources and javadoc] INFO  o.e.m.c.i.e.AbstractTransferListenerAdapter - Downloaded https://repo.maven.apache.org/maven2/org/springframework/boot/spring-boot-actuator-autoconfigure/3.3.5/spring-boot-actuator-autoconfigure-3.3.5-sources.jar
2024-11-01 10:44:30,043 [Worker-217: Download sources and javadoc] INFO  o.e.m.j.internal.DownloadSourcesJob - Downloaded sources for org.springframework.boot:spring-boot-actuator-autoconfigure:3.3.5
2024-11-01 10:44:30,186 [Worker-217: Download sources and javadoc] INFO  o.e.m.c.i.e.AbstractTransferListenerAdapter - Downloading https://repo.maven.apache.org/maven2/org/springframework/boot/spring-boot-actuator/3.3.5/spring-boot-actuator-3.3.5-sources.jar
2024-11-01 10:44:30,336 [Worker-217: Download sources and javadoc] INFO  o.e.m.c.i.e.AbstractTransferListenerAdapter - Downloaded https://repo.maven.apache.org/maven2/org/springframework/boot/spring-boot-actuator/3.3.5/spring-boot-actuator-3.3.5-sources.jar
2024-11-01 10:44:30,339 [Worker-217: Download sources and javadoc] INFO  o.e.m.j.internal.DownloadSourcesJob - Downloaded sources for org.springframework.boot:spring-boot-actuator:3.3.5
2024-11-01 10:44:30,480 [Worker-217: Download sources and javadoc] INFO  o.e.m.c.i.e.AbstractTransferListenerAdapter - Downloading https://repo.maven.apache.org/maven2/io/micrometer/micrometer-jakarta9/1.13.6/micrometer-jakarta9-1.13.6-sources.jar
2024-11-01 10:44:30,483 [Worker-217: Download sources and javadoc] INFO  o.e.m.c.i.e.AbstractTransferListenerAdapter - Downloaded https://repo.maven.apache.org/maven2/io/micrometer/micrometer-jakarta9/1.13.6/micrometer-jakarta9-1.13.6-sources.jar
2024-11-01 10:44:30,487 [Worker-217: Download sources and javadoc] INFO  o.e.m.j.internal.DownloadSourcesJob - Downloaded sources for io.micrometer:micrometer-jakarta9:1.13.6
2024-11-01 10:44:30,821 [Worker-217: Download sources and javadoc] INFO  o.e.m.c.i.e.AbstractTransferListenerAdapter - Downloading https://repo.maven.apache.org/maven2/io/micrometer/micrometer-registry-prometheus/1.13.6/micrometer-registry-prometheus-1.13.6-sources.jar
2024-11-01 10:44:30,825 [Worker-217: Download sources and javadoc] INFO  o.e.m.c.i.e.AbstractTransferListenerAdapter - Downloaded https://repo.maven.apache.org/maven2/io/micrometer/micrometer-registry-prometheus/1.13.6/micrometer-registry-prometheus-1.13.6-sources.jar
2024-11-01 10:44:30,827 [Worker-217: Download sources and javadoc] INFO  o.e.m.j.internal.DownloadSourcesJob - Downloaded sources for io.micrometer:micrometer-registry-prometheus:1.13.6
2024-11-01 10:44:30,966 [Worker-217: Download sources and javadoc] INFO  o.e.m.c.i.e.AbstractTransferListenerAdapter - Downloading https://repo.maven.apache.org/maven2/io/micrometer/micrometer-core/1.13.6/micrometer-core-1.13.6-sources.jar
2024-11-01 10:44:31,121 [Worker-217: Download sources and javadoc] INFO  o.e.m.c.i.e.AbstractTransferListenerAdapter - Downloaded https://repo.maven.apache.org/maven2/io/micrometer/micrometer-core/1.13.6/micrometer-core-1.13.6-sources.jar
2024-11-01 10:44:31,124 [Worker-217: Download sources and javadoc] INFO  o.e.m.j.internal.DownloadSourcesJob - Downloaded sources for io.micrometer:micrometer-core:1.13.6
2024-11-01 10:44:31,267 [Worker-217: Download sources and javadoc] INFO  o.e.m.c.i.e.AbstractTransferListenerAdapter - Downloading https://repo.maven.apache.org/maven2/org/hdrhistogram/HdrHistogram/2.2.2/HdrHistogram-2.2.2-sources.jar
2024-11-01 10:44:31,364 [Worker-217: Download sources and javadoc] INFO  o.e.m.c.i.e.AbstractTransferListenerAdapter - Downloaded https://repo.maven.apache.org/maven2/org/hdrhistogram/HdrHistogram/2.2.2/HdrHistogram-2.2.2-sources.jar
2024-11-01 10:44:31,367 [Worker-217: Download sources and javadoc] INFO  o.e.m.j.internal.DownloadSourcesJob - Downloaded sources for org.hdrhistogram:HdrHistogram:2.2.2
2024-11-01 10:44:31,509 [Worker-217: Download sources and javadoc] INFO  o.e.m.c.i.e.AbstractTransferListenerAdapter - Downloading https://repo.maven.apache.org/maven2/io/prometheus/prometheus-metrics-core/1.2.1/prometheus-metrics-core-1.2.1-sources.jar
2024-11-01 10:44:31,557 [Worker-217: Download sources and javadoc] INFO  o.e.m.c.i.e.AbstractTransferListenerAdapter - Downloaded https://repo.maven.apache.org/maven2/io/prometheus/prometheus-metrics-core/1.2.1/prometheus-metrics-core-1.2.1-sources.jar
2024-11-01 10:44:31,560 [Worker-217: Download sources and javadoc] INFO  o.e.m.j.internal.DownloadSourcesJob - Downloaded sources for io.prometheus:prometheus-metrics-core:1.2.1
2024-11-01 10:44:31,708 [Worker-217: Download sources and javadoc] INFO  o.e.m.c.i.e.AbstractTransferListenerAdapter - Downloading https://repo.maven.apache.org/maven2/io/prometheus/prometheus-metrics-model/1.2.1/prometheus-metrics-model-1.2.1-sources.jar
2024-11-01 10:44:31,753 [Worker-217: Download sources and javadoc] INFO  o.e.m.c.i.e.AbstractTransferListenerAdapter - Downloaded https://repo.maven.apache.org/maven2/io/prometheus/prometheus-metrics-model/1.2.1/prometheus-metrics-model-1.2.1-sources.jar
2024-11-01 10:44:31,756 [Worker-217: Download sources and javadoc] INFO  o.e.m.j.internal.DownloadSourcesJob - Downloaded sources for io.prometheus:prometheus-metrics-model:1.2.1
2024-11-01 10:44:31,894 [Worker-217: Download sources and javadoc] INFO  o.e.m.c.i.e.AbstractTransferListenerAdapter - Downloading https://repo.maven.apache.org/maven2/io/prometheus/prometheus-metrics-config/1.2.1/prometheus-metrics-config-1.2.1-sources.jar
2024-11-01 10:44:31,898 [Worker-217: Download sources and javadoc] INFO  o.e.m.c.i.e.AbstractTransferListenerAdapter - Downloaded https://repo.maven.apache.org/maven2/io/prometheus/prometheus-metrics-config/1.2.1/prometheus-metrics-config-1.2.1-sources.jar
2024-11-01 10:44:31,899 [Worker-217: Download sources and javadoc] INFO  o.e.m.j.internal.DownloadSourcesJob - Downloaded sources for io.prometheus:prometheus-metrics-config:1.2.1
2024-11-01 10:44:32,038 [Worker-217: Download sources and javadoc] INFO  o.e.m.c.i.e.AbstractTransferListenerAdapter - Downloading https://repo.maven.apache.org/maven2/io/prometheus/prometheus-metrics-tracer-common/1.2.1/prometheus-metrics-tracer-common-1.2.1-sources.jar
2024-11-01 10:44:32,044 [Worker-217: Download sources and javadoc] INFO  o.e.m.c.i.e.AbstractTransferListenerAdapter - Downloaded https://repo.maven.apache.org/maven2/io/prometheus/prometheus-metrics-tracer-common/1.2.1/prometheus-metrics-tracer-common-1.2.1-sources.jar
2024-11-01 10:44:32,047 [Worker-217: Download sources and javadoc] INFO  o.e.m.j.internal.DownloadSourcesJob - Downloaded sources for io.prometheus:prometheus-metrics-tracer-common:1.2.1
2024-11-01 10:44:32,185 [Worker-217: Download sources and javadoc] INFO  o.e.m.c.i.e.AbstractTransferListenerAdapter - Downloading https://repo.maven.apache.org/maven2/io/prometheus/prometheus-metrics-exposition-formats/1.2.1/prometheus-metrics-exposition-formats-1.2.1-sources.jar
2024-11-01 10:44:32,236 [Worker-217: Download sources and javadoc] INFO  o.e.m.c.i.e.AbstractTransferListenerAdapter - Downloaded https://repo.maven.apache.org/maven2/io/prometheus/prometheus-metrics-exposition-formats/1.2.1/prometheus-metrics-exposition-formats-1.2.1-sources.jar
2024-11-01 10:44:32,237 [Worker-217: Download sources and javadoc] INFO  o.e.m.j.internal.DownloadSourcesJob - Downloaded sources for io.prometheus:prometheus-metrics-exposition-formats:1.2.1
2024-11-01 10:44:32,376 [Worker-217: Download sources and javadoc] INFO  o.e.m.c.i.e.AbstractTransferListenerAdapter - Downloading https://repo.maven.apache.org/maven2/io/prometheus/prometheus-metrics-shaded-protobuf/1.2.1/prometheus-metrics-shaded-protobuf-1.2.1-sources.jar
2024-11-01 10:44:32,561 [Worker-217: Download sources and javadoc] INFO  o.e.m.c.i.e.AbstractTransferListenerAdapter - Downloaded https://repo.maven.apache.org/maven2/io/prometheus/prometheus-metrics-shaded-protobuf/1.2.1/prometheus-metrics-shaded-protobuf-1.2.1-sources.jar
2024-11-01 10:44:32,566 [Worker-217: Download sources and javadoc] INFO  o.e.m.j.internal.DownloadSourcesJob - Downloaded sources for io.prometheus:prometheus-metrics-shaded-protobuf:1.2.1
2024-11-01 10:44:32,709 [Worker-217: Download sources and javadoc] INFO  o.e.m.c.i.e.AbstractTransferListenerAdapter - Downloading https://repo.maven.apache.org/maven2/org/mapstruct/mapstruct/1.4.2.Final/mapstruct-1.4.2.Final-sources.jar
2024-11-01 10:44:32,755 [Worker-217: Download sources and javadoc] INFO  o.e.m.c.i.e.AbstractTransferListenerAdapter - Downloaded https://repo.maven.apache.org/maven2/org/mapstruct/mapstruct/1.4.2.Final/mapstruct-1.4.2.Final-sources.jar
2024-11-01 10:44:32,760 [Worker-217: Download sources and javadoc] INFO  o.e.m.j.internal.DownloadSourcesJob - Downloaded sources for org.mapstruct:mapstruct:1.4.2.Final
2024-11-01 10:44:32,904 [Worker-217: Download sources and javadoc] INFO  o.e.m.c.i.e.AbstractTransferListenerAdapter - Downloading https://repo.maven.apache.org/maven2/org/mapstruct/mapstruct-processor/1.4.2.Final/mapstruct-processor-1.4.2.Final-sources.jar
2024-11-01 10:44:33,055 [Worker-217: Download sources and javadoc] INFO  o.e.m.c.i.e.AbstractTransferListenerAdapter - Downloaded https://repo.maven.apache.org/maven2/org/mapstruct/mapstruct-processor/1.4.2.Final/mapstruct-processor-1.4.2.Final-sources.jar
2024-11-01 10:44:33,057 [Worker-217: Download sources and javadoc] INFO  o.e.m.j.internal.DownloadSourcesJob - Downloaded sources for org.mapstruct:mapstruct-processor:1.4.2.Final
2024-11-01 10:44:33,200 [Worker-217: Download sources and javadoc] INFO  o.e.m.c.i.e.AbstractTransferListenerAdapter - Downloading https://repo.maven.apache.org/maven2/org/springframework/boot/spring-boot-devtools/3.3.5/spring-boot-devtools-3.3.5-sources.jar
2024-11-01 10:44:33,288 [Worker-217: Download sources and javadoc] INFO  o.e.m.c.i.e.AbstractTransferListenerAdapter - Downloaded https://repo.maven.apache.org/maven2/org/springframework/boot/spring-boot-devtools/3.3.5/spring-boot-devtools-3.3.5-sources.jar
2024-11-01 10:44:33,290 [Worker-217: Download sources and javadoc] INFO  o.e.m.j.internal.DownloadSourcesJob - Downloaded sources for org.springframework.boot:spring-boot-devtools:3.3.5
2024-11-01 10:46:34,314 [Worker-222: Building] INFO  o.e.m.c.i.l.LifecycleMappingFactory - Using org.eclipse.m2e.jdt.JarLifecycleMapping lifecycle mapping for MavenProject: com.trello:trello-board-service:0.0.1-SNAPSHOT @ /Users/bubul/Documents/workspace-spring-tool-suite-4-4.25.0.RELEASE/trello/trello-board-service/pom.xml.
2024-11-01 10:46:34,605 [Worker-222: Building] INFO  o.e.m.c.i.e.AbstractTransferListenerAdapter - Downloaded https://repo.maven.apache.org/maven2/org/springframework/cloud/spring-cloud-starter-sleuth/8.0.30/spring-cloud-starter-sleuth-8.0.30.pom
2024-11-01 10:46:34,606 [Worker-222: Building] WARN  o.e.m.c.i.embedder.EclipseLogger - The POM for org.springframework.cloud:spring-cloud-starter-sleuth:jar:8.0.30 is missing, no dependency information available
2024-11-01 10:46:34,689 [Worker-222: Building] INFO  o.e.m.c.i.e.AbstractTransferListenerAdapter - Downloaded https://repo.maven.apache.org/maven2/org/springframework/cloud/spring-cloud-starter-sleuth/8.0.30/spring-cloud-starter-sleuth-8.0.30.jar
2024-11-01 10:46:34,692 [Worker-222: Building] ERROR o.e.m.c.i.p.ProjectConfigurationManager - Could not read maven project
org.eclipse.core.runtime.CoreException: Could not read maven project
	at org.eclipse.m2e.core.internal.embedder.MavenImpl.lambda$4(MavenImpl.java:371)
	at org.eclipse.m2e.core.internal.embedder.MavenExecutionContext.executeBare(MavenExecutionContext.java:458)
	at org.eclipse.m2e.core.internal.embedder.MavenExecutionContext.execute(MavenExecutionContext.java:292)
	at org.eclipse.m2e.core.internal.embedder.MavenExecutionContext.execute(MavenExecutionContext.java:278)
	at org.eclipse.m2e.core.internal.embedder.MavenImpl.readProject(MavenImpl.java:361)
	at org.eclipse.m2e.mavenarchiver.internal.AbstractMavenArchiverConfigurator.lambda$4(AbstractMavenArchiverConfigurator.java:576)
	at org.eclipse.m2e.core.internal.embedder.MavenExecutionContext.executeBare(MavenExecutionContext.java:458)
	at org.eclipse.m2e.core.internal.embedder.MavenExecutionContext.execute(MavenExecutionContext.java:339)
	at org.eclipse.m2e.mavenarchiver.internal.AbstractMavenArchiverConfigurator.loadParentHierarchy(AbstractMavenArchiverConfigurator.java:568)
	at org.eclipse.m2e.mavenarchiver.internal.AbstractMavenArchiverConfigurator.generateManifest(AbstractMavenArchiverConfigurator.java:365)
	at org.eclipse.m2e.mavenarchiver.internal.AbstractMavenArchiverConfigurator.mavenProjectChanged(AbstractMavenArchiverConfigurator.java:228)
	at org.eclipse.m2e.mavenarchiver.internal.AbstractMavenArchiverConfigurator.mavenProjectChanged(AbstractMavenArchiverConfigurator.java:220)
	at org.eclipse.m2e.core.internal.project.ProjectConfigurationManager.mavenProjectChanged(ProjectConfigurationManager.java:885)
	at org.eclipse.m2e.core.internal.project.registry.ProjectRegistryManager.notifyProjectChangeListeners(ProjectRegistryManager.java:892)
	at org.eclipse.m2e.core.internal.project.registry.ProjectRegistryManager.applyMutableProjectRegistry(ProjectRegistryManager.java:1042)
	at org.eclipse.m2e.core.internal.project.registry.ProjectRegistryManager.refresh(ProjectRegistryManager.java:324)
	at org.eclipse.m2e.core.internal.builder.MavenBuilder$BuildMethod.getProjectFacade(MavenBuilder.java:146)
	at org.eclipse.m2e.core.internal.builder.MavenBuilder$BuildMethod.lambda$0(MavenBuilder.java:84)
	at org.eclipse.m2e.core.internal.embedder.MavenExecutionContext.executeBare(MavenExecutionContext.java:458)
	at org.eclipse.m2e.core.internal.embedder.MavenExecutionContext.execute(MavenExecutionContext.java:339)
	at org.eclipse.m2e.core.internal.embedder.MavenExecutionContext.execute(MavenExecutionContext.java:278)
	at org.eclipse.m2e.core.internal.builder.MavenBuilder$BuildMethod.execute(MavenBuilder.java:83)
	at org.eclipse.m2e.core.internal.builder.MavenBuilder.build(MavenBuilder.java:192)
	at org.eclipse.core.internal.events.BuildManager$2.run(BuildManager.java:1077)
	at org.eclipse.core.runtime.SafeRunner.run(SafeRunner.java:47)
	at org.eclipse.core.internal.events.BuildManager.basicBuild(BuildManager.java:296)
	at org.eclipse.core.internal.events.BuildManager.basicBuild(BuildManager.java:352)
	at org.eclipse.core.internal.events.BuildManager$1.run(BuildManager.java:441)
	at org.eclipse.core.runtime.SafeRunner.run(SafeRunner.java:47)
	at org.eclipse.core.internal.events.BuildManager.basicBuild(BuildManager.java:444)
	at org.eclipse.core.internal.events.BuildManager.basicBuildLoop(BuildManager.java:555)
	at org.eclipse.core.internal.events.BuildManager.basicBuildLoop(BuildManager.java:503)
	at org.eclipse.core.internal.events.BuildManager.build(BuildManager.java:585)
	at org.eclipse.core.internal.events.AutoBuildJob.doBuild(AutoBuildJob.java:207)
	at org.eclipse.core.internal.events.AutoBuildJob.run(AutoBuildJob.java:300)
	at org.eclipse.core.internal.jobs.Worker.run(Worker.java:63)
Caused by: org.apache.maven.project.ProjectBuildingException: 1 problem was encountered while building the effective model
[FATAL] Non-readable POM /Users/bubul/Documents/workspace-spring-tool-suite-4-4.25.0.RELEASE/trello/trello-board-service: /Users/bubul/Documents/workspace-spring-tool-suite-4-4.25.0.RELEASE/trello/trello-board-service (Is a directory) @ 
 for project  at /Users/bubul/Documents/workspace-spring-tool-suite-4-4.25.0.RELEASE/trello/trello-board-service
	at org.apache.maven.project.DefaultProjectBuilder.build(DefaultProjectBuilder.java:180)
	at org.apache.maven.project.DefaultProjectBuilder.build(DefaultProjectBuilder.java:123)
	at org.eclipse.m2e.core.internal.embedder.MavenImpl.lambda$4(MavenImpl.java:369)
	... 35 common frames omitted
Caused by: org.apache.maven.model.building.ModelBuildingException: 1 problem was encountered while building the effective model
[FATAL] Non-readable POM /Users/bubul/Documents/workspace-spring-tool-suite-4-4.25.0.RELEASE/trello/trello-board-service: /Users/bubul/Documents/workspace-spring-tool-suite-4-4.25.0.RELEASE/trello/trello-board-service (Is a directory) @ 

	at org.apache.maven.model.building.DefaultModelProblemCollector.newModelBuildingException(DefaultModelProblemCollector.java:176)
	at org.apache.maven.model.building.DefaultModelBuilder.readModel(DefaultModelBuilder.java:642)
	at org.apache.maven.model.building.DefaultModelBuilder.build(DefaultModelBuilder.java:262)
	at org.apache.maven.model.building.DefaultModelBuilder.build(DefaultModelBuilder.java:248)
	at org.apache.maven.project.DefaultProjectBuilder.build(DefaultProjectBuilder.java:176)
	... 37 common frames omitted
2024-11-01 10:46:36,243 [Worker-221: Download sources and javadoc] INFO  o.e.m.c.i.e.AbstractTransferListenerAdapter - Downloaded https://repo.maven.apache.org/maven2/org/springframework/cloud/spring-cloud-starter-sleuth/8.0.30/spring-cloud-starter-sleuth-8.0.30-sources.jar
2024-11-01 10:46:36,248 [Worker-221: Download sources and javadoc] ERROR o.e.m.j.internal.DownloadSourcesJob - Could not download sources for org.springframework.cloud:spring-cloud-starter-sleuth:8.0.30
org.eclipse.core.runtime.CoreException: Could not resolve artifact org.springframework.cloud:spring-cloud-starter-sleuth:jar:sources:8.0.30
	at org.eclipse.m2e.core.internal.embedder.MavenImpl.lambda$7(MavenImpl.java:540)
	at org.eclipse.m2e.core.internal.embedder.MavenExecutionContext.executeBare(MavenExecutionContext.java:458)
	at org.eclipse.m2e.core.internal.embedder.MavenExecutionContext.execute(MavenExecutionContext.java:292)
	at org.eclipse.m2e.core.internal.embedder.MavenExecutionContext.execute(MavenExecutionContext.java:278)
	at org.eclipse.m2e.core.internal.embedder.MavenImpl.resolve(MavenImpl.java:509)
	at org.eclipse.m2e.core.internal.embedder.MavenImpl.resolve(MavenImpl.java:494)
	at org.eclipse.m2e.jdt.internal.DownloadSourcesJob.download(DownloadSourcesJob.java:308)
	at org.eclipse.m2e.jdt.internal.DownloadSourcesJob.downloadAttachments(DownloadSourcesJob.java:282)
	at org.eclipse.m2e.jdt.internal.DownloadSourcesJob.downloadMaven(DownloadSourcesJob.java:252)
	at org.eclipse.m2e.jdt.internal.DownloadSourcesJob.downloadFilesAndPopulateToUpdate(DownloadSourcesJob.java:220)
	at org.eclipse.m2e.jdt.internal.DownloadSourcesJob.lambda$0(DownloadSourcesJob.java:149)
	at org.eclipse.m2e.core.internal.embedder.MavenExecutionContext.executeBare(MavenExecutionContext.java:458)
	at org.eclipse.m2e.core.internal.embedder.MavenExecutionContext.execute(MavenExecutionContext.java:339)
	at org.eclipse.m2e.core.internal.embedder.MavenExecutionContext.execute(MavenExecutionContext.java:278)
	at org.eclipse.m2e.core.embedder.IMaven.execute(IMaven.java:300)
	at org.eclipse.m2e.jdt.internal.DownloadSourcesJob.run(DownloadSourcesJob.java:149)
	at org.eclipse.core.internal.jobs.Worker.run(Worker.java:63)
2024-11-01 10:48:03,926 [Worker-222: Building] INFO  o.e.m.c.i.l.LifecycleMappingFactory - Using org.eclipse.m2e.jdt.JarLifecycleMapping lifecycle mapping for MavenProject: com.trello:trello-board-service:0.0.1-SNAPSHOT @ /Users/bubul/Documents/workspace-spring-tool-suite-4-4.25.0.RELEASE/trello/trello-board-service/pom.xml.
2024-11-01 10:48:04,270 [Worker-222: Building] INFO  o.e.m.c.i.e.AbstractTransferListenerAdapter - Downloaded https://repo.maven.apache.org/maven2/org/springframework/cloud/spring-cloud-starter-stream-rabbit/2021.0.6/spring-cloud-starter-stream-rabbit-2021.0.6.pom
2024-11-01 10:48:04,271 [Worker-222: Building] WARN  o.e.m.c.i.embedder.EclipseLogger - The POM for org.springframework.cloud:spring-cloud-starter-stream-rabbit:jar:2021.0.6 is missing, no dependency information available
2024-11-01 10:48:04,296 [Worker-222: Building] WARN  o.e.m.c.i.embedder.EclipseLogger - The POM for org.springframework.cloud:spring-cloud-starter-sleuth:jar:8.0.30 is missing, no dependency information available
2024-11-01 10:48:04,379 [Worker-222: Building] INFO  o.e.m.c.i.e.AbstractTransferListenerAdapter - Downloaded https://repo.maven.apache.org/maven2/org/springframework/cloud/spring-cloud-starter-stream-rabbit/2021.0.6/spring-cloud-starter-stream-rabbit-2021.0.6.jar
2024-11-01 10:48:04,382 [Worker-222: Building] ERROR o.e.m.c.i.p.ProjectConfigurationManager - Could not read maven project
org.eclipse.core.runtime.CoreException: Could not read maven project
	at org.eclipse.m2e.core.internal.embedder.MavenImpl.lambda$4(MavenImpl.java:371)
	at org.eclipse.m2e.core.internal.embedder.MavenExecutionContext.executeBare(MavenExecutionContext.java:458)
	at org.eclipse.m2e.core.internal.embedder.MavenExecutionContext.execute(MavenExecutionContext.java:292)
	at org.eclipse.m2e.core.internal.embedder.MavenExecutionContext.execute(MavenExecutionContext.java:278)
	at org.eclipse.m2e.core.internal.embedder.MavenImpl.readProject(MavenImpl.java:361)
	at org.eclipse.m2e.mavenarchiver.internal.AbstractMavenArchiverConfigurator.lambda$4(AbstractMavenArchiverConfigurator.java:576)
	at org.eclipse.m2e.core.internal.embedder.MavenExecutionContext.executeBare(MavenExecutionContext.java:458)
	at org.eclipse.m2e.core.internal.embedder.MavenExecutionContext.execute(MavenExecutionContext.java:339)
	at org.eclipse.m2e.mavenarchiver.internal.AbstractMavenArchiverConfigurator.loadParentHierarchy(AbstractMavenArchiverConfigurator.java:568)
	at org.eclipse.m2e.mavenarchiver.internal.AbstractMavenArchiverConfigurator.generateManifest(AbstractMavenArchiverConfigurator.java:365)
	at org.eclipse.m2e.mavenarchiver.internal.AbstractMavenArchiverConfigurator.mavenProjectChanged(AbstractMavenArchiverConfigurator.java:228)
	at org.eclipse.m2e.mavenarchiver.internal.AbstractMavenArchiverConfigurator.mavenProjectChanged(AbstractMavenArchiverConfigurator.java:220)
	at org.eclipse.m2e.core.internal.project.ProjectConfigurationManager.mavenProjectChanged(ProjectConfigurationManager.java:885)
	at org.eclipse.m2e.core.internal.project.registry.ProjectRegistryManager.notifyProjectChangeListeners(ProjectRegistryManager.java:892)
	at org.eclipse.m2e.core.internal.project.registry.ProjectRegistryManager.applyMutableProjectRegistry(ProjectRegistryManager.java:1042)
	at org.eclipse.m2e.core.internal.project.registry.ProjectRegistryManager.refresh(ProjectRegistryManager.java:324)
	at org.eclipse.m2e.core.internal.builder.MavenBuilder$BuildMethod.getProjectFacade(MavenBuilder.java:146)
	at org.eclipse.m2e.core.internal.builder.MavenBuilder$BuildMethod.lambda$0(MavenBuilder.java:84)
	at org.eclipse.m2e.core.internal.embedder.MavenExecutionContext.executeBare(MavenExecutionContext.java:458)
	at org.eclipse.m2e.core.internal.embedder.MavenExecutionContext.execute(MavenExecutionContext.java:339)
	at org.eclipse.m2e.core.internal.embedder.MavenExecutionContext.execute(MavenExecutionContext.java:278)
	at org.eclipse.m2e.core.internal.builder.MavenBuilder$BuildMethod.execute(MavenBuilder.java:83)
	at org.eclipse.m2e.core.internal.builder.MavenBuilder.build(MavenBuilder.java:192)
	at org.eclipse.core.internal.events.BuildManager$2.run(BuildManager.java:1077)
	at org.eclipse.core.runtime.SafeRunner.run(SafeRunner.java:47)
	at org.eclipse.core.internal.events.BuildManager.basicBuild(BuildManager.java:296)
	at org.eclipse.core.internal.events.BuildManager.basicBuild(BuildManager.java:352)
	at org.eclipse.core.internal.events.BuildManager$1.run(BuildManager.java:441)
	at org.eclipse.core.runtime.SafeRunner.run(SafeRunner.java:47)
	at org.eclipse.core.internal.events.BuildManager.basicBuild(BuildManager.java:444)
	at org.eclipse.core.internal.events.BuildManager.basicBuildLoop(BuildManager.java:555)
	at org.eclipse.core.internal.events.BuildManager.basicBuildLoop(BuildManager.java:503)
	at org.eclipse.core.internal.events.BuildManager.build(BuildManager.java:585)
	at org.eclipse.core.internal.events.AutoBuildJob.doBuild(AutoBuildJob.java:207)
	at org.eclipse.core.internal.events.AutoBuildJob.run(AutoBuildJob.java:300)
	at org.eclipse.core.internal.jobs.Worker.run(Worker.java:63)
Caused by: org.apache.maven.project.ProjectBuildingException: 1 problem was encountered while building the effective model
[FATAL] Non-readable POM /Users/bubul/Documents/workspace-spring-tool-suite-4-4.25.0.RELEASE/trello/trello-board-service: /Users/bubul/Documents/workspace-spring-tool-suite-4-4.25.0.RELEASE/trello/trello-board-service (Is a directory) @ 
 for project  at /Users/bubul/Documents/workspace-spring-tool-suite-4-4.25.0.RELEASE/trello/trello-board-service
	at org.apache.maven.project.DefaultProjectBuilder.build(DefaultProjectBuilder.java:180)
	at org.apache.maven.project.DefaultProjectBuilder.build(DefaultProjectBuilder.java:123)
	at org.eclipse.m2e.core.internal.embedder.MavenImpl.lambda$4(MavenImpl.java:369)
	... 35 common frames omitted
Caused by: org.apache.maven.model.building.ModelBuildingException: 1 problem was encountered while building the effective model
[FATAL] Non-readable POM /Users/bubul/Documents/workspace-spring-tool-suite-4-4.25.0.RELEASE/trello/trello-board-service: /Users/bubul/Documents/workspace-spring-tool-suite-4-4.25.0.RELEASE/trello/trello-board-service (Is a directory) @ 

	at org.apache.maven.model.building.DefaultModelProblemCollector.newModelBuildingException(DefaultModelProblemCollector.java:176)
	at org.apache.maven.model.building.DefaultModelBuilder.readModel(DefaultModelBuilder.java:642)
	at org.apache.maven.model.building.DefaultModelBuilder.build(DefaultModelBuilder.java:262)
	at org.apache.maven.model.building.DefaultModelBuilder.build(DefaultModelBuilder.java:248)
	at org.apache.maven.project.DefaultProjectBuilder.build(DefaultProjectBuilder.java:176)
	... 37 common frames omitted
2024-11-01 10:48:05,845 [Worker-223: Download sources and javadoc] INFO  o.e.m.c.i.e.AbstractTransferListenerAdapter - Downloaded https://repo.maven.apache.org/maven2/org/springframework/cloud/spring-cloud-starter-stream-rabbit/2021.0.6/spring-cloud-starter-stream-rabbit-2021.0.6-sources.jar
2024-11-01 10:48:05,849 [Worker-223: Download sources and javadoc] ERROR o.e.m.j.internal.DownloadSourcesJob - Could not download sources for org.springframework.cloud:spring-cloud-starter-stream-rabbit:2021.0.6
org.eclipse.core.runtime.CoreException: Could not resolve artifact org.springframework.cloud:spring-cloud-starter-stream-rabbit:jar:sources:2021.0.6
	at org.eclipse.m2e.core.internal.embedder.MavenImpl.lambda$7(MavenImpl.java:540)
	at org.eclipse.m2e.core.internal.embedder.MavenExecutionContext.executeBare(MavenExecutionContext.java:458)
	at org.eclipse.m2e.core.internal.embedder.MavenExecutionContext.execute(MavenExecutionContext.java:292)
	at org.eclipse.m2e.core.internal.embedder.MavenExecutionContext.execute(MavenExecutionContext.java:278)
	at org.eclipse.m2e.core.internal.embedder.MavenImpl.resolve(MavenImpl.java:509)
	at org.eclipse.m2e.core.internal.embedder.MavenImpl.resolve(MavenImpl.java:494)
	at org.eclipse.m2e.jdt.internal.DownloadSourcesJob.download(DownloadSourcesJob.java:308)
	at org.eclipse.m2e.jdt.internal.DownloadSourcesJob.downloadAttachments(DownloadSourcesJob.java:282)
	at org.eclipse.m2e.jdt.internal.DownloadSourcesJob.downloadMaven(DownloadSourcesJob.java:252)
	at org.eclipse.m2e.jdt.internal.DownloadSourcesJob.downloadFilesAndPopulateToUpdate(DownloadSourcesJob.java:220)
	at org.eclipse.m2e.jdt.internal.DownloadSourcesJob.lambda$0(DownloadSourcesJob.java:149)
	at org.eclipse.m2e.core.internal.embedder.MavenExecutionContext.executeBare(MavenExecutionContext.java:458)
	at org.eclipse.m2e.core.internal.embedder.MavenExecutionContext.execute(MavenExecutionContext.java:339)
	at org.eclipse.m2e.core.internal.embedder.MavenExecutionContext.execute(MavenExecutionContext.java:278)
	at org.eclipse.m2e.core.embedder.IMaven.execute(IMaven.java:300)
	at org.eclipse.m2e.jdt.internal.DownloadSourcesJob.run(DownloadSourcesJob.java:149)
	at org.eclipse.core.internal.jobs.Worker.run(Worker.java:63)
2024-11-01 10:48:06,227 [Worker-223: Download sources and javadoc] INFO  o.e.m.c.i.e.AbstractTransferListenerAdapter - Downloaded https://repo.maven.apache.org/maven2/org/springframework/cloud/spring-cloud-starter-sleuth/8.0.30/spring-cloud-starter-sleuth-8.0.30-javadoc.jar
2024-11-01 10:48:06,228 [Worker-223: Download sources and javadoc] ERROR o.e.m.j.internal.DownloadSourcesJob - Could not download javadoc for org.springframework.cloud:spring-cloud-starter-sleuth:8.0.30
org.eclipse.core.runtime.CoreException: Could not resolve artifact org.springframework.cloud:spring-cloud-starter-sleuth:jar:javadoc:8.0.30
	at org.eclipse.m2e.core.internal.embedder.MavenImpl.lambda$7(MavenImpl.java:540)
	at org.eclipse.m2e.core.internal.embedder.MavenExecutionContext.executeBare(MavenExecutionContext.java:458)
	at org.eclipse.m2e.core.internal.embedder.MavenExecutionContext.execute(MavenExecutionContext.java:292)
	at org.eclipse.m2e.core.internal.embedder.MavenExecutionContext.execute(MavenExecutionContext.java:278)
	at org.eclipse.m2e.core.internal.embedder.MavenImpl.resolve(MavenImpl.java:509)
	at org.eclipse.m2e.core.internal.embedder.MavenImpl.resolve(MavenImpl.java:494)
	at org.eclipse.m2e.jdt.internal.DownloadSourcesJob.download(DownloadSourcesJob.java:308)
	at org.eclipse.m2e.jdt.internal.DownloadSourcesJob.downloadAttachments(DownloadSourcesJob.java:294)
	at org.eclipse.m2e.jdt.internal.DownloadSourcesJob.downloadMaven(DownloadSourcesJob.java:252)
	at org.eclipse.m2e.jdt.internal.DownloadSourcesJob.downloadFilesAndPopulateToUpdate(DownloadSourcesJob.java:220)
	at org.eclipse.m2e.jdt.internal.DownloadSourcesJob.lambda$0(DownloadSourcesJob.java:149)
	at org.eclipse.m2e.core.internal.embedder.MavenExecutionContext.executeBare(MavenExecutionContext.java:458)
	at org.eclipse.m2e.core.internal.embedder.MavenExecutionContext.execute(MavenExecutionContext.java:339)
	at org.eclipse.m2e.core.internal.embedder.MavenExecutionContext.execute(MavenExecutionContext.java:278)
	at org.eclipse.m2e.core.embedder.IMaven.execute(IMaven.java:300)
	at org.eclipse.m2e.jdt.internal.DownloadSourcesJob.run(DownloadSourcesJob.java:149)
	at org.eclipse.core.internal.jobs.Worker.run(Worker.java:63)
2024-11-01 10:48:40,479 [Worker-226: Building] INFO  o.e.m.c.i.l.LifecycleMappingFactory - Using org.eclipse.m2e.jdt.JarLifecycleMapping lifecycle mapping for MavenProject: com.trello:trello-board-service:0.0.1-SNAPSHOT @ /Users/bubul/Documents/workspace-spring-tool-suite-4-4.25.0.RELEASE/trello/trello-board-service/pom.xml.
2024-11-01 10:48:40,760 [Worker-226: Building] INFO  o.e.m.c.i.e.AbstractTransferListenerAdapter - Downloading https://repo.maven.apache.org/maven2/mysql/mysql-connector-java/8.0.33/mysql-connector-java-8.0.33.pom
2024-11-01 10:48:40,762 [Worker-226: Building] INFO  o.e.m.c.i.e.AbstractTransferListenerAdapter - Downloaded https://repo.maven.apache.org/maven2/mysql/mysql-connector-java/8.0.33/mysql-connector-java-8.0.33.pom
2024-11-01 10:48:40,820 [Worker-226: Building] INFO  o.e.m.c.i.e.AbstractTransferListenerAdapter - Downloading https://repo.maven.apache.org/maven2/com/mysql/mysql-connector-j/8.0.33/mysql-connector-j-8.0.33.pom
2024-11-01 10:48:40,820 [Worker-226: Building] INFO  o.e.m.c.i.e.AbstractTransferListenerAdapter - Downloaded https://repo.maven.apache.org/maven2/com/mysql/mysql-connector-j/8.0.33/mysql-connector-j-8.0.33.pom
2024-11-01 10:48:40,857 [Worker-226: Building] WARN  o.e.m.c.i.embedder.EclipseLogger - The POM for org.springframework.cloud:spring-cloud-starter-stream-rabbit:jar:2021.0.6 is missing, no dependency information available
2024-11-01 10:48:40,884 [Worker-226: Building] WARN  o.e.m.c.i.embedder.EclipseLogger - The POM for org.springframework.cloud:spring-cloud-starter-sleuth:jar:8.0.30 is missing, no dependency information available
2024-11-01 10:48:40,904 [Worker-226: Building] WARN  o.e.m.c.i.embedder.EclipseLogger - The artifact mysql:mysql-connector-java:jar:8.0.33 has been relocated to com.mysql:mysql-connector-j:jar:8.0.33: MySQL Connector/J artifacts moved to reverse-DNS compliant Maven 2+ coordinates.
2024-11-01 10:48:40,987 [Worker-226: Building] INFO  o.e.m.c.i.e.AbstractTransferListenerAdapter - Downloading https://repo.maven.apache.org/maven2/com/mysql/mysql-connector-j/8.0.33/mysql-connector-j-8.0.33.jar
2024-11-01 10:48:41,474 [Worker-226: Building] INFO  o.e.m.c.i.e.AbstractTransferListenerAdapter - Downloaded https://repo.maven.apache.org/maven2/com/mysql/mysql-connector-j/8.0.33/mysql-connector-j-8.0.33.jar
2024-11-01 10:48:41,708 [Worker-226: Building] INFO  o.a.m.s.f.DefaultMavenResourcesFiltering - Copying 0 resource from src/main/resources to target/classes
2024-11-01 10:48:41,708 [Worker-226: Building] INFO  o.a.m.s.f.DefaultMavenResourcesFiltering - Copying 0 resource from src/main/resources to target/classes
2024-11-01 10:48:41,712 [Worker-226: Building] INFO  o.a.m.s.f.DefaultMavenResourcesFiltering - skip non existing resourceDirectory /Users/bubul/Documents/workspace-spring-tool-suite-4-4.25.0.RELEASE/trello/trello-board-service/src/test/resources
2024-11-01 10:48:43,020 [Worker-225: Download sources and javadoc] INFO  o.e.m.c.i.e.AbstractTransferListenerAdapter - Downloading https://repo.maven.apache.org/maven2/com/mysql/mysql-connector-j/8.0.33/mysql-connector-j-8.0.33-sources.jar
2024-11-01 10:48:43,290 [Worker-225: Download sources and javadoc] INFO  o.e.m.c.i.e.AbstractTransferListenerAdapter - Downloaded https://repo.maven.apache.org/maven2/com/mysql/mysql-connector-j/8.0.33/mysql-connector-j-8.0.33-sources.jar
2024-11-01 10:48:43,292 [Worker-225: Download sources and javadoc] INFO  o.e.m.j.internal.DownloadSourcesJob - Downloaded sources for com.mysql:mysql-connector-j:8.0.33
2024-11-01 10:48:43,732 [Worker-225: Download sources and javadoc] INFO  o.e.m.c.i.e.AbstractTransferListenerAdapter - Downloaded https://repo.maven.apache.org/maven2/org/springframework/cloud/spring-cloud-starter-stream-rabbit/2021.0.6/spring-cloud-starter-stream-rabbit-2021.0.6-javadoc.jar
2024-11-01 10:48:43,736 [Worker-225: Download sources and javadoc] ERROR o.e.m.j.internal.DownloadSourcesJob - Could not download javadoc for org.springframework.cloud:spring-cloud-starter-stream-rabbit:2021.0.6
org.eclipse.core.runtime.CoreException: Could not resolve artifact org.springframework.cloud:spring-cloud-starter-stream-rabbit:jar:javadoc:2021.0.6
	at org.eclipse.m2e.core.internal.embedder.MavenImpl.lambda$7(MavenImpl.java:540)
	at org.eclipse.m2e.core.internal.embedder.MavenExecutionContext.executeBare(MavenExecutionContext.java:458)
	at org.eclipse.m2e.core.internal.embedder.MavenExecutionContext.execute(MavenExecutionContext.java:292)
	at org.eclipse.m2e.core.internal.embedder.MavenExecutionContext.execute(MavenExecutionContext.java:278)
	at org.eclipse.m2e.core.internal.embedder.MavenImpl.resolve(MavenImpl.java:509)
	at org.eclipse.m2e.core.internal.embedder.MavenImpl.resolve(MavenImpl.java:494)
	at org.eclipse.m2e.jdt.internal.DownloadSourcesJob.download(DownloadSourcesJob.java:308)
	at org.eclipse.m2e.jdt.internal.DownloadSourcesJob.downloadAttachments(DownloadSourcesJob.java:294)
	at org.eclipse.m2e.jdt.internal.DownloadSourcesJob.downloadMaven(DownloadSourcesJob.java:252)
	at org.eclipse.m2e.jdt.internal.DownloadSourcesJob.downloadFilesAndPopulateToUpdate(DownloadSourcesJob.java:220)
	at org.eclipse.m2e.jdt.internal.DownloadSourcesJob.lambda$0(DownloadSourcesJob.java:149)
	at org.eclipse.m2e.core.internal.embedder.MavenExecutionContext.executeBare(MavenExecutionContext.java:458)
	at org.eclipse.m2e.core.internal.embedder.MavenExecutionContext.execute(MavenExecutionContext.java:339)
	at org.eclipse.m2e.core.internal.embedder.MavenExecutionContext.execute(MavenExecutionContext.java:278)
	at org.eclipse.m2e.core.embedder.IMaven.execute(IMaven.java:300)
	at org.eclipse.m2e.jdt.internal.DownloadSourcesJob.run(DownloadSourcesJob.java:149)
	at org.eclipse.core.internal.jobs.Worker.run(Worker.java:63)
2024-11-01 10:49:30,367 [Worker-225: Building] INFO  o.e.m.c.i.l.LifecycleMappingFactory - Using org.eclipse.m2e.jdt.JarLifecycleMapping lifecycle mapping for MavenProject: com.trello:trello-board-service:0.0.1-SNAPSHOT @ /Users/bubul/Documents/workspace-spring-tool-suite-4-4.25.0.RELEASE/trello/trello-board-service/pom.xml.
2024-11-01 10:49:30,495 [Worker-225: Building] WARN  o.e.m.c.i.embedder.EclipseLogger - The POM for org.springframework.cloud:spring-cloud-starter-stream-rabbit:jar:2021.0.6 is missing, no dependency information available
2024-11-01 10:49:30,655 [Worker-225: Building] INFO  o.e.m.c.i.e.AbstractTransferListenerAdapter - Downloading https://repo.maven.apache.org/maven2/org/springframework/cloud/spring-cloud-starter-sleuth/3.1.3/spring-cloud-starter-sleuth-3.1.3.pom
2024-11-01 10:49:30,656 [Worker-225: Building] INFO  o.e.m.c.i.e.AbstractTransferListenerAdapter - Downloaded https://repo.maven.apache.org/maven2/org/springframework/cloud/spring-cloud-starter-sleuth/3.1.3/spring-cloud-starter-sleuth-3.1.3.pom
2024-11-01 10:49:30,705 [Worker-225: Building] INFO  o.e.m.c.i.e.AbstractTransferListenerAdapter - Downloading https://repo.maven.apache.org/maven2/org/springframework/cloud/spring-cloud-sleuth/3.1.3/spring-cloud-sleuth-3.1.3.pom
2024-11-01 10:49:30,707 [Worker-225: Building] INFO  o.e.m.c.i.e.AbstractTransferListenerAdapter - Downloaded https://repo.maven.apache.org/maven2/org/springframework/cloud/spring-cloud-sleuth/3.1.3/spring-cloud-sleuth-3.1.3.pom
2024-11-01 10:49:30,751 [Worker-225: Building] INFO  o.e.m.c.i.e.AbstractTransferListenerAdapter - Downloading https://repo.maven.apache.org/maven2/org/springframework/cloud/spring-cloud-build/3.1.3/spring-cloud-build-3.1.3.pom
2024-11-01 10:49:30,796 [Worker-225: Building] INFO  o.e.m.c.i.e.AbstractTransferListenerAdapter - Downloaded https://repo.maven.apache.org/maven2/org/springframework/cloud/spring-cloud-build/3.1.3/spring-cloud-build-3.1.3.pom
2024-11-01 10:49:30,841 [Worker-225: Building] INFO  o.e.m.c.i.e.AbstractTransferListenerAdapter - Downloading https://repo.maven.apache.org/maven2/org/springframework/cloud/spring-cloud-sleuth-dependencies/3.1.3/spring-cloud-sleuth-dependencies-3.1.3.pom
2024-11-01 10:49:30,844 [Worker-225: Building] INFO  o.e.m.c.i.e.AbstractTransferListenerAdapter - Downloaded https://repo.maven.apache.org/maven2/org/springframework/cloud/spring-cloud-sleuth-dependencies/3.1.3/spring-cloud-sleuth-dependencies-3.1.3.pom
2024-11-01 10:49:30,890 [Worker-225: Building] INFO  o.e.m.c.i.e.AbstractTransferListenerAdapter - Downloading https://repo.maven.apache.org/maven2/org/springframework/cloud/spring-cloud-dependencies-parent/3.1.3/spring-cloud-dependencies-parent-3.1.3.pom
2024-11-01 10:49:30,890 [Worker-225: Building] INFO  o.e.m.c.i.e.AbstractTransferListenerAdapter - Downloaded https://repo.maven.apache.org/maven2/org/springframework/cloud/spring-cloud-dependencies-parent/3.1.3/spring-cloud-dependencies-parent-3.1.3.pom
2024-11-01 10:49:30,938 [Worker-225: Building] INFO  o.e.m.c.i.e.AbstractTransferListenerAdapter - Downloading https://repo.maven.apache.org/maven2/io/zipkin/brave/brave-bom/5.13.9/brave-bom-5.13.9.pom
2024-11-01 10:49:30,942 [Worker-225: Building] INFO  o.e.m.c.i.e.AbstractTransferListenerAdapter - Downloaded https://repo.maven.apache.org/maven2/io/zipkin/brave/brave-bom/5.13.9/brave-bom-5.13.9.pom
2024-11-01 10:49:30,992 [Worker-225: Building] INFO  o.e.m.c.i.e.AbstractTransferListenerAdapter - Downloading https://repo.maven.apache.org/maven2/org/springframework/cloud/spring-cloud-netflix-dependencies/3.1.3/spring-cloud-netflix-dependencies-3.1.3.pom
2024-11-01 10:49:30,995 [Worker-225: Building] INFO  o.e.m.c.i.e.AbstractTransferListenerAdapter - Downloaded https://repo.maven.apache.org/maven2/org/springframework/cloud/spring-cloud-netflix-dependencies/3.1.3/spring-cloud-netflix-dependencies-3.1.3.pom
2024-11-01 10:49:31,041 [Worker-225: Building] INFO  o.e.m.c.i.e.AbstractTransferListenerAdapter - Downloading https://repo.maven.apache.org/maven2/org/springframework/cloud/spring-cloud-commons-dependencies/3.1.3/spring-cloud-commons-dependencies-3.1.3.pom
2024-11-01 10:49:31,044 [Worker-225: Building] INFO  o.e.m.c.i.e.AbstractTransferListenerAdapter - Downloaded https://repo.maven.apache.org/maven2/org/springframework/cloud/spring-cloud-commons-dependencies/3.1.3/spring-cloud-commons-dependencies-3.1.3.pom
2024-11-01 10:49:31,094 [Worker-225: Building] INFO  o.e.m.c.i.e.AbstractTransferListenerAdapter - Downloading https://repo.maven.apache.org/maven2/org/springframework/cloud/spring-cloud-gateway-dependencies/3.1.3/spring-cloud-gateway-dependencies-3.1.3.pom
2024-11-01 10:49:31,096 [Worker-225: Building] INFO  o.e.m.c.i.e.AbstractTransferListenerAdapter - Downloaded https://repo.maven.apache.org/maven2/org/springframework/cloud/spring-cloud-gateway-dependencies/3.1.3/spring-cloud-gateway-dependencies-3.1.3.pom
2024-11-01 10:49:31,144 [Worker-225: Building] INFO  o.e.m.c.i.e.AbstractTransferListenerAdapter - Downloading https://repo.maven.apache.org/maven2/org/springframework/cloud/spring-cloud-circuitbreaker-dependencies/2.1.3/spring-cloud-circuitbreaker-dependencies-2.1.3.pom
2024-11-01 10:49:31,147 [Worker-225: Building] INFO  o.e.m.c.i.e.AbstractTransferListenerAdapter - Downloaded https://repo.maven.apache.org/maven2/org/springframework/cloud/spring-cloud-circuitbreaker-dependencies/2.1.3/spring-cloud-circuitbreaker-dependencies-2.1.3.pom
2024-11-01 10:49:31,197 [Worker-225: Building] INFO  o.e.m.c.i.e.AbstractTransferListenerAdapter - Downloading https://repo.maven.apache.org/maven2/org/springframework/cloud/spring-cloud-stream-dependencies/3.2.4/spring-cloud-stream-dependencies-3.2.4.pom
2024-11-01 10:49:31,199 [Worker-225: Building] INFO  o.e.m.c.i.e.AbstractTransferListenerAdapter - Downloaded https://repo.maven.apache.org/maven2/org/springframework/cloud/spring-cloud-stream-dependencies/3.2.4/spring-cloud-stream-dependencies-3.2.4.pom
2024-11-01 10:49:31,246 [Worker-225: Building] INFO  o.e.m.c.i.e.AbstractTransferListenerAdapter - Downloading https://repo.maven.apache.org/maven2/org/springframework/cloud/spring-cloud-function-dependencies/3.2.5/spring-cloud-function-dependencies-3.2.5.pom
2024-11-01 10:49:31,248 [Worker-225: Building] INFO  o.e.m.c.i.e.AbstractTransferListenerAdapter - Downloaded https://repo.maven.apache.org/maven2/org/springframework/cloud/spring-cloud-function-dependencies/3.2.5/spring-cloud-function-dependencies-3.2.5.pom
2024-11-01 10:49:31,294 [Worker-225: Building] INFO  o.e.m.c.i.e.AbstractTransferListenerAdapter - Downloading https://repo.maven.apache.org/maven2/org/springframework/cloud/spring-cloud-openfeign-dependencies/3.1.3/spring-cloud-openfeign-dependencies-3.1.3.pom
2024-11-01 10:49:31,296 [Worker-225: Building] INFO  o.e.m.c.i.e.AbstractTransferListenerAdapter - Downloaded https://repo.maven.apache.org/maven2/org/springframework/cloud/spring-cloud-openfeign-dependencies/3.1.3/spring-cloud-openfeign-dependencies-3.1.3.pom
2024-11-01 10:49:31,342 [Worker-225: Building] INFO  o.e.m.c.i.e.AbstractTransferListenerAdapter - Downloading https://repo.maven.apache.org/maven2/io/github/openfeign/feign-bom/11.8/feign-bom-11.8.pom
2024-11-01 10:49:31,345 [Worker-225: Building] INFO  o.e.m.c.i.e.AbstractTransferListenerAdapter - Downloaded https://repo.maven.apache.org/maven2/io/github/openfeign/feign-bom/11.8/feign-bom-11.8.pom
2024-11-01 10:49:31,393 [Worker-225: Building] INFO  o.e.m.c.i.e.AbstractTransferListenerAdapter - Downloading https://repo.maven.apache.org/maven2/org/springframework/cloud/spring-cloud-config-dependencies/3.1.3/spring-cloud-config-dependencies-3.1.3.pom
2024-11-01 10:49:31,394 [Worker-225: Building] INFO  o.e.m.c.i.e.AbstractTransferListenerAdapter - Downloaded https://repo.maven.apache.org/maven2/org/springframework/cloud/spring-cloud-config-dependencies/3.1.3/spring-cloud-config-dependencies-3.1.3.pom
2024-11-01 10:49:31,440 [Worker-225: Building] INFO  o.e.m.c.i.e.AbstractTransferListenerAdapter - Downloading https://repo.maven.apache.org/maven2/org/springframework/cloud/spring-cloud-task-dependencies/2.4.3/spring-cloud-task-dependencies-2.4.3.pom
2024-11-01 10:49:31,442 [Worker-225: Building] INFO  o.e.m.c.i.e.AbstractTransferListenerAdapter - Downloaded https://repo.maven.apache.org/maven2/org/springframework/cloud/spring-cloud-task-dependencies/2.4.3/spring-cloud-task-dependencies-2.4.3.pom
2024-11-01 10:49:31,489 [Worker-225: Building] INFO  o.e.m.c.i.e.AbstractTransferListenerAdapter - Downloading https://repo.maven.apache.org/maven2/org/springframework/cloud/spring-cloud-deployer-dependencies/2.5.1/spring-cloud-deployer-dependencies-2.5.1.pom
2024-11-01 10:49:31,489 [Worker-225: Building] INFO  o.e.m.c.i.e.AbstractTransferListenerAdapter - Downloaded https://repo.maven.apache.org/maven2/org/springframework/cloud/spring-cloud-deployer-dependencies/2.5.1/spring-cloud-deployer-dependencies-2.5.1.pom
2024-11-01 10:49:31,535 [Worker-225: Building] INFO  o.e.m.c.i.e.AbstractTransferListenerAdapter - Downloading https://repo.maven.apache.org/maven2/org/springframework/cloud/spring-cloud-dataflow-dependencies-parent/2.7.1/spring-cloud-dataflow-dependencies-parent-2.7.1.pom
2024-11-01 10:49:31,536 [Worker-225: Building] INFO  o.e.m.c.i.e.AbstractTransferListenerAdapter - Downloaded https://repo.maven.apache.org/maven2/org/springframework/cloud/spring-cloud-dataflow-dependencies-parent/2.7.1/spring-cloud-dataflow-dependencies-parent-2.7.1.pom
2024-11-01 10:49:31,588 [Worker-225: Building] INFO  o.e.m.c.i.e.AbstractTransferListenerAdapter - Downloading https://repo.maven.apache.org/maven2/org/springframework/security/spring-security-bom/5.6.0/spring-security-bom-5.6.0.pom
2024-11-01 10:49:31,725 [Worker-225: Building] INFO  o.e.m.c.i.e.AbstractTransferListenerAdapter - Downloaded https://repo.maven.apache.org/maven2/org/springframework/security/spring-security-bom/5.6.0/spring-security-bom-5.6.0.pom
2024-11-01 10:49:31,772 [Worker-225: Building] INFO  o.e.m.c.i.e.AbstractTransferListenerAdapter - Downloading https://repo.maven.apache.org/maven2/org/testcontainers/testcontainers-bom/1.15.3/testcontainers-bom-1.15.3.pom
2024-11-01 10:49:31,774 [Worker-225: Building] INFO  o.e.m.c.i.e.AbstractTransferListenerAdapter - Downloaded https://repo.maven.apache.org/maven2/org/testcontainers/testcontainers-bom/1.15.3/testcontainers-bom-1.15.3.pom
2024-11-01 10:49:31,822 [Worker-225: Building] INFO  o.e.m.c.i.e.AbstractTransferListenerAdapter - Downloading https://repo.maven.apache.org/maven2/org/springframework/cloud/spring-cloud-build-dependencies/3.1.3/spring-cloud-build-dependencies-3.1.3.pom
2024-11-01 10:49:31,823 [Worker-225: Building] INFO  o.e.m.c.i.e.AbstractTransferListenerAdapter - Downloaded https://repo.maven.apache.org/maven2/org/springframework/cloud/spring-cloud-build-dependencies/3.1.3/spring-cloud-build-dependencies-3.1.3.pom
2024-11-01 10:49:31,870 [Worker-225: Building] INFO  o.e.m.c.i.e.AbstractTransferListenerAdapter - Downloading https://repo.maven.apache.org/maven2/org/springframework/boot/spring-boot-dependencies/2.6.8/spring-boot-dependencies-2.6.8.pom
2024-11-01 10:49:31,900 [Worker-225: Building] INFO  o.e.m.c.i.e.AbstractTransferListenerAdapter - Downloaded https://repo.maven.apache.org/maven2/org/springframework/boot/spring-boot-dependencies/2.6.8/spring-boot-dependencies-2.6.8.pom
2024-11-01 10:49:31,948 [Worker-225: Building] INFO  o.e.m.c.i.e.AbstractTransferListenerAdapter - Downloading https://repo.maven.apache.org/maven2/io/dropwizard/metrics/metrics-bom/4.2.9/metrics-bom-4.2.9.pom
2024-11-01 10:49:31,950 [Worker-225: Building] INFO  o.e.m.c.i.e.AbstractTransferListenerAdapter - Downloaded https://repo.maven.apache.org/maven2/io/dropwizard/metrics/metrics-bom/4.2.9/metrics-bom-4.2.9.pom
2024-11-01 10:49:31,996 [Worker-225: Building] INFO  o.e.m.c.i.e.AbstractTransferListenerAdapter - Downloading https://repo.maven.apache.org/maven2/io/dropwizard/metrics/metrics-parent/4.2.9/metrics-parent-4.2.9.pom
2024-11-01 10:49:32,001 [Worker-225: Building] INFO  o.e.m.c.i.e.AbstractTransferListenerAdapter - Downloaded https://repo.maven.apache.org/maven2/io/dropwizard/metrics/metrics-parent/4.2.9/metrics-parent-4.2.9.pom
2024-11-01 10:49:32,050 [Worker-225: Building] INFO  o.e.m.c.i.e.AbstractTransferListenerAdapter - Downloading https://repo.maven.apache.org/maven2/org/codehaus/groovy/groovy-bom/3.0.10/groovy-bom-3.0.10.pom
2024-11-01 10:49:32,057 [Worker-225: Building] INFO  o.e.m.c.i.e.AbstractTransferListenerAdapter - Downloaded https://repo.maven.apache.org/maven2/org/codehaus/groovy/groovy-bom/3.0.10/groovy-bom-3.0.10.pom
2024-11-01 10:49:32,108 [Worker-225: Building] INFO  o.e.m.c.i.e.AbstractTransferListenerAdapter - Downloading https://repo.maven.apache.org/maven2/com/fasterxml/jackson/jackson-bom/2.13.3/jackson-bom-2.13.3.pom
2024-11-01 10:49:32,112 [Worker-225: Building] INFO  o.e.m.c.i.e.AbstractTransferListenerAdapter - Downloaded https://repo.maven.apache.org/maven2/com/fasterxml/jackson/jackson-bom/2.13.3/jackson-bom-2.13.3.pom
2024-11-01 10:49:32,159 [Worker-225: Building] INFO  o.e.m.c.i.e.AbstractTransferListenerAdapter - Downloading https://repo.maven.apache.org/maven2/org/eclipse/jetty/jetty-bom/9.4.46.v20220331/jetty-bom-9.4.46.v20220331.pom
2024-11-01 10:49:32,166 [Worker-225: Building] INFO  o.e.m.c.i.e.AbstractTransferListenerAdapter - Downloaded https://repo.maven.apache.org/maven2/org/eclipse/jetty/jetty-bom/9.4.46.v20220331/jetty-bom-9.4.46.v20220331.pom
2024-11-01 10:49:32,220 [Worker-225: Building] INFO  o.e.m.c.i.e.AbstractTransferListenerAdapter - Downloading https://repo.maven.apache.org/maven2/io/micrometer/micrometer-bom/1.8.6/micrometer-bom-1.8.6.pom
2024-11-01 10:49:32,223 [Worker-225: Building] INFO  o.e.m.c.i.e.AbstractTransferListenerAdapter - Downloaded https://repo.maven.apache.org/maven2/io/micrometer/micrometer-bom/1.8.6/micrometer-bom-1.8.6.pom
2024-11-01 10:49:32,271 [Worker-225: Building] INFO  o.e.m.c.i.e.AbstractTransferListenerAdapter - Downloading https://repo.maven.apache.org/maven2/io/netty/netty-bom/4.1.77.Final/netty-bom-4.1.77.Final.pom
2024-11-01 10:49:32,273 [Worker-225: Building] INFO  o.e.m.c.i.e.AbstractTransferListenerAdapter - Downloaded https://repo.maven.apache.org/maven2/io/netty/netty-bom/4.1.77.Final/netty-bom-4.1.77.Final.pom
2024-11-01 10:49:32,319 [Worker-225: Building] INFO  o.e.m.c.i.e.AbstractTransferListenerAdapter - Downloading https://repo.maven.apache.org/maven2/io/r2dbc/r2dbc-bom/Arabba-SR13/r2dbc-bom-Arabba-SR13.pom
2024-11-01 10:49:32,320 [Worker-225: Building] INFO  o.e.m.c.i.e.AbstractTransferListenerAdapter - Downloaded https://repo.maven.apache.org/maven2/io/r2dbc/r2dbc-bom/Arabba-SR13/r2dbc-bom-Arabba-SR13.pom
2024-11-01 10:49:32,365 [Worker-225: Building] INFO  o.e.m.c.i.e.AbstractTransferListenerAdapter - Downloading https://repo.maven.apache.org/maven2/io/projectreactor/reactor-bom/2020.0.19/reactor-bom-2020.0.19.pom
2024-11-01 10:49:32,367 [Worker-225: Building] INFO  o.e.m.c.i.e.AbstractTransferListenerAdapter - Downloaded https://repo.maven.apache.org/maven2/io/projectreactor/reactor-bom/2020.0.19/reactor-bom-2020.0.19.pom
2024-11-01 10:49:32,416 [Worker-225: Building] INFO  o.e.m.c.i.e.AbstractTransferListenerAdapter - Downloading https://repo.maven.apache.org/maven2/io/rsocket/rsocket-bom/1.1.2/rsocket-bom-1.1.2.pom
2024-11-01 10:49:32,417 [Worker-225: Building] INFO  o.e.m.c.i.e.AbstractTransferListenerAdapter - Downloaded https://repo.maven.apache.org/maven2/io/rsocket/rsocket-bom/1.1.2/rsocket-bom-1.1.2.pom
2024-11-01 10:49:32,462 [Worker-225: Building] INFO  o.e.m.c.i.e.AbstractTransferListenerAdapter - Downloading https://repo.maven.apache.org/maven2/org/springframework/data/spring-data-bom/2021.1.4/spring-data-bom-2021.1.4.pom
2024-11-01 10:49:32,464 [Worker-225: Building] INFO  o.e.m.c.i.e.AbstractTransferListenerAdapter - Downloaded https://repo.maven.apache.org/maven2/org/springframework/data/spring-data-bom/2021.1.4/spring-data-bom-2021.1.4.pom
2024-11-01 10:49:32,514 [Worker-225: Building] INFO  o.e.m.c.i.e.AbstractTransferListenerAdapter - Downloading https://repo.maven.apache.org/maven2/org/springframework/spring-framework-bom/5.3.20/spring-framework-bom-5.3.20.pom
2024-11-01 10:49:32,516 [Worker-225: Building] INFO  o.e.m.c.i.e.AbstractTransferListenerAdapter - Downloaded https://repo.maven.apache.org/maven2/org/springframework/spring-framework-bom/5.3.20/spring-framework-bom-5.3.20.pom
2024-11-01 10:49:32,565 [Worker-225: Building] INFO  o.e.m.c.i.e.AbstractTransferListenerAdapter - Downloading https://repo.maven.apache.org/maven2/org/springframework/integration/spring-integration-bom/5.5.12/spring-integration-bom-5.5.12.pom
2024-11-01 10:49:32,568 [Worker-225: Building] INFO  o.e.m.c.i.e.AbstractTransferListenerAdapter - Downloaded https://repo.maven.apache.org/maven2/org/springframework/integration/spring-integration-bom/5.5.12/spring-integration-bom-5.5.12.pom
2024-11-01 10:49:32,617 [Worker-225: Building] INFO  o.e.m.c.i.e.AbstractTransferListenerAdapter - Downloading https://repo.maven.apache.org/maven2/org/springframework/security/spring-security-bom/5.6.5/spring-security-bom-5.6.5.pom
2024-11-01 10:49:32,620 [Worker-225: Building] INFO  o.e.m.c.i.e.AbstractTransferListenerAdapter - Downloaded https://repo.maven.apache.org/maven2/org/springframework/security/spring-security-bom/5.6.5/spring-security-bom-5.6.5.pom
2024-11-01 10:49:32,670 [Worker-225: Building] INFO  o.e.m.c.i.e.AbstractTransferListenerAdapter - Downloading https://repo.maven.apache.org/maven2/org/springframework/session/spring-session-bom/2021.1.3/spring-session-bom-2021.1.3.pom
2024-11-01 10:49:32,672 [Worker-225: Building] INFO  o.e.m.c.i.e.AbstractTransferListenerAdapter - Downloaded https://repo.maven.apache.org/maven2/org/springframework/session/spring-session-bom/2021.1.3/spring-session-bom-2021.1.3.pom
2024-11-01 10:49:32,718 [Worker-225: Building] INFO  o.e.m.c.i.e.AbstractTransferListenerAdapter - Downloading https://repo.maven.apache.org/maven2/org/springframework/cloud/spring-cloud-starter/3.1.3/spring-cloud-starter-3.1.3.pom
2024-11-01 10:49:32,719 [Worker-225: Building] INFO  o.e.m.c.i.e.AbstractTransferListenerAdapter - Downloaded https://repo.maven.apache.org/maven2/org/springframework/cloud/spring-cloud-starter/3.1.3/spring-cloud-starter-3.1.3.pom
2024-11-01 10:49:32,766 [Worker-225: Building] INFO  o.e.m.c.i.e.AbstractTransferListenerAdapter - Downloading https://repo.maven.apache.org/maven2/org/springframework/cloud/spring-cloud-commons-parent/3.1.3/spring-cloud-commons-parent-3.1.3.pom
2024-11-01 10:49:32,766 [Worker-225: Building] INFO  o.e.m.c.i.e.AbstractTransferListenerAdapter - Downloaded https://repo.maven.apache.org/maven2/org/springframework/cloud/spring-cloud-commons-parent/3.1.3/spring-cloud-commons-parent-3.1.3.pom
2024-11-01 10:49:32,811 [Worker-225: Building] INFO  o.e.m.c.i.e.AbstractTransferListenerAdapter - Downloading https://repo.maven.apache.org/maven2/org/springframework/cloud/spring-cloud-context/3.1.3/spring-cloud-context-3.1.3.pom
2024-11-01 10:49:32,813 [Worker-225: Building] INFO  o.e.m.c.i.e.AbstractTransferListenerAdapter - Downloaded https://repo.maven.apache.org/maven2/org/springframework/cloud/spring-cloud-context/3.1.3/spring-cloud-context-3.1.3.pom
2024-11-01 10:49:32,859 [Worker-225: Building] INFO  o.e.m.c.i.e.AbstractTransferListenerAdapter - Downloading https://repo.maven.apache.org/maven2/org/springframework/cloud/spring-cloud-commons/3.1.3/spring-cloud-commons-3.1.3.pom
2024-11-01 10:49:32,861 [Worker-225: Building] INFO  o.e.m.c.i.e.AbstractTransferListenerAdapter - Downloaded https://repo.maven.apache.org/maven2/org/springframework/cloud/spring-cloud-commons/3.1.3/spring-cloud-commons-3.1.3.pom
2024-11-01 10:49:32,909 [Worker-225: Building] INFO  o.e.m.c.i.e.AbstractTransferListenerAdapter - Downloading https://repo.maven.apache.org/maven2/org/springframework/cloud/spring-cloud-sleuth-autoconfigure/3.1.3/spring-cloud-sleuth-autoconfigure-3.1.3.pom
2024-11-01 10:49:32,911 [Worker-225: Building] INFO  o.e.m.c.i.e.AbstractTransferListenerAdapter - Downloaded https://repo.maven.apache.org/maven2/org/springframework/cloud/spring-cloud-sleuth-autoconfigure/3.1.3/spring-cloud-sleuth-autoconfigure-3.1.3.pom
2024-11-01 10:49:32,958 [Worker-225: Building] INFO  o.e.m.c.i.e.AbstractTransferListenerAdapter - Downloading https://repo.maven.apache.org/maven2/org/springframework/cloud/spring-cloud-sleuth-instrumentation/3.1.3/spring-cloud-sleuth-instrumentation-3.1.3.pom
2024-11-01 10:49:32,960 [Worker-225: Building] INFO  o.e.m.c.i.e.AbstractTransferListenerAdapter - Downloaded https://repo.maven.apache.org/maven2/org/springframework/cloud/spring-cloud-sleuth-instrumentation/3.1.3/spring-cloud-sleuth-instrumentation-3.1.3.pom
2024-11-01 10:49:33,007 [Worker-225: Building] INFO  o.e.m.c.i.e.AbstractTransferListenerAdapter - Downloading https://repo.maven.apache.org/maven2/org/springframework/cloud/spring-cloud-sleuth-api/3.1.3/spring-cloud-sleuth-api-3.1.3.pom
2024-11-01 10:49:33,008 [Worker-225: Building] INFO  o.e.m.c.i.e.AbstractTransferListenerAdapter - Downloaded https://repo.maven.apache.org/maven2/org/springframework/cloud/spring-cloud-sleuth-api/3.1.3/spring-cloud-sleuth-api-3.1.3.pom
2024-11-01 10:49:33,054 [Worker-225: Building] INFO  o.e.m.c.i.e.AbstractTransferListenerAdapter - Downloading https://repo.maven.apache.org/maven2/org/aspectj/aspectjrt/1.9.22.1/aspectjrt-1.9.22.1.pom
2024-11-01 10:49:33,054 [Worker-225: Building] INFO  o.e.m.c.i.e.AbstractTransferListenerAdapter - Downloaded https://repo.maven.apache.org/maven2/org/aspectj/aspectjrt/1.9.22.1/aspectjrt-1.9.22.1.pom
2024-11-01 10:49:33,101 [Worker-225: Building] INFO  o.e.m.c.i.e.AbstractTransferListenerAdapter - Downloading https://repo.maven.apache.org/maven2/org/springframework/cloud/spring-cloud-sleuth-brave/3.1.3/spring-cloud-sleuth-brave-3.1.3.pom
2024-11-01 10:49:33,103 [Worker-225: Building] INFO  o.e.m.c.i.e.AbstractTransferListenerAdapter - Downloaded https://repo.maven.apache.org/maven2/org/springframework/cloud/spring-cloud-sleuth-brave/3.1.3/spring-cloud-sleuth-brave-3.1.3.pom
2024-11-01 10:49:33,151 [Worker-225: Building] INFO  o.e.m.c.i.e.AbstractTransferListenerAdapter - Downloading https://repo.maven.apache.org/maven2/io/zipkin/brave/brave/6.0.3/brave-6.0.3.pom
2024-11-01 10:49:33,153 [Worker-225: Building] INFO  o.e.m.c.i.e.AbstractTransferListenerAdapter - Downloaded https://repo.maven.apache.org/maven2/io/zipkin/brave/brave/6.0.3/brave-6.0.3.pom
2024-11-01 10:49:33,201 [Worker-225: Building] INFO  o.e.m.c.i.e.AbstractTransferListenerAdapter - Downloading https://repo.maven.apache.org/maven2/io/zipkin/brave/brave-parent/6.0.3/brave-parent-6.0.3.pom
2024-11-01 10:49:33,207 [Worker-225: Building] INFO  o.e.m.c.i.e.AbstractTransferListenerAdapter - Downloaded https://repo.maven.apache.org/maven2/io/zipkin/brave/brave-parent/6.0.3/brave-parent-6.0.3.pom
2024-11-01 10:49:33,255 [Worker-225: Building] INFO  o.e.m.c.i.e.AbstractTransferListenerAdapter - Downloading https://repo.maven.apache.org/maven2/io/zipkin/brave/brave-context-slf4j/6.0.3/brave-context-slf4j-6.0.3.pom
2024-11-01 10:49:33,256 [Worker-225: Building] INFO  o.e.m.c.i.e.AbstractTransferListenerAdapter - Downloaded https://repo.maven.apache.org/maven2/io/zipkin/brave/brave-context-slf4j/6.0.3/brave-context-slf4j-6.0.3.pom
2024-11-01 10:49:33,302 [Worker-225: Building] INFO  o.e.m.c.i.e.AbstractTransferListenerAdapter - Downloading https://repo.maven.apache.org/maven2/io/zipkin/brave/brave-context-parent/6.0.3/brave-context-parent-6.0.3.pom
2024-11-01 10:49:33,302 [Worker-225: Building] INFO  o.e.m.c.i.e.AbstractTransferListenerAdapter - Downloaded https://repo.maven.apache.org/maven2/io/zipkin/brave/brave-context-parent/6.0.3/brave-context-parent-6.0.3.pom
2024-11-01 10:49:33,349 [Worker-225: Building] INFO  o.e.m.c.i.e.AbstractTransferListenerAdapter - Downloading https://repo.maven.apache.org/maven2/io/zipkin/brave/brave-instrumentation-messaging/6.0.3/brave-instrumentation-messaging-6.0.3.pom
2024-11-01 10:49:33,350 [Worker-225: Building] INFO  o.e.m.c.i.e.AbstractTransferListenerAdapter - Downloaded https://repo.maven.apache.org/maven2/io/zipkin/brave/brave-instrumentation-messaging/6.0.3/brave-instrumentation-messaging-6.0.3.pom
2024-11-01 10:49:33,394 [Worker-225: Building] INFO  o.e.m.c.i.e.AbstractTransferListenerAdapter - Downloading https://repo.maven.apache.org/maven2/io/zipkin/brave/brave-instrumentation-parent/6.0.3/brave-instrumentation-parent-6.0.3.pom
2024-11-01 10:49:33,395 [Worker-225: Building] INFO  o.e.m.c.i.e.AbstractTransferListenerAdapter - Downloaded https://repo.maven.apache.org/maven2/io/zipkin/brave/brave-instrumentation-parent/6.0.3/brave-instrumentation-parent-6.0.3.pom
2024-11-01 10:49:33,441 [Worker-225: Building] INFO  o.e.m.c.i.e.AbstractTransferListenerAdapter - Downloading https://repo.maven.apache.org/maven2/io/zipkin/brave/brave-instrumentation-rpc/6.0.3/brave-instrumentation-rpc-6.0.3.pom
2024-11-01 10:49:33,442 [Worker-225: Building] INFO  o.e.m.c.i.e.AbstractTransferListenerAdapter - Downloaded https://repo.maven.apache.org/maven2/io/zipkin/brave/brave-instrumentation-rpc/6.0.3/brave-instrumentation-rpc-6.0.3.pom
2024-11-01 10:49:33,488 [Worker-225: Building] INFO  o.e.m.c.i.e.AbstractTransferListenerAdapter - Downloading https://repo.maven.apache.org/maven2/io/zipkin/brave/brave-instrumentation-spring-rabbit/6.0.3/brave-instrumentation-spring-rabbit-6.0.3.pom
2024-11-01 10:49:33,488 [Worker-225: Building] INFO  o.e.m.c.i.e.AbstractTransferListenerAdapter - Downloaded https://repo.maven.apache.org/maven2/io/zipkin/brave/brave-instrumentation-spring-rabbit/6.0.3/brave-instrumentation-spring-rabbit-6.0.3.pom
2024-11-01 10:49:33,535 [Worker-225: Building] INFO  o.e.m.c.i.e.AbstractTransferListenerAdapter - Downloading https://repo.maven.apache.org/maven2/io/zipkin/brave/brave-instrumentation-kafka-clients/6.0.3/brave-instrumentation-kafka-clients-6.0.3.pom
2024-11-01 10:49:33,536 [Worker-225: Building] INFO  o.e.m.c.i.e.AbstractTransferListenerAdapter - Downloaded https://repo.maven.apache.org/maven2/io/zipkin/brave/brave-instrumentation-kafka-clients/6.0.3/brave-instrumentation-kafka-clients-6.0.3.pom
2024-11-01 10:49:33,581 [Worker-225: Building] INFO  o.e.m.c.i.e.AbstractTransferListenerAdapter - Downloading https://repo.maven.apache.org/maven2/io/zipkin/brave/brave-instrumentation-kafka-streams/6.0.3/brave-instrumentation-kafka-streams-6.0.3.pom
2024-11-01 10:49:33,582 [Worker-225: Building] INFO  o.e.m.c.i.e.AbstractTransferListenerAdapter - Downloaded https://repo.maven.apache.org/maven2/io/zipkin/brave/brave-instrumentation-kafka-streams/6.0.3/brave-instrumentation-kafka-streams-6.0.3.pom
2024-11-01 10:49:33,630 [Worker-225: Building] INFO  o.e.m.c.i.e.AbstractTransferListenerAdapter - Downloading https://repo.maven.apache.org/maven2/io/zipkin/brave/brave-instrumentation-httpclient/6.0.3/brave-instrumentation-httpclient-6.0.3.pom
2024-11-01 10:49:33,632 [Worker-225: Building] INFO  o.e.m.c.i.e.AbstractTransferListenerAdapter - Downloaded https://repo.maven.apache.org/maven2/io/zipkin/brave/brave-instrumentation-httpclient/6.0.3/brave-instrumentation-httpclient-6.0.3.pom
2024-11-01 10:49:33,679 [Worker-225: Building] INFO  o.e.m.c.i.e.AbstractTransferListenerAdapter - Downloading https://repo.maven.apache.org/maven2/io/zipkin/brave/brave-instrumentation-http/6.0.3/brave-instrumentation-http-6.0.3.pom
2024-11-01 10:49:33,681 [Worker-225: Building] INFO  o.e.m.c.i.e.AbstractTransferListenerAdapter - Downloaded https://repo.maven.apache.org/maven2/io/zipkin/brave/brave-instrumentation-http/6.0.3/brave-instrumentation-http-6.0.3.pom
2024-11-01 10:49:33,727 [Worker-225: Building] INFO  o.e.m.c.i.e.AbstractTransferListenerAdapter - Downloading https://repo.maven.apache.org/maven2/io/zipkin/brave/brave-instrumentation-httpasyncclient/6.0.3/brave-instrumentation-httpasyncclient-6.0.3.pom
2024-11-01 10:49:33,729 [Worker-225: Building] INFO  o.e.m.c.i.e.AbstractTransferListenerAdapter - Downloaded https://repo.maven.apache.org/maven2/io/zipkin/brave/brave-instrumentation-httpasyncclient/6.0.3/brave-instrumentation-httpasyncclient-6.0.3.pom
2024-11-01 10:49:33,776 [Worker-225: Building] INFO  o.e.m.c.i.e.AbstractTransferListenerAdapter - Downloading https://repo.maven.apache.org/maven2/io/zipkin/brave/brave-instrumentation-jms/6.0.3/brave-instrumentation-jms-6.0.3.pom
2024-11-01 10:49:33,776 [Worker-225: Building] INFO  o.e.m.c.i.e.AbstractTransferListenerAdapter - Downloaded https://repo.maven.apache.org/maven2/io/zipkin/brave/brave-instrumentation-jms/6.0.3/brave-instrumentation-jms-6.0.3.pom
2024-11-01 10:49:33,823 [Worker-225: Building] INFO  o.e.m.c.i.e.AbstractTransferListenerAdapter - Downloading https://repo.maven.apache.org/maven2/io/zipkin/brave/brave-instrumentation-mongodb/6.0.3/brave-instrumentation-mongodb-6.0.3.pom
2024-11-01 10:49:33,823 [Worker-225: Building] INFO  o.e.m.c.i.e.AbstractTransferListenerAdapter - Downloaded https://repo.maven.apache.org/maven2/io/zipkin/brave/brave-instrumentation-mongodb/6.0.3/brave-instrumentation-mongodb-6.0.3.pom
2024-11-01 10:49:33,869 [Worker-225: Building] INFO  o.e.m.c.i.e.AbstractTransferListenerAdapter - Downloading https://repo.maven.apache.org/maven2/io/zipkin/aws/brave-propagation-aws/0.21.3/brave-propagation-aws-0.21.3.pom
2024-11-01 10:49:33,872 [Worker-225: Building] INFO  o.e.m.c.i.e.AbstractTransferListenerAdapter - Downloaded https://repo.maven.apache.org/maven2/io/zipkin/aws/brave-propagation-aws/0.21.3/brave-propagation-aws-0.21.3.pom
2024-11-01 10:49:33,920 [Worker-225: Building] INFO  o.e.m.c.i.e.AbstractTransferListenerAdapter - Downloading https://repo.maven.apache.org/maven2/io/zipkin/aws/zipkin-aws-parent/0.21.3/zipkin-aws-parent-0.21.3.pom
2024-11-01 10:49:33,924 [Worker-225: Building] INFO  o.e.m.c.i.e.AbstractTransferListenerAdapter - Downloaded https://repo.maven.apache.org/maven2/io/zipkin/aws/zipkin-aws-parent/0.21.3/zipkin-aws-parent-0.21.3.pom
2024-11-01 10:49:33,974 [Worker-225: Building] INFO  o.e.m.c.i.e.AbstractTransferListenerAdapter - Downloading https://repo.maven.apache.org/maven2/com/fasterxml/jackson/jackson-bom/2.11.2/jackson-bom-2.11.2.pom
2024-11-01 10:49:33,978 [Worker-225: Building] INFO  o.e.m.c.i.e.AbstractTransferListenerAdapter - Downloaded https://repo.maven.apache.org/maven2/com/fasterxml/jackson/jackson-bom/2.11.2/jackson-bom-2.11.2.pom
2024-11-01 10:49:34,028 [Worker-225: Building] INFO  o.e.m.c.i.e.AbstractTransferListenerAdapter - Downloading https://repo.maven.apache.org/maven2/io/netty/netty-bom/4.1.51.Final/netty-bom-4.1.51.Final.pom
2024-11-01 10:49:34,031 [Worker-225: Building] INFO  o.e.m.c.i.e.AbstractTransferListenerAdapter - Downloaded https://repo.maven.apache.org/maven2/io/netty/netty-bom/4.1.51.Final/netty-bom-4.1.51.Final.pom
2024-11-01 10:49:34,079 [Worker-225: Building] INFO  o.e.m.c.i.e.AbstractTransferListenerAdapter - Downloading https://repo.maven.apache.org/maven2/com/amazonaws/aws-java-sdk-bom/1.11.846/aws-java-sdk-bom-1.11.846.pom
2024-11-01 10:49:34,092 [Worker-225: Building] INFO  o.e.m.c.i.e.AbstractTransferListenerAdapter - Downloaded https://repo.maven.apache.org/maven2/com/amazonaws/aws-java-sdk-bom/1.11.846/aws-java-sdk-bom-1.11.846.pom
2024-11-01 10:49:34,139 [Worker-225: Building] INFO  o.e.m.c.i.e.AbstractTransferListenerAdapter - Downloading https://repo.maven.apache.org/maven2/com/amazonaws/aws-java-sdk-pom/1.11.846/aws-java-sdk-pom-1.11.846.pom
2024-11-01 10:49:34,142 [Worker-225: Building] INFO  o.e.m.c.i.e.AbstractTransferListenerAdapter - Downloaded https://repo.maven.apache.org/maven2/com/amazonaws/aws-java-sdk-pom/1.11.846/aws-java-sdk-pom-1.11.846.pom
2024-11-01 10:49:34,192 [Worker-225: Building] INFO  o.e.m.c.i.e.AbstractTransferListenerAdapter - Downloading https://repo.maven.apache.org/maven2/io/zipkin/reporter2/zipkin-reporter-metrics-micrometer/3.4.2/zipkin-reporter-metrics-micrometer-3.4.2.pom
2024-11-01 10:49:34,194 [Worker-225: Building] INFO  o.e.m.c.i.e.AbstractTransferListenerAdapter - Downloaded https://repo.maven.apache.org/maven2/io/zipkin/reporter2/zipkin-reporter-metrics-micrometer/3.4.2/zipkin-reporter-metrics-micrometer-3.4.2.pom
2024-11-01 10:49:34,240 [Worker-225: Building] INFO  o.e.m.c.i.e.AbstractTransferListenerAdapter - Downloading https://repo.maven.apache.org/maven2/io/zipkin/reporter2/zipkin-reporter-parent/3.4.2/zipkin-reporter-parent-3.4.2.pom
2024-11-01 10:49:34,244 [Worker-225: Building] INFO  o.e.m.c.i.e.AbstractTransferListenerAdapter - Downloaded https://repo.maven.apache.org/maven2/io/zipkin/reporter2/zipkin-reporter-parent/3.4.2/zipkin-reporter-parent-3.4.2.pom
2024-11-01 10:49:34,289 [Worker-225: Building] INFO  o.e.m.c.i.e.AbstractTransferListenerAdapter - Downloading https://repo.maven.apache.org/maven2/io/zipkin/reporter2/zipkin-reporter/3.4.2/zipkin-reporter-3.4.2.pom
2024-11-01 10:49:34,290 [Worker-225: Building] INFO  o.e.m.c.i.e.AbstractTransferListenerAdapter - Downloaded https://repo.maven.apache.org/maven2/io/zipkin/reporter2/zipkin-reporter/3.4.2/zipkin-reporter-3.4.2.pom
2024-11-01 10:49:34,312 [Worker-225: Building] WARN  o.e.m.c.i.embedder.EclipseLogger - The artifact mysql:mysql-connector-java:jar:8.0.33 has been relocated to com.mysql:mysql-connector-j:jar:8.0.33: MySQL Connector/J artifacts moved to reverse-DNS compliant Maven 2+ coordinates.
2024-11-01 10:49:34,381 [Worker-225: Building] INFO  o.e.m.c.i.e.AbstractTransferListenerAdapter - Downloading https://repo.maven.apache.org/maven2/org/springframework/cloud/spring-cloud-starter-sleuth/3.1.3/spring-cloud-starter-sleuth-3.1.3.jar
2024-11-01 10:49:34,382 [Worker-225: Building] INFO  o.e.m.c.i.e.AbstractTransferListenerAdapter - Downloaded https://repo.maven.apache.org/maven2/org/springframework/cloud/spring-cloud-starter-sleuth/3.1.3/spring-cloud-starter-sleuth-3.1.3.jar
2024-11-01 10:49:34,429 [BasicRepositoryConnector-repo.maven.apache.org-3-0] INFO  o.e.m.c.i.e.AbstractTransferListenerAdapter - Downloading https://repo.maven.apache.org/maven2/org/springframework/cloud/spring-cloud-starter/3.1.3/spring-cloud-starter-3.1.3.jar
2024-11-01 10:49:34,430 [BasicRepositoryConnector-repo.maven.apache.org-3-0] INFO  o.e.m.c.i.e.AbstractTransferListenerAdapter - Downloaded https://repo.maven.apache.org/maven2/org/springframework/cloud/spring-cloud-starter/3.1.3/spring-cloud-starter-3.1.3.jar
2024-11-01 10:49:34,477 [BasicRepositoryConnector-repo.maven.apache.org-3-0] INFO  o.e.m.c.i.e.AbstractTransferListenerAdapter - Downloading https://repo.maven.apache.org/maven2/org/springframework/cloud/spring-cloud-sleuth-api/3.1.3/spring-cloud-sleuth-api-3.1.3.jar
2024-11-01 10:49:34,486 [BasicRepositoryConnector-repo.maven.apache.org-3-0] INFO  o.e.m.c.i.e.AbstractTransferListenerAdapter - Downloaded https://repo.maven.apache.org/maven2/org/springframework/cloud/spring-cloud-sleuth-api/3.1.3/spring-cloud-sleuth-api-3.1.3.jar
2024-11-01 10:49:34,520 [BasicRepositoryConnector-repo.maven.apache.org-3-3] INFO  o.e.m.c.i.e.AbstractTransferListenerAdapter - Downloading https://repo.maven.apache.org/maven2/org/springframework/cloud/spring-cloud-sleuth-autoconfigure/3.1.3/spring-cloud-sleuth-autoconfigure-3.1.3.jar
2024-11-01 10:49:34,520 [BasicRepositoryConnector-repo.maven.apache.org-3-2] INFO  o.e.m.c.i.e.AbstractTransferListenerAdapter - Downloading https://repo.maven.apache.org/maven2/org/springframework/cloud/spring-cloud-commons/3.1.3/spring-cloud-commons-3.1.3.jar
2024-11-01 10:49:34,521 [BasicRepositoryConnector-repo.maven.apache.org-3-1] INFO  o.e.m.c.i.e.AbstractTransferListenerAdapter - Downloading https://repo.maven.apache.org/maven2/org/springframework/cloud/spring-cloud-context/3.1.3/spring-cloud-context-3.1.3.jar
2024-11-01 10:49:34,521 [BasicRepositoryConnector-repo.maven.apache.org-3-4] INFO  o.e.m.c.i.e.AbstractTransferListenerAdapter - Downloading https://repo.maven.apache.org/maven2/org/springframework/cloud/spring-cloud-sleuth-instrumentation/3.1.3/spring-cloud-sleuth-instrumentation-3.1.3.jar
2024-11-01 10:49:34,531 [BasicRepositoryConnector-repo.maven.apache.org-3-0] INFO  o.e.m.c.i.e.AbstractTransferListenerAdapter - Downloading https://repo.maven.apache.org/maven2/org/aspectj/aspectjrt/1.9.22.1/aspectjrt-1.9.22.1.jar
2024-11-01 10:49:34,568 [BasicRepositoryConnector-repo.maven.apache.org-3-0] INFO  o.e.m.c.i.e.AbstractTransferListenerAdapter - Downloaded https://repo.maven.apache.org/maven2/org/aspectj/aspectjrt/1.9.22.1/aspectjrt-1.9.22.1.jar
2024-11-01 10:49:34,613 [BasicRepositoryConnector-repo.maven.apache.org-3-0] INFO  o.e.m.c.i.e.AbstractTransferListenerAdapter - Downloading https://repo.maven.apache.org/maven2/org/springframework/cloud/spring-cloud-sleuth-brave/3.1.3/spring-cloud-sleuth-brave-3.1.3.jar
2024-11-01 10:49:34,617 [BasicRepositoryConnector-repo.maven.apache.org-3-1] INFO  o.e.m.c.i.e.AbstractTransferListenerAdapter - Downloaded https://repo.maven.apache.org/maven2/org/springframework/cloud/spring-cloud-context/3.1.3/spring-cloud-context-3.1.3.jar
2024-11-01 10:49:34,633 [BasicRepositoryConnector-repo.maven.apache.org-3-0] INFO  o.e.m.c.i.e.AbstractTransferListenerAdapter - Downloaded https://repo.maven.apache.org/maven2/org/springframework/cloud/spring-cloud-sleuth-brave/3.1.3/spring-cloud-sleuth-brave-3.1.3.jar
2024-11-01 10:49:34,633 [BasicRepositoryConnector-repo.maven.apache.org-3-2] INFO  o.e.m.c.i.e.AbstractTransferListenerAdapter - Downloaded https://repo.maven.apache.org/maven2/org/springframework/cloud/spring-cloud-commons/3.1.3/spring-cloud-commons-3.1.3.jar
2024-11-01 10:49:34,664 [BasicRepositoryConnector-repo.maven.apache.org-3-1] INFO  o.e.m.c.i.e.AbstractTransferListenerAdapter - Downloading https://repo.maven.apache.org/maven2/io/zipkin/brave/brave/6.0.3/brave-6.0.3.jar
2024-11-01 10:49:34,666 [BasicRepositoryConnector-repo.maven.apache.org-3-3] INFO  o.e.m.c.i.e.AbstractTransferListenerAdapter - Downloaded https://repo.maven.apache.org/maven2/org/springframework/cloud/spring-cloud-sleuth-autoconfigure/3.1.3/spring-cloud-sleuth-autoconfigure-3.1.3.jar
2024-11-01 10:49:34,682 [BasicRepositoryConnector-repo.maven.apache.org-3-0] INFO  o.e.m.c.i.e.AbstractTransferListenerAdapter - Downloading https://repo.maven.apache.org/maven2/io/zipkin/brave/brave-context-slf4j/6.0.3/brave-context-slf4j-6.0.3.jar
2024-11-01 10:49:34,682 [BasicRepositoryConnector-repo.maven.apache.org-3-2] INFO  o.e.m.c.i.e.AbstractTransferListenerAdapter - Downloading https://repo.maven.apache.org/maven2/io/zipkin/brave/brave-instrumentation-messaging/6.0.3/brave-instrumentation-messaging-6.0.3.jar
2024-11-01 10:49:34,683 [BasicRepositoryConnector-repo.maven.apache.org-3-0] INFO  o.e.m.c.i.e.AbstractTransferListenerAdapter - Downloaded https://repo.maven.apache.org/maven2/io/zipkin/brave/brave-context-slf4j/6.0.3/brave-context-slf4j-6.0.3.jar
2024-11-01 10:49:34,684 [BasicRepositoryConnector-repo.maven.apache.org-3-2] INFO  o.e.m.c.i.e.AbstractTransferListenerAdapter - Downloaded https://repo.maven.apache.org/maven2/io/zipkin/brave/brave-instrumentation-messaging/6.0.3/brave-instrumentation-messaging-6.0.3.jar
2024-11-01 10:49:34,684 [BasicRepositoryConnector-repo.maven.apache.org-3-4] INFO  o.e.m.c.i.e.AbstractTransferListenerAdapter - Downloaded https://repo.maven.apache.org/maven2/org/springframework/cloud/spring-cloud-sleuth-instrumentation/3.1.3/spring-cloud-sleuth-instrumentation-3.1.3.jar
2024-11-01 10:49:34,713 [BasicRepositoryConnector-repo.maven.apache.org-3-3] INFO  o.e.m.c.i.e.AbstractTransferListenerAdapter - Downloading https://repo.maven.apache.org/maven2/io/zipkin/brave/brave-instrumentation-rpc/6.0.3/brave-instrumentation-rpc-6.0.3.jar
2024-11-01 10:49:34,714 [BasicRepositoryConnector-repo.maven.apache.org-3-1] INFO  o.e.m.c.i.e.AbstractTransferListenerAdapter - Downloaded https://repo.maven.apache.org/maven2/io/zipkin/brave/brave/6.0.3/brave-6.0.3.jar
2024-11-01 10:49:34,715 [BasicRepositoryConnector-repo.maven.apache.org-3-3] INFO  o.e.m.c.i.e.AbstractTransferListenerAdapter - Downloaded https://repo.maven.apache.org/maven2/io/zipkin/brave/brave-instrumentation-rpc/6.0.3/brave-instrumentation-rpc-6.0.3.jar
2024-11-01 10:49:34,728 [BasicRepositoryConnector-repo.maven.apache.org-3-0] INFO  o.e.m.c.i.e.AbstractTransferListenerAdapter - Downloading https://repo.maven.apache.org/maven2/io/zipkin/brave/brave-instrumentation-spring-rabbit/6.0.3/brave-instrumentation-spring-rabbit-6.0.3.jar
2024-11-01 10:49:34,730 [BasicRepositoryConnector-repo.maven.apache.org-3-2] INFO  o.e.m.c.i.e.AbstractTransferListenerAdapter - Downloading https://repo.maven.apache.org/maven2/io/zipkin/brave/brave-instrumentation-kafka-clients/6.0.3/brave-instrumentation-kafka-clients-6.0.3.jar
2024-11-01 10:49:34,730 [BasicRepositoryConnector-repo.maven.apache.org-3-4] INFO  o.e.m.c.i.e.AbstractTransferListenerAdapter - Downloading https://repo.maven.apache.org/maven2/io/zipkin/brave/brave-instrumentation-kafka-streams/6.0.3/brave-instrumentation-kafka-streams-6.0.3.jar
2024-11-01 10:49:34,732 [BasicRepositoryConnector-repo.maven.apache.org-3-0] INFO  o.e.m.c.i.e.AbstractTransferListenerAdapter - Downloaded https://repo.maven.apache.org/maven2/io/zipkin/brave/brave-instrumentation-spring-rabbit/6.0.3/brave-instrumentation-spring-rabbit-6.0.3.jar
2024-11-01 10:49:34,733 [BasicRepositoryConnector-repo.maven.apache.org-3-2] INFO  o.e.m.c.i.e.AbstractTransferListenerAdapter - Downloaded https://repo.maven.apache.org/maven2/io/zipkin/brave/brave-instrumentation-kafka-clients/6.0.3/brave-instrumentation-kafka-clients-6.0.3.jar
2024-11-01 10:49:34,734 [BasicRepositoryConnector-repo.maven.apache.org-3-4] INFO  o.e.m.c.i.e.AbstractTransferListenerAdapter - Downloaded https://repo.maven.apache.org/maven2/io/zipkin/brave/brave-instrumentation-kafka-streams/6.0.3/brave-instrumentation-kafka-streams-6.0.3.jar
2024-11-01 10:49:34,759 [BasicRepositoryConnector-repo.maven.apache.org-3-3] INFO  o.e.m.c.i.e.AbstractTransferListenerAdapter - Downloading https://repo.maven.apache.org/maven2/io/zipkin/brave/brave-instrumentation-http/6.0.3/brave-instrumentation-http-6.0.3.jar
2024-11-01 10:49:34,761 [BasicRepositoryConnector-repo.maven.apache.org-3-1] INFO  o.e.m.c.i.e.AbstractTransferListenerAdapter - Downloading https://repo.maven.apache.org/maven2/io/zipkin/brave/brave-instrumentation-httpclient/6.0.3/brave-instrumentation-httpclient-6.0.3.jar
2024-11-01 10:49:34,762 [BasicRepositoryConnector-repo.maven.apache.org-3-1] INFO  o.e.m.c.i.e.AbstractTransferListenerAdapter - Downloaded https://repo.maven.apache.org/maven2/io/zipkin/brave/brave-instrumentation-httpclient/6.0.3/brave-instrumentation-httpclient-6.0.3.jar
2024-11-01 10:49:34,764 [BasicRepositoryConnector-repo.maven.apache.org-3-3] INFO  o.e.m.c.i.e.AbstractTransferListenerAdapter - Downloaded https://repo.maven.apache.org/maven2/io/zipkin/brave/brave-instrumentation-http/6.0.3/brave-instrumentation-http-6.0.3.jar
2024-11-01 10:49:34,779 [BasicRepositoryConnector-repo.maven.apache.org-3-2] INFO  o.e.m.c.i.e.AbstractTransferListenerAdapter - Downloading https://repo.maven.apache.org/maven2/io/zipkin/brave/brave-instrumentation-jms/6.0.3/brave-instrumentation-jms-6.0.3.jar
2024-11-01 10:49:34,779 [BasicRepositoryConnector-repo.maven.apache.org-3-0] INFO  o.e.m.c.i.e.AbstractTransferListenerAdapter - Downloading https://repo.maven.apache.org/maven2/io/zipkin/brave/brave-instrumentation-httpasyncclient/6.0.3/brave-instrumentation-httpasyncclient-6.0.3.jar
2024-11-01 10:49:34,781 [BasicRepositoryConnector-repo.maven.apache.org-3-0] INFO  o.e.m.c.i.e.AbstractTransferListenerAdapter - Downloaded https://repo.maven.apache.org/maven2/io/zipkin/brave/brave-instrumentation-httpasyncclient/6.0.3/brave-instrumentation-httpasyncclient-6.0.3.jar
2024-11-01 10:49:34,783 [BasicRepositoryConnector-repo.maven.apache.org-3-4] INFO  o.e.m.c.i.e.AbstractTransferListenerAdapter - Downloading https://repo.maven.apache.org/maven2/io/zipkin/brave/brave-instrumentation-mongodb/6.0.3/brave-instrumentation-mongodb-6.0.3.jar
2024-11-01 10:49:34,783 [BasicRepositoryConnector-repo.maven.apache.org-3-4] INFO  o.e.m.c.i.e.AbstractTransferListenerAdapter - Downloaded https://repo.maven.apache.org/maven2/io/zipkin/brave/brave-instrumentation-mongodb/6.0.3/brave-instrumentation-mongodb-6.0.3.jar
2024-11-01 10:49:34,793 [BasicRepositoryConnector-repo.maven.apache.org-3-2] INFO  o.e.m.c.i.e.AbstractTransferListenerAdapter - Downloaded https://repo.maven.apache.org/maven2/io/zipkin/brave/brave-instrumentation-jms/6.0.3/brave-instrumentation-jms-6.0.3.jar
2024-11-01 10:49:34,811 [BasicRepositoryConnector-repo.maven.apache.org-3-1] INFO  o.e.m.c.i.e.AbstractTransferListenerAdapter - Downloading https://repo.maven.apache.org/maven2/io/zipkin/aws/brave-propagation-aws/0.21.3/brave-propagation-aws-0.21.3.jar
2024-11-01 10:49:34,811 [BasicRepositoryConnector-repo.maven.apache.org-3-3] INFO  o.e.m.c.i.e.AbstractTransferListenerAdapter - Downloading https://repo.maven.apache.org/maven2/io/zipkin/reporter2/zipkin-reporter-metrics-micrometer/3.4.2/zipkin-reporter-metrics-micrometer-3.4.2.jar
2024-11-01 10:49:34,812 [BasicRepositoryConnector-repo.maven.apache.org-3-1] INFO  o.e.m.c.i.e.AbstractTransferListenerAdapter - Downloaded https://repo.maven.apache.org/maven2/io/zipkin/aws/brave-propagation-aws/0.21.3/brave-propagation-aws-0.21.3.jar
2024-11-01 10:49:34,812 [BasicRepositoryConnector-repo.maven.apache.org-3-3] INFO  o.e.m.c.i.e.AbstractTransferListenerAdapter - Downloaded https://repo.maven.apache.org/maven2/io/zipkin/reporter2/zipkin-reporter-metrics-micrometer/3.4.2/zipkin-reporter-metrics-micrometer-3.4.2.jar
2024-11-01 10:49:34,831 [BasicRepositoryConnector-repo.maven.apache.org-3-0] INFO  o.e.m.c.i.e.AbstractTransferListenerAdapter - Downloading https://repo.maven.apache.org/maven2/io/zipkin/reporter2/zipkin-reporter/3.4.2/zipkin-reporter-3.4.2.jar
2024-11-01 10:49:34,832 [BasicRepositoryConnector-repo.maven.apache.org-3-0] INFO  o.e.m.c.i.e.AbstractTransferListenerAdapter - Downloaded https://repo.maven.apache.org/maven2/io/zipkin/reporter2/zipkin-reporter/3.4.2/zipkin-reporter-3.4.2.jar
2024-11-01 10:49:34,916 [Worker-225: Building] INFO  o.e.m.c.i.l.LifecycleMappingFactory - Using org.eclipse.m2e.jdt.JarLifecycleMapping lifecycle mapping for MavenProject: com.trello:trello-user-service:0.0.1-SNAPSHOT @ /Users/bubul/Documents/workspace-spring-tool-suite-4-4.25.0.RELEASE/trello/trello-user-service/pom.xml.
2024-11-01 10:49:35,227 [Worker-225: Building] INFO  o.a.m.s.f.DefaultMavenResourcesFiltering - Copying 0 resource from src/main/resources to target/classes
2024-11-01 10:49:35,227 [Worker-225: Building] INFO  o.a.m.s.f.DefaultMavenResourcesFiltering - Copying 0 resource from src/main/resources to target/classes
2024-11-01 10:49:35,229 [Worker-225: Building] INFO  o.a.m.s.f.DefaultMavenResourcesFiltering - skip non existing resourceDirectory /Users/bubul/Documents/workspace-spring-tool-suite-4-4.25.0.RELEASE/trello/trello-board-service/src/test/resources
2024-11-01 10:49:36,440 [Worker-226: Download sources and javadoc] INFO  o.e.m.c.i.e.AbstractTransferListenerAdapter - Downloaded https://repo.maven.apache.org/maven2/org/springframework/cloud/spring-cloud-starter-sleuth/3.1.3/spring-cloud-starter-sleuth-3.1.3-sources.jar
2024-11-01 10:49:36,442 [Worker-226: Download sources and javadoc] ERROR o.e.m.j.internal.DownloadSourcesJob - Could not download sources for org.springframework.cloud:spring-cloud-starter-sleuth:3.1.3
org.eclipse.core.runtime.CoreException: Could not resolve artifact org.springframework.cloud:spring-cloud-starter-sleuth:jar:sources:3.1.3
	at org.eclipse.m2e.core.internal.embedder.MavenImpl.lambda$7(MavenImpl.java:540)
	at org.eclipse.m2e.core.internal.embedder.MavenExecutionContext.executeBare(MavenExecutionContext.java:458)
	at org.eclipse.m2e.core.internal.embedder.MavenExecutionContext.execute(MavenExecutionContext.java:292)
	at org.eclipse.m2e.core.internal.embedder.MavenExecutionContext.execute(MavenExecutionContext.java:278)
	at org.eclipse.m2e.core.internal.embedder.MavenImpl.resolve(MavenImpl.java:509)
	at org.eclipse.m2e.core.internal.embedder.MavenImpl.resolve(MavenImpl.java:494)
	at org.eclipse.m2e.jdt.internal.DownloadSourcesJob.download(DownloadSourcesJob.java:308)
	at org.eclipse.m2e.jdt.internal.DownloadSourcesJob.downloadAttachments(DownloadSourcesJob.java:282)
	at org.eclipse.m2e.jdt.internal.DownloadSourcesJob.downloadMaven(DownloadSourcesJob.java:252)
	at org.eclipse.m2e.jdt.internal.DownloadSourcesJob.downloadFilesAndPopulateToUpdate(DownloadSourcesJob.java:220)
	at org.eclipse.m2e.jdt.internal.DownloadSourcesJob.lambda$0(DownloadSourcesJob.java:149)
	at org.eclipse.m2e.core.internal.embedder.MavenExecutionContext.executeBare(MavenExecutionContext.java:458)
	at org.eclipse.m2e.core.internal.embedder.MavenExecutionContext.execute(MavenExecutionContext.java:339)
	at org.eclipse.m2e.core.internal.embedder.MavenExecutionContext.execute(MavenExecutionContext.java:278)
	at org.eclipse.m2e.core.embedder.IMaven.execute(IMaven.java:300)
	at org.eclipse.m2e.jdt.internal.DownloadSourcesJob.run(DownloadSourcesJob.java:149)
	at org.eclipse.core.internal.jobs.Worker.run(Worker.java:63)
2024-11-01 10:49:36,777 [Worker-226: Download sources and javadoc] INFO  o.e.m.c.i.e.AbstractTransferListenerAdapter - Downloaded https://repo.maven.apache.org/maven2/org/springframework/cloud/spring-cloud-starter/3.1.3/spring-cloud-starter-3.1.3-sources.jar
2024-11-01 10:49:36,779 [Worker-226: Download sources and javadoc] ERROR o.e.m.j.internal.DownloadSourcesJob - Could not download sources for org.springframework.cloud:spring-cloud-starter:3.1.3
org.eclipse.core.runtime.CoreException: Could not resolve artifact org.springframework.cloud:spring-cloud-starter:jar:sources:3.1.3
	at org.eclipse.m2e.core.internal.embedder.MavenImpl.lambda$7(MavenImpl.java:540)
	at org.eclipse.m2e.core.internal.embedder.MavenExecutionContext.executeBare(MavenExecutionContext.java:458)
	at org.eclipse.m2e.core.internal.embedder.MavenExecutionContext.execute(MavenExecutionContext.java:292)
	at org.eclipse.m2e.core.internal.embedder.MavenExecutionContext.execute(MavenExecutionContext.java:278)
	at org.eclipse.m2e.core.internal.embedder.MavenImpl.resolve(MavenImpl.java:509)
	at org.eclipse.m2e.core.internal.embedder.MavenImpl.resolve(MavenImpl.java:494)
	at org.eclipse.m2e.jdt.internal.DownloadSourcesJob.download(DownloadSourcesJob.java:308)
	at org.eclipse.m2e.jdt.internal.DownloadSourcesJob.downloadAttachments(DownloadSourcesJob.java:282)
	at org.eclipse.m2e.jdt.internal.DownloadSourcesJob.downloadMaven(DownloadSourcesJob.java:252)
	at org.eclipse.m2e.jdt.internal.DownloadSourcesJob.downloadFilesAndPopulateToUpdate(DownloadSourcesJob.java:220)
	at org.eclipse.m2e.jdt.internal.DownloadSourcesJob.lambda$0(DownloadSourcesJob.java:149)
	at org.eclipse.m2e.core.internal.embedder.MavenExecutionContext.executeBare(MavenExecutionContext.java:458)
	at org.eclipse.m2e.core.internal.embedder.MavenExecutionContext.execute(MavenExecutionContext.java:339)
	at org.eclipse.m2e.core.internal.embedder.MavenExecutionContext.execute(MavenExecutionContext.java:278)
	at org.eclipse.m2e.core.embedder.IMaven.execute(IMaven.java:300)
	at org.eclipse.m2e.jdt.internal.DownloadSourcesJob.run(DownloadSourcesJob.java:149)
	at org.eclipse.core.internal.jobs.Worker.run(Worker.java:63)
2024-11-01 10:49:36,918 [Worker-226: Download sources and javadoc] INFO  o.e.m.c.i.e.AbstractTransferListenerAdapter - Downloading https://repo.maven.apache.org/maven2/org/springframework/cloud/spring-cloud-context/3.1.3/spring-cloud-context-3.1.3-sources.jar
2024-11-01 10:49:36,984 [Worker-226: Download sources and javadoc] INFO  o.e.m.c.i.e.AbstractTransferListenerAdapter - Downloaded https://repo.maven.apache.org/maven2/org/springframework/cloud/spring-cloud-context/3.1.3/spring-cloud-context-3.1.3-sources.jar
2024-11-01 10:49:36,985 [Worker-226: Download sources and javadoc] INFO  o.e.m.j.internal.DownloadSourcesJob - Downloaded sources for org.springframework.cloud:spring-cloud-context:3.1.3
2024-11-01 10:49:37,119 [Worker-226: Download sources and javadoc] INFO  o.e.m.c.i.e.AbstractTransferListenerAdapter - Downloading https://repo.maven.apache.org/maven2/org/springframework/cloud/spring-cloud-commons/3.1.3/spring-cloud-commons-3.1.3-sources.jar
2024-11-01 10:49:37,226 [Worker-226: Download sources and javadoc] INFO  o.e.m.c.i.e.AbstractTransferListenerAdapter - Downloaded https://repo.maven.apache.org/maven2/org/springframework/cloud/spring-cloud-commons/3.1.3/spring-cloud-commons-3.1.3-sources.jar
2024-11-01 10:49:37,228 [Worker-226: Download sources and javadoc] INFO  o.e.m.j.internal.DownloadSourcesJob - Downloaded sources for org.springframework.cloud:spring-cloud-commons:3.1.3
2024-11-01 10:49:37,364 [Worker-226: Download sources and javadoc] INFO  o.e.m.c.i.e.AbstractTransferListenerAdapter - Downloading https://repo.maven.apache.org/maven2/org/springframework/security/spring-security-rsa/1.0.10.RELEASE/spring-security-rsa-1.0.10.RELEASE-sources.jar
2024-11-01 10:49:37,368 [Worker-226: Download sources and javadoc] INFO  o.e.m.c.i.e.AbstractTransferListenerAdapter - Downloaded https://repo.maven.apache.org/maven2/org/springframework/security/spring-security-rsa/1.0.10.RELEASE/spring-security-rsa-1.0.10.RELEASE-sources.jar
2024-11-01 10:49:37,370 [Worker-226: Download sources and javadoc] INFO  o.e.m.j.internal.DownloadSourcesJob - Downloaded sources for org.springframework.security:spring-security-rsa:1.0.10.RELEASE
2024-11-01 10:49:37,511 [Worker-226: Download sources and javadoc] INFO  o.e.m.c.i.e.AbstractTransferListenerAdapter - Downloading https://repo.maven.apache.org/maven2/org/bouncycastle/bcpkix-jdk15on/1.68/bcpkix-jdk15on-1.68-sources.jar
2024-11-01 10:49:37,669 [Worker-227: Building] INFO  o.e.m.c.i.l.LifecycleMappingFactory - Using org.eclipse.m2e.jdt.JarLifecycleMapping lifecycle mapping for MavenProject: com.trello:trello-board-service:0.0.1-SNAPSHOT @ /Users/bubul/Documents/workspace-spring-tool-suite-4-4.25.0.RELEASE/trello/trello-board-service/pom.xml.
2024-11-01 10:49:37,754 [Worker-226: Download sources and javadoc] INFO  o.e.m.c.i.e.AbstractTransferListenerAdapter - Downloaded https://repo.maven.apache.org/maven2/org/bouncycastle/bcpkix-jdk15on/1.68/bcpkix-jdk15on-1.68-sources.jar
2024-11-01 10:49:37,755 [Worker-226: Download sources and javadoc] INFO  o.e.m.j.internal.DownloadSourcesJob - Downloaded sources for org.bouncycastle:bcpkix-jdk15on:1.68
2024-11-01 10:49:37,766 [Worker-227: Building] WARN  o.e.m.c.i.embedder.EclipseLogger - The POM for org.springframework.cloud:spring-cloud-starter-stream-rabbit:jar:2021.0.6 is missing, no dependency information available
2024-11-01 10:49:37,829 [Worker-227: Building] WARN  o.e.m.c.i.embedder.EclipseLogger - The artifact mysql:mysql-connector-java:jar:8.0.33 has been relocated to com.mysql:mysql-connector-j:jar:8.0.33: MySQL Connector/J artifacts moved to reverse-DNS compliant Maven 2+ coordinates.
2024-11-01 10:49:37,889 [Worker-226: Download sources and javadoc] INFO  o.e.m.c.i.e.AbstractTransferListenerAdapter - Downloading https://repo.maven.apache.org/maven2/org/bouncycastle/bcprov-jdk15on/1.68/bcprov-jdk15on-1.68-sources.jar
2024-11-01 10:49:37,915 [Worker-227: Building] INFO  o.a.m.s.f.DefaultMavenResourcesFiltering - Copying 0 resource from src/main/resources to target/classes
2024-11-01 10:49:37,916 [Worker-227: Building] INFO  o.a.m.s.f.DefaultMavenResourcesFiltering - Copying 0 resource from src/main/resources to target/classes
2024-11-01 10:49:37,917 [Worker-227: Building] INFO  o.a.m.s.f.DefaultMavenResourcesFiltering - skip non existing resourceDirectory /Users/bubul/Documents/workspace-spring-tool-suite-4-4.25.0.RELEASE/trello/trello-board-service/src/test/resources
2024-11-01 10:49:38,511 [Worker-226: Download sources and javadoc] INFO  o.e.m.c.i.e.AbstractTransferListenerAdapter - Downloaded https://repo.maven.apache.org/maven2/org/bouncycastle/bcprov-jdk15on/1.68/bcprov-jdk15on-1.68-sources.jar
2024-11-01 10:49:38,513 [Worker-226: Download sources and javadoc] INFO  o.e.m.j.internal.DownloadSourcesJob - Downloaded sources for org.bouncycastle:bcprov-jdk15on:1.68
2024-11-01 10:49:38,670 [Worker-226: Download sources and javadoc] INFO  o.e.m.c.i.e.AbstractTransferListenerAdapter - Downloading https://repo.maven.apache.org/maven2/org/springframework/cloud/spring-cloud-sleuth-autoconfigure/3.1.3/spring-cloud-sleuth-autoconfigure-3.1.3-sources.jar
2024-11-01 10:49:38,807 [Worker-226: Download sources and javadoc] INFO  o.e.m.c.i.e.AbstractTransferListenerAdapter - Downloaded https://repo.maven.apache.org/maven2/org/springframework/cloud/spring-cloud-sleuth-autoconfigure/3.1.3/spring-cloud-sleuth-autoconfigure-3.1.3-sources.jar
2024-11-01 10:49:38,808 [Worker-226: Download sources and javadoc] INFO  o.e.m.j.internal.DownloadSourcesJob - Downloaded sources for org.springframework.cloud:spring-cloud-sleuth-autoconfigure:3.1.3
2024-11-01 10:49:38,975 [Worker-226: Download sources and javadoc] INFO  o.e.m.c.i.e.AbstractTransferListenerAdapter - Downloading https://repo.maven.apache.org/maven2/org/springframework/cloud/spring-cloud-sleuth-instrumentation/3.1.3/spring-cloud-sleuth-instrumentation-3.1.3-sources.jar
2024-11-01 10:49:39,129 [Worker-226: Download sources and javadoc] INFO  o.e.m.c.i.e.AbstractTransferListenerAdapter - Downloaded https://repo.maven.apache.org/maven2/org/springframework/cloud/spring-cloud-sleuth-instrumentation/3.1.3/spring-cloud-sleuth-instrumentation-3.1.3-sources.jar
2024-11-01 10:49:39,130 [Worker-226: Download sources and javadoc] INFO  o.e.m.j.internal.DownloadSourcesJob - Downloaded sources for org.springframework.cloud:spring-cloud-sleuth-instrumentation:3.1.3
2024-11-01 10:49:39,263 [Worker-226: Download sources and javadoc] INFO  o.e.m.c.i.e.AbstractTransferListenerAdapter - Downloading https://repo.maven.apache.org/maven2/org/springframework/cloud/spring-cloud-sleuth-api/3.1.3/spring-cloud-sleuth-api-3.1.3-sources.jar
2024-11-01 10:49:39,312 [Worker-226: Download sources and javadoc] INFO  o.e.m.c.i.e.AbstractTransferListenerAdapter - Downloaded https://repo.maven.apache.org/maven2/org/springframework/cloud/spring-cloud-sleuth-api/3.1.3/spring-cloud-sleuth-api-3.1.3-sources.jar
2024-11-01 10:49:39,313 [Worker-226: Download sources and javadoc] INFO  o.e.m.j.internal.DownloadSourcesJob - Downloaded sources for org.springframework.cloud:spring-cloud-sleuth-api:3.1.3
2024-11-01 10:49:39,451 [Worker-226: Download sources and javadoc] INFO  o.e.m.c.i.e.AbstractTransferListenerAdapter - Downloading https://repo.maven.apache.org/maven2/org/aspectj/aspectjrt/1.9.22.1/aspectjrt-1.9.22.1-sources.jar
2024-11-01 10:49:39,517 [Worker-226: Download sources and javadoc] INFO  o.e.m.c.i.e.AbstractTransferListenerAdapter - Downloaded https://repo.maven.apache.org/maven2/org/aspectj/aspectjrt/1.9.22.1/aspectjrt-1.9.22.1-sources.jar
2024-11-01 10:49:39,518 [Worker-226: Download sources and javadoc] INFO  o.e.m.j.internal.DownloadSourcesJob - Downloaded sources for org.aspectj:aspectjrt:1.9.22.1
2024-11-01 10:49:39,657 [Worker-226: Download sources and javadoc] INFO  o.e.m.c.i.e.AbstractTransferListenerAdapter - Downloading https://repo.maven.apache.org/maven2/org/springframework/cloud/spring-cloud-sleuth-brave/3.1.3/spring-cloud-sleuth-brave-3.1.3-sources.jar
2024-11-01 10:49:39,712 [Worker-226: Download sources and javadoc] INFO  o.e.m.c.i.e.AbstractTransferListenerAdapter - Downloaded https://repo.maven.apache.org/maven2/org/springframework/cloud/spring-cloud-sleuth-brave/3.1.3/spring-cloud-sleuth-brave-3.1.3-sources.jar
2024-11-01 10:49:39,715 [Worker-226: Download sources and javadoc] INFO  o.e.m.j.internal.DownloadSourcesJob - Downloaded sources for org.springframework.cloud:spring-cloud-sleuth-brave:3.1.3
2024-11-01 10:49:39,851 [Worker-226: Download sources and javadoc] INFO  o.e.m.c.i.e.AbstractTransferListenerAdapter - Downloading https://repo.maven.apache.org/maven2/io/zipkin/brave/brave/6.0.3/brave-6.0.3-sources.jar
2024-11-01 10:49:39,953 [Worker-226: Download sources and javadoc] INFO  o.e.m.c.i.e.AbstractTransferListenerAdapter - Downloaded https://repo.maven.apache.org/maven2/io/zipkin/brave/brave/6.0.3/brave-6.0.3-sources.jar
2024-11-01 10:49:39,955 [Worker-226: Download sources and javadoc] INFO  o.e.m.j.internal.DownloadSourcesJob - Downloaded sources for io.zipkin.brave:brave:6.0.3
2024-11-01 10:49:40,116 [Worker-226: Download sources and javadoc] INFO  o.e.m.c.i.e.AbstractTransferListenerAdapter - Downloading https://repo.maven.apache.org/maven2/io/zipkin/brave/brave-context-slf4j/6.0.3/brave-context-slf4j-6.0.3-sources.jar
2024-11-01 10:49:40,119 [Worker-226: Download sources and javadoc] INFO  o.e.m.c.i.e.AbstractTransferListenerAdapter - Downloaded https://repo.maven.apache.org/maven2/io/zipkin/brave/brave-context-slf4j/6.0.3/brave-context-slf4j-6.0.3-sources.jar
2024-11-01 10:49:40,121 [Worker-226: Download sources and javadoc] INFO  o.e.m.j.internal.DownloadSourcesJob - Downloaded sources for io.zipkin.brave:brave-context-slf4j:6.0.3
2024-11-01 10:49:40,268 [Worker-226: Download sources and javadoc] INFO  o.e.m.c.i.e.AbstractTransferListenerAdapter - Downloading https://repo.maven.apache.org/maven2/io/zipkin/brave/brave-instrumentation-messaging/6.0.3/brave-instrumentation-messaging-6.0.3-sources.jar
2024-11-01 10:49:40,269 [Worker-226: Download sources and javadoc] INFO  o.e.m.c.i.e.AbstractTransferListenerAdapter - Downloaded https://repo.maven.apache.org/maven2/io/zipkin/brave/brave-instrumentation-messaging/6.0.3/brave-instrumentation-messaging-6.0.3-sources.jar
2024-11-01 10:49:40,270 [Worker-226: Download sources and javadoc] INFO  o.e.m.j.internal.DownloadSourcesJob - Downloaded sources for io.zipkin.brave:brave-instrumentation-messaging:6.0.3
2024-11-01 10:49:40,403 [Worker-226: Download sources and javadoc] INFO  o.e.m.c.i.e.AbstractTransferListenerAdapter - Downloading https://repo.maven.apache.org/maven2/io/zipkin/brave/brave-instrumentation-rpc/6.0.3/brave-instrumentation-rpc-6.0.3-sources.jar
2024-11-01 10:49:40,410 [Worker-226: Download sources and javadoc] INFO  o.e.m.c.i.e.AbstractTransferListenerAdapter - Downloaded https://repo.maven.apache.org/maven2/io/zipkin/brave/brave-instrumentation-rpc/6.0.3/brave-instrumentation-rpc-6.0.3-sources.jar
2024-11-01 10:49:40,411 [Worker-226: Download sources and javadoc] INFO  o.e.m.j.internal.DownloadSourcesJob - Downloaded sources for io.zipkin.brave:brave-instrumentation-rpc:6.0.3
2024-11-01 10:49:40,545 [Worker-226: Download sources and javadoc] INFO  o.e.m.c.i.e.AbstractTransferListenerAdapter - Downloading https://repo.maven.apache.org/maven2/io/zipkin/brave/brave-instrumentation-spring-rabbit/6.0.3/brave-instrumentation-spring-rabbit-6.0.3-sources.jar
2024-11-01 10:49:40,547 [Worker-226: Download sources and javadoc] INFO  o.e.m.c.i.e.AbstractTransferListenerAdapter - Downloaded https://repo.maven.apache.org/maven2/io/zipkin/brave/brave-instrumentation-spring-rabbit/6.0.3/brave-instrumentation-spring-rabbit-6.0.3-sources.jar
2024-11-01 10:49:40,548 [Worker-226: Download sources and javadoc] INFO  o.e.m.j.internal.DownloadSourcesJob - Downloaded sources for io.zipkin.brave:brave-instrumentation-spring-rabbit:6.0.3
2024-11-01 10:49:40,690 [Worker-226: Download sources and javadoc] INFO  o.e.m.c.i.e.AbstractTransferListenerAdapter - Downloading https://repo.maven.apache.org/maven2/io/zipkin/brave/brave-instrumentation-kafka-clients/6.0.3/brave-instrumentation-kafka-clients-6.0.3-sources.jar
2024-11-01 10:49:40,693 [Worker-226: Download sources and javadoc] INFO  o.e.m.c.i.e.AbstractTransferListenerAdapter - Downloaded https://repo.maven.apache.org/maven2/io/zipkin/brave/brave-instrumentation-kafka-clients/6.0.3/brave-instrumentation-kafka-clients-6.0.3-sources.jar
2024-11-01 10:49:40,694 [Worker-226: Download sources and javadoc] INFO  o.e.m.j.internal.DownloadSourcesJob - Downloaded sources for io.zipkin.brave:brave-instrumentation-kafka-clients:6.0.3
2024-11-01 10:49:40,829 [Worker-226: Download sources and javadoc] INFO  o.e.m.c.i.e.AbstractTransferListenerAdapter - Downloading https://repo.maven.apache.org/maven2/io/zipkin/brave/brave-instrumentation-kafka-streams/6.0.3/brave-instrumentation-kafka-streams-6.0.3-sources.jar
2024-11-01 10:49:40,831 [Worker-226: Download sources and javadoc] INFO  o.e.m.c.i.e.AbstractTransferListenerAdapter - Downloaded https://repo.maven.apache.org/maven2/io/zipkin/brave/brave-instrumentation-kafka-streams/6.0.3/brave-instrumentation-kafka-streams-6.0.3-sources.jar
2024-11-01 10:49:40,832 [Worker-226: Download sources and javadoc] INFO  o.e.m.j.internal.DownloadSourcesJob - Downloaded sources for io.zipkin.brave:brave-instrumentation-kafka-streams:6.0.3
2024-11-01 10:49:40,969 [Worker-226: Download sources and javadoc] INFO  o.e.m.c.i.e.AbstractTransferListenerAdapter - Downloading https://repo.maven.apache.org/maven2/io/zipkin/brave/brave-instrumentation-httpclient/6.0.3/brave-instrumentation-httpclient-6.0.3-sources.jar
2024-11-01 10:49:40,970 [Worker-226: Download sources and javadoc] INFO  o.e.m.c.i.e.AbstractTransferListenerAdapter - Downloaded https://repo.maven.apache.org/maven2/io/zipkin/brave/brave-instrumentation-httpclient/6.0.3/brave-instrumentation-httpclient-6.0.3-sources.jar
2024-11-01 10:49:40,971 [Worker-226: Download sources and javadoc] INFO  o.e.m.j.internal.DownloadSourcesJob - Downloaded sources for io.zipkin.brave:brave-instrumentation-httpclient:6.0.3
2024-11-01 10:49:41,103 [Worker-226: Download sources and javadoc] INFO  o.e.m.c.i.e.AbstractTransferListenerAdapter - Downloading https://repo.maven.apache.org/maven2/io/zipkin/brave/brave-instrumentation-http/6.0.3/brave-instrumentation-http-6.0.3-sources.jar
2024-11-01 10:49:41,111 [Worker-226: Download sources and javadoc] INFO  o.e.m.c.i.e.AbstractTransferListenerAdapter - Downloaded https://repo.maven.apache.org/maven2/io/zipkin/brave/brave-instrumentation-http/6.0.3/brave-instrumentation-http-6.0.3-sources.jar
2024-11-01 10:49:41,112 [Worker-226: Download sources and javadoc] INFO  o.e.m.j.internal.DownloadSourcesJob - Downloaded sources for io.zipkin.brave:brave-instrumentation-http:6.0.3
2024-11-01 10:49:41,244 [Worker-226: Download sources and javadoc] INFO  o.e.m.c.i.e.AbstractTransferListenerAdapter - Downloading https://repo.maven.apache.org/maven2/io/zipkin/brave/brave-instrumentation-httpasyncclient/6.0.3/brave-instrumentation-httpasyncclient-6.0.3-sources.jar
2024-11-01 10:49:41,247 [Worker-226: Download sources and javadoc] INFO  o.e.m.c.i.e.AbstractTransferListenerAdapter - Downloaded https://repo.maven.apache.org/maven2/io/zipkin/brave/brave-instrumentation-httpasyncclient/6.0.3/brave-instrumentation-httpasyncclient-6.0.3-sources.jar
2024-11-01 10:49:41,248 [Worker-226: Download sources and javadoc] INFO  o.e.m.j.internal.DownloadSourcesJob - Downloaded sources for io.zipkin.brave:brave-instrumentation-httpasyncclient:6.0.3
2024-11-01 10:49:41,380 [Worker-226: Download sources and javadoc] INFO  o.e.m.c.i.e.AbstractTransferListenerAdapter - Downloading https://repo.maven.apache.org/maven2/io/zipkin/brave/brave-instrumentation-jms/6.0.3/brave-instrumentation-jms-6.0.3-sources.jar
2024-11-01 10:49:41,397 [Worker-226: Download sources and javadoc] INFO  o.e.m.c.i.e.AbstractTransferListenerAdapter - Downloaded https://repo.maven.apache.org/maven2/io/zipkin/brave/brave-instrumentation-jms/6.0.3/brave-instrumentation-jms-6.0.3-sources.jar
2024-11-01 10:49:41,398 [Worker-226: Download sources and javadoc] INFO  o.e.m.j.internal.DownloadSourcesJob - Downloaded sources for io.zipkin.brave:brave-instrumentation-jms:6.0.3
2024-11-01 10:49:41,526 [Worker-226: Download sources and javadoc] WARN  o.e.m.c.i.embedder.EclipseLogger - The POM for org.springframework.cloud:spring-cloud-starter-stream-rabbit:jar:2021.0.6 is missing, no dependency information available
2024-11-01 10:49:41,581 [Worker-226: Download sources and javadoc] WARN  o.e.m.c.i.embedder.EclipseLogger - The artifact mysql:mysql-connector-java:jar:8.0.33 has been relocated to com.mysql:mysql-connector-j:jar:8.0.33: MySQL Connector/J artifacts moved to reverse-DNS compliant Maven 2+ coordinates.
2024-11-01 10:49:41,606 [Worker-222: Building] INFO  o.e.m.c.i.l.LifecycleMappingFactory - Using org.eclipse.m2e.jdt.JarLifecycleMapping lifecycle mapping for MavenProject: com.trello:trello-board-service:0.0.1-SNAPSHOT @ /Users/bubul/Documents/workspace-spring-tool-suite-4-4.25.0.RELEASE/trello/trello-board-service/pom.xml.
2024-11-01 10:49:41,645 [Worker-222: Building] WARN  o.e.m.c.i.embedder.EclipseLogger - The POM for org.springframework.cloud:spring-cloud-starter-stream-rabbit:jar:2021.0.6 is missing, no dependency information available
2024-11-01 10:49:41,733 [Worker-226: Download sources and javadoc] INFO  o.e.m.c.i.e.AbstractTransferListenerAdapter - Downloading https://repo.maven.apache.org/maven2/io/zipkin/brave/brave-instrumentation-mongodb/6.0.3/brave-instrumentation-mongodb-6.0.3-sources.jar
2024-11-01 10:49:41,735 [Worker-226: Download sources and javadoc] INFO  o.e.m.c.i.e.AbstractTransferListenerAdapter - Downloaded https://repo.maven.apache.org/maven2/io/zipkin/brave/brave-instrumentation-mongodb/6.0.3/brave-instrumentation-mongodb-6.0.3-sources.jar
2024-11-01 10:49:41,735 [Worker-226: Download sources and javadoc] INFO  o.e.m.j.internal.DownloadSourcesJob - Downloaded sources for io.zipkin.brave:brave-instrumentation-mongodb:6.0.3
2024-11-01 10:49:41,746 [Worker-222: Building] WARN  o.e.m.c.i.embedder.EclipseLogger - The artifact mysql:mysql-connector-java:jar:8.0.33 has been relocated to com.mysql:mysql-connector-j:jar:8.0.33: MySQL Connector/J artifacts moved to reverse-DNS compliant Maven 2+ coordinates.
2024-11-01 10:49:41,869 [Worker-222: Building] INFO  o.a.m.s.f.DefaultMavenResourcesFiltering - Copying 0 resource from src/main/resources to target/classes
2024-11-01 10:49:41,869 [Worker-222: Building] INFO  o.a.m.s.f.DefaultMavenResourcesFiltering - Copying 0 resource from src/main/resources to target/classes
2024-11-01 10:49:41,871 [Worker-222: Building] INFO  o.a.m.s.f.DefaultMavenResourcesFiltering - skip non existing resourceDirectory /Users/bubul/Documents/workspace-spring-tool-suite-4-4.25.0.RELEASE/trello/trello-board-service/src/test/resources
2024-11-01 10:49:41,880 [Worker-226: Download sources and javadoc] INFO  o.e.m.c.i.e.AbstractTransferListenerAdapter - Downloading https://repo.maven.apache.org/maven2/io/zipkin/aws/brave-propagation-aws/0.21.3/brave-propagation-aws-0.21.3-sources.jar
2024-11-01 10:49:41,883 [Worker-226: Download sources and javadoc] INFO  o.e.m.c.i.e.AbstractTransferListenerAdapter - Downloaded https://repo.maven.apache.org/maven2/io/zipkin/aws/brave-propagation-aws/0.21.3/brave-propagation-aws-0.21.3-sources.jar
2024-11-01 10:49:41,884 [Worker-226: Download sources and javadoc] INFO  o.e.m.j.internal.DownloadSourcesJob - Downloaded sources for io.zipkin.aws:brave-propagation-aws:0.21.3
2024-11-01 10:49:42,021 [Worker-226: Download sources and javadoc] INFO  o.e.m.c.i.e.AbstractTransferListenerAdapter - Downloading https://repo.maven.apache.org/maven2/io/zipkin/reporter2/zipkin-reporter-metrics-micrometer/3.4.2/zipkin-reporter-metrics-micrometer-3.4.2-sources.jar
2024-11-01 10:49:42,022 [Worker-226: Download sources and javadoc] INFO  o.e.m.c.i.e.AbstractTransferListenerAdapter - Downloaded https://repo.maven.apache.org/maven2/io/zipkin/reporter2/zipkin-reporter-metrics-micrometer/3.4.2/zipkin-reporter-metrics-micrometer-3.4.2-sources.jar
2024-11-01 10:49:42,023 [Worker-226: Download sources and javadoc] INFO  o.e.m.j.internal.DownloadSourcesJob - Downloaded sources for io.zipkin.reporter2:zipkin-reporter-metrics-micrometer:3.4.2
2024-11-01 10:49:42,155 [Worker-226: Download sources and javadoc] INFO  o.e.m.c.i.e.AbstractTransferListenerAdapter - Downloading https://repo.maven.apache.org/maven2/io/zipkin/reporter2/zipkin-reporter/3.4.2/zipkin-reporter-3.4.2-sources.jar
2024-11-01 10:49:42,198 [Worker-226: Download sources and javadoc] INFO  o.e.m.c.i.e.AbstractTransferListenerAdapter - Downloaded https://repo.maven.apache.org/maven2/io/zipkin/reporter2/zipkin-reporter/3.4.2/zipkin-reporter-3.4.2-sources.jar
2024-11-01 10:49:42,199 [Worker-226: Download sources and javadoc] INFO  o.e.m.j.internal.DownloadSourcesJob - Downloaded sources for io.zipkin.reporter2:zipkin-reporter:3.4.2
2024-11-01 10:50:27,110 [Worker-222: Building] INFO  o.e.m.c.i.l.LifecycleMappingFactory - Using org.eclipse.m2e.jdt.JarLifecycleMapping lifecycle mapping for MavenProject: com.trello:trello-board-service:0.0.1-SNAPSHOT @ /Users/bubul/Documents/workspace-spring-tool-suite-4-4.25.0.RELEASE/trello/trello-board-service/pom.xml.
2024-11-01 10:50:27,405 [Worker-222: Building] INFO  o.e.m.c.i.e.AbstractTransferListenerAdapter - Downloading https://repo.maven.apache.org/maven2/org/springframework/cloud/spring-cloud-dependencies/2022.0.3/spring-cloud-dependencies-2022.0.3.pom
2024-11-01 10:50:27,411 [Worker-222: Building] INFO  o.e.m.c.i.e.AbstractTransferListenerAdapter - Downloaded https://repo.maven.apache.org/maven2/org/springframework/cloud/spring-cloud-dependencies/2022.0.3/spring-cloud-dependencies-2022.0.3.pom
2024-11-01 10:50:27,506 [Worker-222: Building] INFO  o.e.m.c.i.e.AbstractTransferListenerAdapter - Downloading https://repo.maven.apache.org/maven2/org/springframework/cloud/spring-cloud-dependencies-parent/4.0.3/spring-cloud-dependencies-parent-4.0.3.pom
2024-11-01 10:50:27,712 [Worker-222: Building] INFO  o.e.m.c.i.e.AbstractTransferListenerAdapter - Downloaded https://repo.maven.apache.org/maven2/org/springframework/cloud/spring-cloud-dependencies-parent/4.0.3/spring-cloud-dependencies-parent-4.0.3.pom
2024-11-01 10:50:27,887 [Worker-222: Building] INFO  o.e.m.c.i.e.AbstractTransferListenerAdapter - Downloading https://repo.maven.apache.org/maven2/org/springframework/cloud/spring-cloud-commons-dependencies/4.0.3/spring-cloud-commons-dependencies-4.0.3.pom
2024-11-01 10:50:27,889 [Worker-222: Building] INFO  o.e.m.c.i.e.AbstractTransferListenerAdapter - Downloaded https://repo.maven.apache.org/maven2/org/springframework/cloud/spring-cloud-commons-dependencies/4.0.3/spring-cloud-commons-dependencies-4.0.3.pom
2024-11-01 10:50:27,940 [Worker-222: Building] INFO  o.e.m.c.i.e.AbstractTransferListenerAdapter - Downloading https://repo.maven.apache.org/maven2/org/springframework/cloud/spring-cloud-netflix-dependencies/4.0.2/spring-cloud-netflix-dependencies-4.0.2.pom
2024-11-01 10:50:27,943 [Worker-222: Building] INFO  o.e.m.c.i.e.AbstractTransferListenerAdapter - Downloaded https://repo.maven.apache.org/maven2/org/springframework/cloud/spring-cloud-netflix-dependencies/4.0.2/spring-cloud-netflix-dependencies-4.0.2.pom
2024-11-01 10:50:27,996 [Worker-222: Building] INFO  o.e.m.c.i.e.AbstractTransferListenerAdapter - Downloading https://repo.maven.apache.org/maven2/org/springframework/cloud/spring-cloud-stream-dependencies/4.0.3/spring-cloud-stream-dependencies-4.0.3.pom
2024-11-01 10:50:27,999 [Worker-222: Building] INFO  o.e.m.c.i.e.AbstractTransferListenerAdapter - Downloaded https://repo.maven.apache.org/maven2/org/springframework/cloud/spring-cloud-stream-dependencies/4.0.3/spring-cloud-stream-dependencies-4.0.3.pom
2024-11-01 10:50:28,048 [Worker-222: Building] INFO  o.e.m.c.i.e.AbstractTransferListenerAdapter - Downloading https://repo.maven.apache.org/maven2/org/springframework/cloud/spring-cloud-task-dependencies/3.0.3/spring-cloud-task-dependencies-3.0.3.pom
2024-11-01 10:50:28,050 [Worker-222: Building] INFO  o.e.m.c.i.e.AbstractTransferListenerAdapter - Downloaded https://repo.maven.apache.org/maven2/org/springframework/cloud/spring-cloud-task-dependencies/3.0.3/spring-cloud-task-dependencies-3.0.3.pom
2024-11-01 10:50:28,096 [Worker-222: Building] INFO  o.e.m.c.i.e.AbstractTransferListenerAdapter - Downloading https://repo.maven.apache.org/maven2/org/springframework/cloud/spring-cloud-circuitbreaker-dependencies/3.0.2/spring-cloud-circuitbreaker-dependencies-3.0.2.pom
2024-11-01 10:50:28,098 [Worker-222: Building] INFO  o.e.m.c.i.e.AbstractTransferListenerAdapter - Downloaded https://repo.maven.apache.org/maven2/org/springframework/cloud/spring-cloud-circuitbreaker-dependencies/3.0.2/spring-cloud-circuitbreaker-dependencies-3.0.2.pom
2024-11-01 10:50:28,146 [Worker-222: Building] INFO  o.e.m.c.i.e.AbstractTransferListenerAdapter - Downloading https://repo.maven.apache.org/maven2/io/github/resilience4j/resilience4j-bom/2.0.2/resilience4j-bom-2.0.2.pom
2024-11-01 10:50:28,147 [Worker-222: Building] INFO  o.e.m.c.i.e.AbstractTransferListenerAdapter - Downloaded https://repo.maven.apache.org/maven2/io/github/resilience4j/resilience4j-bom/2.0.2/resilience4j-bom-2.0.2.pom
2024-11-01 10:50:28,198 [Worker-222: Building] INFO  o.e.m.c.i.e.AbstractTransferListenerAdapter - Downloading https://repo.maven.apache.org/maven2/org/springframework/cloud/spring-cloud-config-dependencies/4.0.3/spring-cloud-config-dependencies-4.0.3.pom
2024-11-01 10:50:28,200 [Worker-222: Building] INFO  o.e.m.c.i.e.AbstractTransferListenerAdapter - Downloaded https://repo.maven.apache.org/maven2/org/springframework/cloud/spring-cloud-config-dependencies/4.0.3/spring-cloud-config-dependencies-4.0.3.pom
2024-11-01 10:50:28,248 [Worker-222: Building] INFO  o.e.m.c.i.e.AbstractTransferListenerAdapter - Downloading https://repo.maven.apache.org/maven2/org/springframework/cloud/spring-cloud-function-dependencies/4.0.3/spring-cloud-function-dependencies-4.0.3.pom
2024-11-01 10:50:28,251 [Worker-222: Building] INFO  o.e.m.c.i.e.AbstractTransferListenerAdapter - Downloaded https://repo.maven.apache.org/maven2/org/springframework/cloud/spring-cloud-function-dependencies/4.0.3/spring-cloud-function-dependencies-4.0.3.pom
2024-11-01 10:50:28,299 [Worker-222: Building] INFO  o.e.m.c.i.e.AbstractTransferListenerAdapter - Downloading https://repo.maven.apache.org/maven2/org/springframework/cloud/spring-cloud-gateway-dependencies/4.0.6/spring-cloud-gateway-dependencies-4.0.6.pom
2024-11-01 10:50:28,302 [Worker-222: Building] INFO  o.e.m.c.i.e.AbstractTransferListenerAdapter - Downloaded https://repo.maven.apache.org/maven2/org/springframework/cloud/spring-cloud-gateway-dependencies/4.0.6/spring-cloud-gateway-dependencies-4.0.6.pom
2024-11-01 10:50:28,353 [Worker-222: Building] INFO  o.e.m.c.i.e.AbstractTransferListenerAdapter - Downloading https://repo.maven.apache.org/maven2/org/springframework/cloud/spring-cloud-consul-dependencies/4.0.2/spring-cloud-consul-dependencies-4.0.2.pom
2024-11-01 10:50:28,357 [Worker-222: Building] INFO  o.e.m.c.i.e.AbstractTransferListenerAdapter - Downloaded https://repo.maven.apache.org/maven2/org/springframework/cloud/spring-cloud-consul-dependencies/4.0.2/spring-cloud-consul-dependencies-4.0.2.pom
2024-11-01 10:50:28,405 [Worker-222: Building] INFO  o.e.m.c.i.e.AbstractTransferListenerAdapter - Downloading https://repo.maven.apache.org/maven2/org/springframework/cloud/spring-cloud-dependencies-parent/4.0.2/spring-cloud-dependencies-parent-4.0.2.pom
2024-11-01 10:50:28,409 [Worker-222: Building] INFO  o.e.m.c.i.e.AbstractTransferListenerAdapter - Downloaded https://repo.maven.apache.org/maven2/org/springframework/cloud/spring-cloud-dependencies-parent/4.0.2/spring-cloud-dependencies-parent-4.0.2.pom
2024-11-01 10:50:28,462 [Worker-222: Building] INFO  o.e.m.c.i.e.AbstractTransferListenerAdapter - Downloading https://repo.maven.apache.org/maven2/org/springframework/cloud/spring-cloud-vault-dependencies/4.0.1/spring-cloud-vault-dependencies-4.0.1.pom
2024-11-01 10:50:28,464 [Worker-222: Building] INFO  o.e.m.c.i.e.AbstractTransferListenerAdapter - Downloaded https://repo.maven.apache.org/maven2/org/springframework/cloud/spring-cloud-vault-dependencies/4.0.1/spring-cloud-vault-dependencies-4.0.1.pom
2024-11-01 10:50:28,522 [Worker-222: Building] INFO  o.e.m.c.i.e.AbstractTransferListenerAdapter - Downloading https://repo.maven.apache.org/maven2/org/springframework/cloud/spring-cloud-zookeeper-dependencies/4.0.0/spring-cloud-zookeeper-dependencies-4.0.0.pom
2024-11-01 10:50:28,527 [Worker-222: Building] INFO  o.e.m.c.i.e.AbstractTransferListenerAdapter - Downloaded https://repo.maven.apache.org/maven2/org/springframework/cloud/spring-cloud-zookeeper-dependencies/4.0.0/spring-cloud-zookeeper-dependencies-4.0.0.pom
2024-11-01 10:50:28,580 [Worker-222: Building] INFO  o.e.m.c.i.e.AbstractTransferListenerAdapter - Downloading https://repo.maven.apache.org/maven2/org/springframework/cloud/spring-cloud-dependencies-parent/4.0.0/spring-cloud-dependencies-parent-4.0.0.pom
2024-11-01 10:50:28,581 [Worker-222: Building] INFO  o.e.m.c.i.e.AbstractTransferListenerAdapter - Downloaded https://repo.maven.apache.org/maven2/org/springframework/cloud/spring-cloud-dependencies-parent/4.0.0/spring-cloud-dependencies-parent-4.0.0.pom
2024-11-01 10:50:28,628 [Worker-222: Building] INFO  o.e.m.c.i.e.AbstractTransferListenerAdapter - Downloading https://repo.maven.apache.org/maven2/org/springframework/cloud/spring-cloud-bus-dependencies/4.0.1/spring-cloud-bus-dependencies-4.0.1.pom
2024-11-01 10:50:28,630 [Worker-222: Building] INFO  o.e.m.c.i.e.AbstractTransferListenerAdapter - Downloaded https://repo.maven.apache.org/maven2/org/springframework/cloud/spring-cloud-bus-dependencies/4.0.1/spring-cloud-bus-dependencies-4.0.1.pom
2024-11-01 10:50:28,677 [Worker-222: Building] INFO  o.e.m.c.i.e.AbstractTransferListenerAdapter - Downloading https://repo.maven.apache.org/maven2/org/springframework/cloud/spring-cloud-dependencies-parent/4.0.1/spring-cloud-dependencies-parent-4.0.1.pom
2024-11-01 10:50:28,678 [Worker-222: Building] INFO  o.e.m.c.i.e.AbstractTransferListenerAdapter - Downloaded https://repo.maven.apache.org/maven2/org/springframework/cloud/spring-cloud-dependencies-parent/4.0.1/spring-cloud-dependencies-parent-4.0.1.pom
2024-11-01 10:50:28,723 [Worker-222: Building] INFO  o.e.m.c.i.e.AbstractTransferListenerAdapter - Downloading https://repo.maven.apache.org/maven2/org/springframework/cloud/spring-cloud-contract-dependencies/4.0.3/spring-cloud-contract-dependencies-4.0.3.pom
2024-11-01 10:50:28,726 [Worker-222: Building] INFO  o.e.m.c.i.e.AbstractTransferListenerAdapter - Downloaded https://repo.maven.apache.org/maven2/org/springframework/cloud/spring-cloud-contract-dependencies/4.0.3/spring-cloud-contract-dependencies-4.0.3.pom
2024-11-01 10:50:28,777 [Worker-222: Building] INFO  o.e.m.c.i.e.AbstractTransferListenerAdapter - Downloading https://repo.maven.apache.org/maven2/org/springframework/cloud/spring-cloud-openfeign-dependencies/4.0.3/spring-cloud-openfeign-dependencies-4.0.3.pom
2024-11-01 10:50:28,777 [Worker-222: Building] INFO  o.e.m.c.i.e.AbstractTransferListenerAdapter - Downloaded https://repo.maven.apache.org/maven2/org/springframework/cloud/spring-cloud-openfeign-dependencies/4.0.3/spring-cloud-openfeign-dependencies-4.0.3.pom
2024-11-01 10:50:28,824 [Worker-222: Building] INFO  o.e.m.c.i.e.AbstractTransferListenerAdapter - Downloading https://repo.maven.apache.org/maven2/io/github/openfeign/feign-bom/12.3/feign-bom-12.3.pom
2024-11-01 10:50:28,826 [Worker-222: Building] INFO  o.e.m.c.i.e.AbstractTransferListenerAdapter - Downloaded https://repo.maven.apache.org/maven2/io/github/openfeign/feign-bom/12.3/feign-bom-12.3.pom
2024-11-01 10:50:28,874 [Worker-222: Building] INFO  o.e.m.c.i.e.AbstractTransferListenerAdapter - Downloading https://repo.maven.apache.org/maven2/org/springframework/cloud/spring-cloud-kubernetes-dependencies/3.0.3/spring-cloud-kubernetes-dependencies-3.0.3.pom
2024-11-01 10:50:28,877 [Worker-222: Building] INFO  o.e.m.c.i.e.AbstractTransferListenerAdapter - Downloaded https://repo.maven.apache.org/maven2/org/springframework/cloud/spring-cloud-kubernetes-dependencies/3.0.3/spring-cloud-kubernetes-dependencies-3.0.3.pom
2024-11-01 10:50:28,925 [Worker-222: Building] INFO  o.e.m.c.i.e.AbstractTransferListenerAdapter - Downloading https://repo.maven.apache.org/maven2/io/fabric8/kubernetes-client-bom/6.2.0/kubernetes-client-bom-6.2.0.pom
2024-11-01 10:50:28,937 [Worker-222: Building] INFO  o.e.m.c.i.e.AbstractTransferListenerAdapter - Downloaded https://repo.maven.apache.org/maven2/io/fabric8/kubernetes-client-bom/6.2.0/kubernetes-client-bom-6.2.0.pom
2024-11-01 10:50:29,053 [Worker-222: Building] WARN  o.e.m.c.i.embedder.EclipseLogger - The artifact mysql:mysql-connector-java:jar:8.0.33 has been relocated to com.mysql:mysql-connector-j:jar:8.0.33: MySQL Connector/J artifacts moved to reverse-DNS compliant Maven 2+ coordinates.
2024-11-01 10:50:29,303 [Worker-222: Building] INFO  o.a.m.s.f.DefaultMavenResourcesFiltering - Copying 0 resource from src/main/resources to target/classes
2024-11-01 10:50:29,303 [Worker-222: Building] INFO  o.a.m.s.f.DefaultMavenResourcesFiltering - Copying 0 resource from src/main/resources to target/classes
2024-11-01 10:50:29,305 [Worker-222: Building] INFO  o.a.m.s.f.DefaultMavenResourcesFiltering - skip non existing resourceDirectory /Users/bubul/Documents/workspace-spring-tool-suite-4-4.25.0.RELEASE/trello/trello-board-service/src/test/resources
2024-11-01 10:50:30,422 [Worker-223: Download sources and javadoc] INFO  o.e.m.c.i.e.AbstractTransferListenerAdapter - Downloading https://repo.maven.apache.org/maven2/org/springframework/cloud/spring-cloud-starter-sleuth/3.1.3/spring-cloud-starter-sleuth-3.1.3-javadoc.jar
2024-11-01 10:50:30,424 [Worker-223: Download sources and javadoc] INFO  o.e.m.c.i.e.AbstractTransferListenerAdapter - Downloaded https://repo.maven.apache.org/maven2/org/springframework/cloud/spring-cloud-starter-sleuth/3.1.3/spring-cloud-starter-sleuth-3.1.3-javadoc.jar
2024-11-01 10:50:30,425 [Worker-223: Download sources and javadoc] INFO  o.e.m.j.internal.DownloadSourcesJob - Downloaded javadoc for org.springframework.cloud:spring-cloud-starter-sleuth:3.1.3
2024-11-01 10:50:30,436 [Worker-226: Building] INFO  o.a.m.s.f.DefaultMavenResourcesFiltering - Copying 1 resource from src/main/resources to target/classes
2024-11-01 10:50:30,443 [Worker-226: Building] INFO  o.a.m.s.f.DefaultMavenResourcesFiltering - Copying 0 resource from src/main/resources to target/classes
2024-11-01 10:50:30,444 [Worker-226: Building] INFO  o.a.m.s.f.DefaultMavenResourcesFiltering - skip non existing resourceDirectory /Users/bubul/Documents/workspace-spring-tool-suite-4-4.25.0.RELEASE/trello/trello-board-service/src/test/resources
2024-11-01 10:50:30,585 [Worker-223: Download sources and javadoc] INFO  o.e.m.c.i.e.AbstractTransferListenerAdapter - Downloading https://repo.maven.apache.org/maven2/org/springframework/cloud/spring-cloud-starter/3.1.3/spring-cloud-starter-3.1.3-javadoc.jar
2024-11-01 10:50:30,586 [Worker-223: Download sources and javadoc] INFO  o.e.m.c.i.e.AbstractTransferListenerAdapter - Downloaded https://repo.maven.apache.org/maven2/org/springframework/cloud/spring-cloud-starter/3.1.3/spring-cloud-starter-3.1.3-javadoc.jar
2024-11-01 10:50:30,587 [Worker-223: Download sources and javadoc] INFO  o.e.m.j.internal.DownloadSourcesJob - Downloaded javadoc for org.springframework.cloud:spring-cloud-starter:3.1.3
2024-11-01 10:50:46,993 [main] INFO  o.e.m2e.actions.ExecutePomAction - Creating new launch configuration
2024-11-01 10:50:49,921 [Worker-225: Launching trello-board-service] INFO  o.eclipse.m2e.core.internal.Bundles - getClasspathEntries(Bundle=org.eclipse.m2e.maven.runtime_3.9.900.20240824-1409 [358])
2024-11-01 10:50:49,922 [Worker-225: Launching trello-board-service] INFO  o.eclipse.m2e.core.internal.Bundles - 	Entry: /Applications/SpringToolSuite4.app/Contents/Eclipse/plugins/org.eclipse.m2e.maven.runtime_3.9.900.20240824-1409
2024-11-01 10:50:49,922 [Worker-225: Launching trello-board-service] INFO  o.eclipse.m2e.core.internal.Bundles - 	Entry: /Applications/SpringToolSuite4.app/Contents/Eclipse/plugins/org.eclipse.m2e.maven.runtime_3.9.900.20240824-1409/jars/aopalliance-1.0.jar
2024-11-01 10:50:49,922 [Worker-225: Launching trello-board-service] INFO  o.eclipse.m2e.core.internal.Bundles - 	Entry: /Applications/SpringToolSuite4.app/Contents/Eclipse/plugins/org.eclipse.m2e.maven.runtime_3.9.900.20240824-1409/jars/guice-5.1.0.jar
2024-11-01 10:50:49,922 [Worker-225: Launching trello-board-service] INFO  o.eclipse.m2e.core.internal.Bundles - 	Entry: /Applications/SpringToolSuite4.app/Contents/Eclipse/plugins/org.eclipse.m2e.maven.runtime_3.9.900.20240824-1409/jars/httpclient-4.5.14.jar
2024-11-01 10:50:49,922 [Worker-225: Launching trello-board-service] INFO  o.eclipse.m2e.core.internal.Bundles - 	Entry: /Applications/SpringToolSuite4.app/Contents/Eclipse/plugins/org.eclipse.m2e.maven.runtime_3.9.900.20240824-1409/jars/httpcore-4.4.16.jar
2024-11-01 10:50:49,922 [Worker-225: Launching trello-board-service] INFO  o.eclipse.m2e.core.internal.Bundles - 	Entry: /Applications/SpringToolSuite4.app/Contents/Eclipse/plugins/org.eclipse.m2e.maven.runtime_3.9.900.20240824-1409/jars/jansi-2.4.1.jar
2024-11-01 10:50:49,922 [Worker-225: Launching trello-board-service] INFO  o.eclipse.m2e.core.internal.Bundles - 	Entry: /Applications/SpringToolSuite4.app/Contents/Eclipse/plugins/org.eclipse.m2e.maven.runtime_3.9.900.20240824-1409/jars/jcl-over-slf4j-1.7.36.jar
2024-11-01 10:50:49,922 [Worker-225: Launching trello-board-service] INFO  o.eclipse.m2e.core.internal.Bundles - 	Entry: /Applications/SpringToolSuite4.app/Contents/Eclipse/plugins/org.eclipse.m2e.maven.runtime_3.9.900.20240824-1409/jars/maven-artifact-3.9.9.jar
2024-11-01 10:50:49,922 [Worker-225: Launching trello-board-service] INFO  o.eclipse.m2e.core.internal.Bundles - 	Entry: /Applications/SpringToolSuite4.app/Contents/Eclipse/plugins/org.eclipse.m2e.maven.runtime_3.9.900.20240824-1409/jars/maven-builder-support-3.9.9.jar
2024-11-01 10:50:49,922 [Worker-225: Launching trello-board-service] INFO  o.eclipse.m2e.core.internal.Bundles - 	Entry: /Applications/SpringToolSuite4.app/Contents/Eclipse/plugins/org.eclipse.m2e.maven.runtime_3.9.900.20240824-1409/jars/maven-compat-3.9.9.jar
2024-11-01 10:50:49,922 [Worker-225: Launching trello-board-service] INFO  o.eclipse.m2e.core.internal.Bundles - 	Entry: /Applications/SpringToolSuite4.app/Contents/Eclipse/plugins/org.eclipse.m2e.maven.runtime_3.9.900.20240824-1409/jars/maven-core-3.9.9.jar
2024-11-01 10:50:49,922 [Worker-225: Launching trello-board-service] INFO  o.eclipse.m2e.core.internal.Bundles - 	Entry: /Applications/SpringToolSuite4.app/Contents/Eclipse/plugins/org.eclipse.m2e.maven.runtime_3.9.900.20240824-1409/jars/maven-embedder-3.9.9.jar
2024-11-01 10:50:49,922 [Worker-225: Launching trello-board-service] INFO  o.eclipse.m2e.core.internal.Bundles - 	Entry: /Applications/SpringToolSuite4.app/Contents/Eclipse/plugins/org.eclipse.m2e.maven.runtime_3.9.900.20240824-1409/jars/maven-model-3.9.9.jar
2024-11-01 10:50:49,922 [Worker-225: Launching trello-board-service] INFO  o.eclipse.m2e.core.internal.Bundles - 	Entry: /Applications/SpringToolSuite4.app/Contents/Eclipse/plugins/org.eclipse.m2e.maven.runtime_3.9.900.20240824-1409/jars/maven-model-builder-3.9.9.jar
2024-11-01 10:50:49,922 [Worker-225: Launching trello-board-service] INFO  o.eclipse.m2e.core.internal.Bundles - 	Entry: /Applications/SpringToolSuite4.app/Contents/Eclipse/plugins/org.eclipse.m2e.maven.runtime_3.9.900.20240824-1409/jars/maven-plugin-api-3.9.9.jar
2024-11-01 10:50:49,922 [Worker-225: Launching trello-board-service] INFO  o.eclipse.m2e.core.internal.Bundles - 	Entry: /Applications/SpringToolSuite4.app/Contents/Eclipse/plugins/org.eclipse.m2e.maven.runtime_3.9.900.20240824-1409/jars/maven-repository-metadata-3.9.9.jar
2024-11-01 10:50:49,922 [Worker-225: Launching trello-board-service] INFO  o.eclipse.m2e.core.internal.Bundles - 	Entry: /Applications/SpringToolSuite4.app/Contents/Eclipse/plugins/org.eclipse.m2e.maven.runtime_3.9.900.20240824-1409/jars/maven-resolver-api-1.9.22.jar
2024-11-01 10:50:49,922 [Worker-225: Launching trello-board-service] INFO  o.eclipse.m2e.core.internal.Bundles - 	Entry: /Applications/SpringToolSuite4.app/Contents/Eclipse/plugins/org.eclipse.m2e.maven.runtime_3.9.900.20240824-1409/jars/maven-resolver-connector-basic-1.9.22.jar
2024-11-01 10:50:49,922 [Worker-225: Launching trello-board-service] INFO  o.eclipse.m2e.core.internal.Bundles - 	Entry: /Applications/SpringToolSuite4.app/Contents/Eclipse/plugins/org.eclipse.m2e.maven.runtime_3.9.900.20240824-1409/jars/maven-resolver-impl-1.9.22.jar
2024-11-01 10:50:49,922 [Worker-225: Launching trello-board-service] INFO  o.eclipse.m2e.core.internal.Bundles - 	Entry: /Applications/SpringToolSuite4.app/Contents/Eclipse/plugins/org.eclipse.m2e.maven.runtime_3.9.900.20240824-1409/jars/maven-resolver-named-locks-1.9.22.jar
2024-11-01 10:50:49,922 [Worker-225: Launching trello-board-service] INFO  o.eclipse.m2e.core.internal.Bundles - 	Entry: /Applications/SpringToolSuite4.app/Contents/Eclipse/plugins/org.eclipse.m2e.maven.runtime_3.9.900.20240824-1409/jars/maven-resolver-provider-3.9.9.jar
2024-11-01 10:50:49,922 [Worker-225: Launching trello-board-service] INFO  o.eclipse.m2e.core.internal.Bundles - 	Entry: /Applications/SpringToolSuite4.app/Contents/Eclipse/plugins/org.eclipse.m2e.maven.runtime_3.9.900.20240824-1409/jars/maven-resolver-spi-1.9.22.jar
2024-11-01 10:50:49,922 [Worker-225: Launching trello-board-service] INFO  o.eclipse.m2e.core.internal.Bundles - 	Entry: /Applications/SpringToolSuite4.app/Contents/Eclipse/plugins/org.eclipse.m2e.maven.runtime_3.9.900.20240824-1409/jars/maven-resolver-transport-file-1.9.22.jar
2024-11-01 10:50:49,922 [Worker-225: Launching trello-board-service] INFO  o.eclipse.m2e.core.internal.Bundles - 	Entry: /Applications/SpringToolSuite4.app/Contents/Eclipse/plugins/org.eclipse.m2e.maven.runtime_3.9.900.20240824-1409/jars/maven-resolver-transport-http-1.9.22.jar
2024-11-01 10:50:49,922 [Worker-225: Launching trello-board-service] INFO  o.eclipse.m2e.core.internal.Bundles - 	Entry: /Applications/SpringToolSuite4.app/Contents/Eclipse/plugins/org.eclipse.m2e.maven.runtime_3.9.900.20240824-1409/jars/maven-resolver-transport-wagon-1.9.22.jar
2024-11-01 10:50:49,922 [Worker-225: Launching trello-board-service] INFO  o.eclipse.m2e.core.internal.Bundles - 	Entry: /Applications/SpringToolSuite4.app/Contents/Eclipse/plugins/org.eclipse.m2e.maven.runtime_3.9.900.20240824-1409/jars/maven-resolver-util-1.9.22.jar
2024-11-01 10:50:49,922 [Worker-225: Launching trello-board-service] INFO  o.eclipse.m2e.core.internal.Bundles - 	Entry: /Applications/SpringToolSuite4.app/Contents/Eclipse/plugins/org.eclipse.m2e.maven.runtime_3.9.900.20240824-1409/jars/maven-settings-3.9.9.jar
2024-11-01 10:50:49,923 [Worker-225: Launching trello-board-service] INFO  o.eclipse.m2e.core.internal.Bundles - 	Entry: /Applications/SpringToolSuite4.app/Contents/Eclipse/plugins/org.eclipse.m2e.maven.runtime_3.9.900.20240824-1409/jars/maven-settings-builder-3.9.9.jar
2024-11-01 10:50:49,923 [Worker-225: Launching trello-board-service] INFO  o.eclipse.m2e.core.internal.Bundles - 	Entry: /Applications/SpringToolSuite4.app/Contents/Eclipse/plugins/org.eclipse.m2e.maven.runtime_3.9.900.20240824-1409/jars/maven-shared-utils-3.4.2.jar
2024-11-01 10:50:49,923 [Worker-225: Launching trello-board-service] INFO  o.eclipse.m2e.core.internal.Bundles - 	Entry: /Applications/SpringToolSuite4.app/Contents/Eclipse/plugins/org.eclipse.m2e.maven.runtime_3.9.900.20240824-1409/jars/org.eclipse.sisu.inject-0.9.0.M3.jar
2024-11-01 10:50:49,923 [Worker-225: Launching trello-board-service] INFO  o.eclipse.m2e.core.internal.Bundles - 	Entry: /Applications/SpringToolSuite4.app/Contents/Eclipse/plugins/org.eclipse.m2e.maven.runtime_3.9.900.20240824-1409/jars/org.eclipse.sisu.plexus-0.9.0.M3.jar
2024-11-01 10:50:49,923 [Worker-225: Launching trello-board-service] INFO  o.eclipse.m2e.core.internal.Bundles - 	Entry: /Applications/SpringToolSuite4.app/Contents/Eclipse/plugins/org.eclipse.m2e.maven.runtime_3.9.900.20240824-1409/jars/plexus-build-api-0.0.7.jar
2024-11-01 10:50:49,923 [Worker-225: Launching trello-board-service] INFO  o.eclipse.m2e.core.internal.Bundles - 	Entry: /Applications/SpringToolSuite4.app/Contents/Eclipse/plugins/org.eclipse.m2e.maven.runtime_3.9.900.20240824-1409/jars/plexus-build-api-1.2.0.jar
2024-11-01 10:50:49,923 [Worker-225: Launching trello-board-service] INFO  o.eclipse.m2e.core.internal.Bundles - 	Entry: /Applications/SpringToolSuite4.app/Contents/Eclipse/plugins/org.eclipse.m2e.maven.runtime_3.9.900.20240824-1409/jars/plexus-cipher-2.0.jar
2024-11-01 10:50:49,923 [Worker-225: Launching trello-board-service] INFO  o.eclipse.m2e.core.internal.Bundles - 	Entry: /Applications/SpringToolSuite4.app/Contents/Eclipse/plugins/org.eclipse.m2e.maven.runtime_3.9.900.20240824-1409/jars/plexus-classworlds-2.8.0.jar
2024-11-01 10:50:49,923 [Worker-225: Launching trello-board-service] INFO  o.eclipse.m2e.core.internal.Bundles - 	Entry: /Applications/SpringToolSuite4.app/Contents/Eclipse/plugins/org.eclipse.m2e.maven.runtime_3.9.900.20240824-1409/jars/plexus-component-annotations-2.1.0.jar
2024-11-01 10:50:49,923 [Worker-225: Launching trello-board-service] INFO  o.eclipse.m2e.core.internal.Bundles - 	Entry: /Applications/SpringToolSuite4.app/Contents/Eclipse/plugins/org.eclipse.m2e.maven.runtime_3.9.900.20240824-1409/jars/plexus-interpolation-1.27.jar
2024-11-01 10:50:49,923 [Worker-225: Launching trello-board-service] INFO  o.eclipse.m2e.core.internal.Bundles - 	Entry: /Applications/SpringToolSuite4.app/Contents/Eclipse/plugins/org.eclipse.m2e.maven.runtime_3.9.900.20240824-1409/jars/plexus-sec-dispatcher-2.0.jar
2024-11-01 10:50:49,923 [Worker-225: Launching trello-board-service] INFO  o.eclipse.m2e.core.internal.Bundles - 	Entry: /Applications/SpringToolSuite4.app/Contents/Eclipse/plugins/org.eclipse.m2e.maven.runtime_3.9.900.20240824-1409/jars/plexus-utils-3.5.1.jar
2024-11-01 10:50:49,923 [Worker-225: Launching trello-board-service] INFO  o.eclipse.m2e.core.internal.Bundles - 	Entry: /Applications/SpringToolSuite4.app/Contents/Eclipse/plugins/org.eclipse.m2e.maven.runtime_3.9.900.20240824-1409/jars/plexus-xml-3.0.1.jar
2024-11-01 10:50:49,923 [Worker-225: Launching trello-board-service] INFO  o.eclipse.m2e.core.internal.Bundles - 	Entry: /Applications/SpringToolSuite4.app/Contents/Eclipse/plugins/org.eclipse.m2e.maven.runtime_3.9.900.20240824-1409/jars/wagon-file-3.5.3.jar
2024-11-01 10:50:49,923 [Worker-225: Launching trello-board-service] INFO  o.eclipse.m2e.core.internal.Bundles - 	Entry: /Applications/SpringToolSuite4.app/Contents/Eclipse/plugins/org.eclipse.m2e.maven.runtime_3.9.900.20240824-1409/jars/wagon-http-3.5.3.jar
2024-11-01 10:50:49,923 [Worker-225: Launching trello-board-service] INFO  o.eclipse.m2e.core.internal.Bundles - 	Entry: /Applications/SpringToolSuite4.app/Contents/Eclipse/plugins/org.eclipse.m2e.maven.runtime_3.9.900.20240824-1409/jars/wagon-http-shared-3.5.3.jar
2024-11-01 10:50:49,923 [Worker-225: Launching trello-board-service] INFO  o.eclipse.m2e.core.internal.Bundles - 	Entry: /Applications/SpringToolSuite4.app/Contents/Eclipse/plugins/org.eclipse.m2e.maven.runtime_3.9.900.20240824-1409/jars/wagon-provider-api-3.5.3.jar
2024-11-01 10:50:49,923 [Worker-225: Launching trello-board-service] INFO  o.eclipse.m2e.core.internal.Bundles - getClasspathEntries(Bundle=com.google.guava_33.3.0.jre [29])
2024-11-01 10:50:49,923 [Worker-225: Launching trello-board-service] INFO  o.eclipse.m2e.core.internal.Bundles - 	Entry: /Applications/SpringToolSuite4.app/Contents/Eclipse/plugins/com.google.guava_33.3.0.jre.jar
2024-11-01 10:50:49,923 [Worker-225: Launching trello-board-service] INFO  o.eclipse.m2e.core.internal.Bundles - getClasspathEntries(Bundle=slf4j.api_2.0.16 [591])
2024-11-01 10:50:49,923 [Worker-225: Launching trello-board-service] INFO  o.eclipse.m2e.core.internal.Bundles - 	Entry: /Applications/SpringToolSuite4.app/Contents/Eclipse/plugins/slf4j.api_2.0.16.jar
2024-11-01 10:50:49,923 [Worker-225: Launching trello-board-service] INFO  o.eclipse.m2e.core.internal.Bundles - getClasspathEntries(Bundle=jakarta.inject.jakarta.inject-api_1.0.5 [45])
2024-11-01 10:50:49,923 [Worker-225: Launching trello-board-service] INFO  o.eclipse.m2e.core.internal.Bundles - 	Entry: /Applications/SpringToolSuite4.app/Contents/Eclipse/plugins/jakarta.inject.jakarta.inject-api_1.0.5.jar
2024-11-01 10:50:49,923 [Worker-225: Launching trello-board-service] INFO  o.eclipse.m2e.core.internal.Bundles - getClasspathEntries(Bundle=jakarta.annotation-api_1.3.5 [41])
2024-11-01 10:50:49,924 [Worker-225: Launching trello-board-service] INFO  o.eclipse.m2e.core.internal.Bundles - 	Entry: /Applications/SpringToolSuite4.app/Contents/Eclipse/plugins/jakarta.annotation-api_1.3.5.jar
2024-11-01 10:50:49,924 [Worker-225: Launching trello-board-service] INFO  o.eclipse.m2e.core.internal.Bundles - getClasspathEntries(Bundle=org.apache.commons.cli_1.9.0 [77])
2024-11-01 10:50:49,924 [Worker-225: Launching trello-board-service] INFO  o.eclipse.m2e.core.internal.Bundles - 	Entry: /Applications/SpringToolSuite4.app/Contents/Eclipse/plugins/org.apache.commons.cli_1.9.0.jar
2024-11-01 10:50:49,924 [Worker-225: Launching trello-board-service] INFO  o.eclipse.m2e.core.internal.Bundles - getClasspathEntries(Bundle=org.apache.commons.commons-codec_1.16.0 [80])
2024-11-01 10:50:49,924 [Worker-225: Launching trello-board-service] INFO  o.eclipse.m2e.core.internal.Bundles - 	Entry: /Applications/SpringToolSuite4.app/Contents/Eclipse/plugins/org.apache.commons.commons-codec_1.16.0.jar
2024-11-01 10:50:49,924 [Worker-225: Launching trello-board-service] INFO  o.eclipse.m2e.core.internal.Bundles - getClasspathEntries(Bundle=com.google.guava.failureaccess_1.0.2 [30])
2024-11-01 10:50:49,925 [Worker-225: Launching trello-board-service] INFO  o.eclipse.m2e.core.internal.Bundles - 	Entry: /Applications/SpringToolSuite4.app/Contents/Eclipse/plugins/com.google.guava.failureaccess_1.0.2.jar
2024-11-01 10:50:49,926 [Worker-225: Launching trello-board-service] INFO  o.e.m.i.launch.MavenLaunchDelegate - Run build in "/Users/bubul/Documents/workspace-spring-tool-suite-4-4.25.0.RELEASE/trello/trello-board-service":
2024-11-01 10:50:49,926 [Worker-225: Launching trello-board-service] INFO  o.e.m.i.launch.MavenLaunchDelegate -  mvn  -Ppom.xml -B -Dstyle.color=always 
2024-11-01 10:52:59,518 [Worker-221: Building] INFO  o.a.m.s.f.DefaultMavenResourcesFiltering - Copying 1 resource from src/main/resources to target/classes
2024-11-01 10:52:59,521 [Worker-221: Building] INFO  o.a.m.s.f.DefaultMavenResourcesFiltering - Copying 0 resource from src/main/resources to target/classes
2024-11-01 10:52:59,522 [Worker-221: Building] INFO  o.a.m.s.f.DefaultMavenResourcesFiltering - skip non existing resourceDirectory /Users/bubul/Documents/workspace-spring-tool-suite-4-4.25.0.RELEASE/trello/trello-board-service/src/test/resources
2024-11-01 10:53:03,333 [Worker-230: Building] INFO  o.a.m.s.f.DefaultMavenResourcesFiltering - Copying 1 resource from src/main/resources to target/classes
2024-11-01 10:53:03,333 [Worker-230: Building] INFO  o.a.m.s.f.DefaultMavenResourcesFiltering - Copying 0 resource from src/main/resources to target/classes
2024-11-01 10:53:03,334 [Worker-230: Building] INFO  o.a.m.s.f.DefaultMavenResourcesFiltering - skip non existing resourceDirectory /Users/bubul/Documents/workspace-spring-tool-suite-4-4.25.0.RELEASE/trello/trello-board-service/src/test/resources
2024-11-01 10:53:45,665 [Worker-225: Building] INFO  o.a.m.s.f.DefaultMavenResourcesFiltering - Copying 1 resource from src/main/resources to target/classes
2024-11-01 10:53:45,673 [Worker-225: Building] INFO  o.a.m.s.f.DefaultMavenResourcesFiltering - Copying 0 resource from src/main/resources to target/classes
2024-11-01 10:53:45,674 [Worker-225: Building] INFO  o.a.m.s.f.DefaultMavenResourcesFiltering - skip non existing resourceDirectory /Users/bubul/Documents/workspace-spring-tool-suite-4-4.25.0.RELEASE/trello/trello-board-service/src/test/resources
2024-11-01 10:58:32,791 [Worker-237: Building] INFO  o.a.m.s.f.DefaultMavenResourcesFiltering - Copying 0 resource from src/main/resources to target/classes
2024-11-01 10:58:32,792 [Worker-237: Building] INFO  o.a.m.s.f.DefaultMavenResourcesFiltering - Copying 0 resource from src/main/resources to target/classes
2024-11-01 10:58:32,793 [Worker-237: Building] INFO  o.a.m.s.f.DefaultMavenResourcesFiltering - skip non existing resourceDirectory /Users/bubul/Documents/workspace-spring-tool-suite-4-4.25.0.RELEASE/trello/trello-board-service/src/test/resources
2024-11-01 10:58:40,477 [Worker-236: Building] INFO  o.a.m.s.f.DefaultMavenResourcesFiltering - Copying 0 resource from src/main/resources to target/classes
2024-11-01 10:58:40,477 [Worker-236: Building] INFO  o.a.m.s.f.DefaultMavenResourcesFiltering - Copying 0 resource from src/main/resources to target/classes
2024-11-01 10:58:40,477 [Worker-236: Building] INFO  o.a.m.s.f.DefaultMavenResourcesFiltering - skip non existing resourceDirectory /Users/bubul/Documents/workspace-spring-tool-suite-4-4.25.0.RELEASE/trello/trello-board-service/src/test/resources
2024-11-01 11:00:36,544 [Worker-221: Building] INFO  o.a.m.s.f.DefaultMavenResourcesFiltering - Copying 0 resource from src/main/resources to target/classes
2024-11-01 11:00:36,545 [Worker-221: Building] INFO  o.a.m.s.f.DefaultMavenResourcesFiltering - Copying 0 resource from src/main/resources to target/classes
2024-11-01 11:00:36,546 [Worker-221: Building] INFO  o.a.m.s.f.DefaultMavenResourcesFiltering - skip non existing resourceDirectory /Users/bubul/Documents/workspace-spring-tool-suite-4-4.25.0.RELEASE/trello/trello-board-service/src/test/resources
2024-11-03 07:43:48,075 [Worker-351: Building] INFO  o.a.m.s.f.DefaultMavenResourcesFiltering - Copying 1 resource from src/main/resources to target/classes
2024-11-03 07:43:48,136 [Worker-351: Building] INFO  o.a.m.s.f.DefaultMavenResourcesFiltering - Copying 0 resource from src/main/resources to target/classes
2024-11-03 07:43:48,148 [Worker-351: Building] INFO  o.a.m.s.f.DefaultMavenResourcesFiltering - skip non existing resourceDirectory /Users/bubul/Documents/workspace-spring-tool-suite-4-4.25.0.RELEASE/trello/trello-user-service/src/test/resources
2024-11-03 07:45:02,994 [Worker-351: Building] INFO  o.a.m.s.f.DefaultMavenResourcesFiltering - Copying 1 resource from src/main/resources to target/classes
2024-11-03 07:45:03,049 [Worker-351: Building] INFO  o.a.m.s.f.DefaultMavenResourcesFiltering - Copying 0 resource from src/main/resources to target/classes
2024-11-03 07:45:03,051 [Worker-351: Building] INFO  o.a.m.s.f.DefaultMavenResourcesFiltering - skip non existing resourceDirectory /Users/bubul/Documents/workspace-spring-tool-suite-4-4.25.0.RELEASE/trello/trello-user-service/src/test/resources
2024-11-03 07:45:46,381 [Worker-358: Building] INFO  o.a.m.s.f.DefaultMavenResourcesFiltering - Copying 1 resource from src/main/resources to target/classes
2024-11-03 07:45:46,449 [Worker-358: Building] INFO  o.a.m.s.f.DefaultMavenResourcesFiltering - Copying 0 resource from src/main/resources to target/classes
2024-11-03 07:45:46,452 [Worker-358: Building] INFO  o.a.m.s.f.DefaultMavenResourcesFiltering - skip non existing resourceDirectory /Users/bubul/Documents/workspace-spring-tool-suite-4-4.25.0.RELEASE/trello/trello-user-service/src/test/resources
2024-11-03 07:46:02,459 [Worker-358: Building] INFO  o.a.m.s.f.DefaultMavenResourcesFiltering - Copying 1 resource from src/main/resources to target/classes
2024-11-03 07:46:02,467 [Worker-358: Building] INFO  o.a.m.s.f.DefaultMavenResourcesFiltering - Copying 0 resource from src/main/resources to target/classes
2024-11-03 07:46:02,471 [Worker-358: Building] INFO  o.a.m.s.f.DefaultMavenResourcesFiltering - skip non existing resourceDirectory /Users/bubul/Documents/workspace-spring-tool-suite-4-4.25.0.RELEASE/trello/trello-user-service/src/test/resources
2024-11-03 07:46:08,903 [Worker-356: Building] INFO  o.a.m.s.f.DefaultMavenResourcesFiltering - Copying 1 resource from src/main/resources to target/classes
2024-11-03 07:46:08,907 [Worker-356: Building] INFO  o.a.m.s.f.DefaultMavenResourcesFiltering - Copying 0 resource from src/main/resources to target/classes
2024-11-03 07:46:08,909 [Worker-356: Building] INFO  o.a.m.s.f.DefaultMavenResourcesFiltering - skip non existing resourceDirectory /Users/bubul/Documents/workspace-spring-tool-suite-4-4.25.0.RELEASE/trello/trello-user-service/src/test/resources
2024-11-03 07:51:27,837 [Worker-363: Building] INFO  o.a.m.s.f.DefaultMavenResourcesFiltering - Copying 1 resource from src/main/resources to target/classes
2024-11-03 07:51:27,843 [Worker-363: Building] INFO  o.a.m.s.f.DefaultMavenResourcesFiltering - Copying 0 resource from src/main/resources to target/classes
2024-11-03 07:51:27,845 [Worker-363: Building] INFO  o.a.m.s.f.DefaultMavenResourcesFiltering - skip non existing resourceDirectory /Users/bubul/Documents/workspace-spring-tool-suite-4-4.25.0.RELEASE/trello/trello-user-service/src/test/resources
2024-11-03 07:51:51,236 [Worker-364: Building] INFO  o.a.m.s.f.DefaultMavenResourcesFiltering - Copying 1 resource from src/main/resources to target/classes
2024-11-03 07:51:51,245 [Worker-364: Building] INFO  o.a.m.s.f.DefaultMavenResourcesFiltering - Copying 0 resource from src/main/resources to target/classes
2024-11-03 07:51:51,247 [Worker-364: Building] INFO  o.a.m.s.f.DefaultMavenResourcesFiltering - skip non existing resourceDirectory /Users/bubul/Documents/workspace-spring-tool-suite-4-4.25.0.RELEASE/trello/trello-user-service/src/test/resources
2024-11-03 07:51:56,583 [Worker-367: Building] INFO  o.a.m.s.f.DefaultMavenResourcesFiltering - Copying 1 resource from src/main/resources to target/classes
2024-11-03 07:51:56,586 [Worker-367: Building] INFO  o.a.m.s.f.DefaultMavenResourcesFiltering - Copying 0 resource from src/main/resources to target/classes
2024-11-03 07:51:56,587 [Worker-367: Building] INFO  o.a.m.s.f.DefaultMavenResourcesFiltering - skip non existing resourceDirectory /Users/bubul/Documents/workspace-spring-tool-suite-4-4.25.0.RELEASE/trello/trello-user-service/src/test/resources
2024-11-03 07:52:13,208 [Worker-367: Building] INFO  o.a.m.s.f.DefaultMavenResourcesFiltering - Copying 1 resource from src/main/resources to target/classes
2024-11-03 07:52:13,214 [Worker-367: Building] INFO  o.a.m.s.f.DefaultMavenResourcesFiltering - Copying 0 resource from src/main/resources to target/classes
2024-11-03 07:52:13,216 [Worker-367: Building] INFO  o.a.m.s.f.DefaultMavenResourcesFiltering - skip non existing resourceDirectory /Users/bubul/Documents/workspace-spring-tool-suite-4-4.25.0.RELEASE/trello/trello-user-service/src/test/resources
2024-11-03 07:52:41,323 [Worker-363: Building] INFO  o.a.m.s.f.DefaultMavenResourcesFiltering - Copying 1 resource from src/main/resources to target/classes
2024-11-03 07:52:41,332 [Worker-363: Building] INFO  o.a.m.s.f.DefaultMavenResourcesFiltering - Copying 0 resource from src/main/resources to target/classes
2024-11-03 07:52:41,334 [Worker-363: Building] INFO  o.a.m.s.f.DefaultMavenResourcesFiltering - skip non existing resourceDirectory /Users/bubul/Documents/workspace-spring-tool-suite-4-4.25.0.RELEASE/trello/trello-user-service/src/test/resources
2024-11-03 07:53:00,056 [Worker-369: Building] INFO  o.a.m.s.f.DefaultMavenResourcesFiltering - Copying 1 resource from src/main/resources to target/classes
2024-11-03 07:53:00,060 [Worker-369: Building] INFO  o.a.m.s.f.DefaultMavenResourcesFiltering - Copying 0 resource from src/main/resources to target/classes
2024-11-03 07:53:00,062 [Worker-369: Building] INFO  o.a.m.s.f.DefaultMavenResourcesFiltering - skip non existing resourceDirectory /Users/bubul/Documents/workspace-spring-tool-suite-4-4.25.0.RELEASE/trello/trello-user-service/src/test/resources
2024-11-03 07:54:59,047 [Worker-368: Building] INFO  o.a.m.s.f.DefaultMavenResourcesFiltering - Copying 1 resource from src/main/resources to target/classes
2024-11-03 07:54:59,056 [Worker-368: Building] INFO  o.a.m.s.f.DefaultMavenResourcesFiltering - Copying 0 resource from src/main/resources to target/classes
2024-11-03 07:54:59,059 [Worker-368: Building] INFO  o.a.m.s.f.DefaultMavenResourcesFiltering - skip non existing resourceDirectory /Users/bubul/Documents/workspace-spring-tool-suite-4-4.25.0.RELEASE/trello/trello-user-service/src/test/resources
2024-11-03 07:55:06,878 [Worker-368: Building] INFO  o.a.m.s.f.DefaultMavenResourcesFiltering - Copying 1 resource from src/main/resources to target/classes
2024-11-03 07:55:06,886 [Worker-368: Building] INFO  o.a.m.s.f.DefaultMavenResourcesFiltering - Copying 0 resource from src/main/resources to target/classes
2024-11-03 07:55:06,888 [Worker-368: Building] INFO  o.a.m.s.f.DefaultMavenResourcesFiltering - skip non existing resourceDirectory /Users/bubul/Documents/workspace-spring-tool-suite-4-4.25.0.RELEASE/trello/trello-user-service/src/test/resources
2024-11-03 07:58:55,219 [Worker-374: Building] INFO  o.a.m.s.f.DefaultMavenResourcesFiltering - Copying 1 resource from src/main/resources to target/classes
2024-11-03 07:58:55,241 [Worker-374: Building] INFO  o.a.m.s.f.DefaultMavenResourcesFiltering - Copying 0 resource from src/main/resources to target/classes
2024-11-03 07:58:55,242 [Worker-374: Building] INFO  o.a.m.s.f.DefaultMavenResourcesFiltering - skip non existing resourceDirectory /Users/bubul/Documents/workspace-spring-tool-suite-4-4.25.0.RELEASE/trello/trello-user-service/src/test/resources
2024-11-03 07:59:51,132 [Worker-377: Building] INFO  o.a.m.s.f.DefaultMavenResourcesFiltering - Copying 1 resource from src/main/resources to target/classes
2024-11-03 07:59:51,163 [Worker-377: Building] INFO  o.a.m.s.f.DefaultMavenResourcesFiltering - Copying 0 resource from src/main/resources to target/classes
2024-11-03 07:59:51,165 [Worker-377: Building] INFO  o.a.m.s.f.DefaultMavenResourcesFiltering - skip non existing resourceDirectory /Users/bubul/Documents/workspace-spring-tool-suite-4-4.25.0.RELEASE/trello/trello-user-service/src/test/resources
2024-11-03 08:00:01,815 [Worker-377: Building] INFO  o.a.m.s.f.DefaultMavenResourcesFiltering - Copying 1 resource from src/main/resources to target/classes
2024-11-03 08:00:01,835 [Worker-377: Building] INFO  o.a.m.s.f.DefaultMavenResourcesFiltering - Copying 0 resource from src/main/resources to target/classes
2024-11-03 08:00:01,837 [Worker-377: Building] INFO  o.a.m.s.f.DefaultMavenResourcesFiltering - skip non existing resourceDirectory /Users/bubul/Documents/workspace-spring-tool-suite-4-4.25.0.RELEASE/trello/trello-user-service/src/test/resources
2024-11-03 08:00:09,520 [Worker-372: Building] INFO  o.a.m.s.f.DefaultMavenResourcesFiltering - Copying 1 resource from src/main/resources to target/classes
2024-11-03 08:00:09,524 [Worker-372: Building] INFO  o.a.m.s.f.DefaultMavenResourcesFiltering - Copying 0 resource from src/main/resources to target/classes
2024-11-03 08:00:09,527 [Worker-372: Building] INFO  o.a.m.s.f.DefaultMavenResourcesFiltering - skip non existing resourceDirectory /Users/bubul/Documents/workspace-spring-tool-suite-4-4.25.0.RELEASE/trello/trello-user-service/src/test/resources
2024-11-03 08:07:57,108 [Worker-379: Building] INFO  o.e.m.c.i.l.LifecycleMappingFactory - Using org.eclipse.m2e.jdt.JarLifecycleMapping lifecycle mapping for MavenProject: com.trello:trello-board-service:0.0.1-SNAPSHOT @ /Users/bubul/Documents/workspace-spring-tool-suite-4-4.25.0.RELEASE/trello/trello-board-service/pom.xml.
2024-11-03 08:07:57,511 [Worker-379: Building] INFO  o.e.m.c.i.e.AbstractTransferListenerAdapter - Downloaded https://repo.maven.apache.org/maven2/io/jsonwebtoken/jjwt/0.11.5/jjwt-0.11.5.pom
2024-11-03 08:07:57,511 [Worker-379: Building] WARN  o.e.m.c.i.embedder.EclipseLogger - The POM for io.jsonwebtoken:jjwt:jar:0.11.5 is missing, no dependency information available
2024-11-03 08:07:57,602 [Worker-379: Building] INFO  o.e.m.c.i.e.AbstractTransferListenerAdapter - Downloading https://repo.maven.apache.org/maven2/org/springframework/cloud/spring-cloud-starter-stream-rabbit/4.0.3/spring-cloud-starter-stream-rabbit-4.0.3.pom
2024-11-03 08:07:57,604 [Worker-379: Building] INFO  o.e.m.c.i.e.AbstractTransferListenerAdapter - Downloaded https://repo.maven.apache.org/maven2/org/springframework/cloud/spring-cloud-starter-stream-rabbit/4.0.3/spring-cloud-starter-stream-rabbit-4.0.3.pom
2024-11-03 08:07:57,659 [Worker-379: Building] INFO  o.e.m.c.i.e.AbstractTransferListenerAdapter - Downloading https://repo.maven.apache.org/maven2/org/springframework/cloud/spring-cloud-stream-binder-rabbit-parent/4.0.3/spring-cloud-stream-binder-rabbit-parent-4.0.3.pom
2024-11-03 08:07:57,662 [Worker-379: Building] INFO  o.e.m.c.i.e.AbstractTransferListenerAdapter - Downloaded https://repo.maven.apache.org/maven2/org/springframework/cloud/spring-cloud-stream-binder-rabbit-parent/4.0.3/spring-cloud-stream-binder-rabbit-parent-4.0.3.pom
2024-11-03 08:07:57,718 [Worker-379: Building] INFO  o.e.m.c.i.e.AbstractTransferListenerAdapter - Downloading https://repo.maven.apache.org/maven2/org/springframework/cloud/spring-cloud-stream-binders/4.0.3/spring-cloud-stream-binders-4.0.3.pom
2024-11-03 08:07:57,718 [Worker-379: Building] INFO  o.e.m.c.i.e.AbstractTransferListenerAdapter - Downloaded https://repo.maven.apache.org/maven2/org/springframework/cloud/spring-cloud-stream-binders/4.0.3/spring-cloud-stream-binders-4.0.3.pom
2024-11-03 08:07:57,773 [Worker-379: Building] INFO  o.e.m.c.i.e.AbstractTransferListenerAdapter - Downloading https://repo.maven.apache.org/maven2/org/springframework/cloud/spring-cloud-stream-parent/4.0.3/spring-cloud-stream-parent-4.0.3.pom
2024-11-03 08:07:57,777 [Worker-379: Building] INFO  o.e.m.c.i.e.AbstractTransferListenerAdapter - Downloaded https://repo.maven.apache.org/maven2/org/springframework/cloud/spring-cloud-stream-parent/4.0.3/spring-cloud-stream-parent-4.0.3.pom
2024-11-03 08:07:57,832 [Worker-379: Building] INFO  o.e.m.c.i.e.AbstractTransferListenerAdapter - Downloading https://repo.maven.apache.org/maven2/org/springframework/cloud/spring-cloud-build/4.0.3/spring-cloud-build-4.0.3.pom
2024-11-03 08:07:57,892 [Worker-379: Building] INFO  o.e.m.c.i.e.AbstractTransferListenerAdapter - Downloaded https://repo.maven.apache.org/maven2/org/springframework/cloud/spring-cloud-build/4.0.3/spring-cloud-build-4.0.3.pom
2024-11-03 08:07:57,949 [Worker-379: Building] INFO  o.e.m.c.i.e.AbstractTransferListenerAdapter - Downloading https://repo.maven.apache.org/maven2/io/projectreactor/reactor-bom/2022.0.5/reactor-bom-2022.0.5.pom
2024-11-03 08:07:57,951 [Worker-379: Building] INFO  o.e.m.c.i.e.AbstractTransferListenerAdapter - Downloaded https://repo.maven.apache.org/maven2/io/projectreactor/reactor-bom/2022.0.5/reactor-bom-2022.0.5.pom
2024-11-03 08:07:58,006 [Worker-379: Building] INFO  o.e.m.c.i.e.AbstractTransferListenerAdapter - Downloading https://repo.maven.apache.org/maven2/org/springframework/cloud/spring-cloud-build-dependencies/4.0.3/spring-cloud-build-dependencies-4.0.3.pom
2024-11-03 08:07:58,007 [Worker-379: Building] INFO  o.e.m.c.i.e.AbstractTransferListenerAdapter - Downloaded https://repo.maven.apache.org/maven2/org/springframework/cloud/spring-cloud-build-dependencies/4.0.3/spring-cloud-build-dependencies-4.0.3.pom
2024-11-03 08:07:58,060 [Worker-379: Building] INFO  o.e.m.c.i.e.AbstractTransferListenerAdapter - Downloading https://repo.maven.apache.org/maven2/org/springframework/boot/spring-boot-dependencies/3.0.7/spring-boot-dependencies-3.0.7.pom
2024-11-03 08:07:58,083 [Worker-379: Building] INFO  o.e.m.c.i.e.AbstractTransferListenerAdapter - Downloaded https://repo.maven.apache.org/maven2/org/springframework/boot/spring-boot-dependencies/3.0.7/spring-boot-dependencies-3.0.7.pom
2024-11-03 08:07:59,031 [Worker-379: Building] INFO  o.e.m.c.i.e.AbstractTransferListenerAdapter - Downloaded https://repo.spring.io/libs-snapshot-local/io/dropwizard/metrics/metrics-bom/4.2.18/metrics-bom-4.2.18.pom
2024-11-03 08:07:59,267 [Worker-379: Building] INFO  o.e.m.c.i.e.AbstractTransferListenerAdapter - Downloaded https://repo.spring.io/libs-milestone-local/io/dropwizard/metrics/metrics-bom/4.2.18/metrics-bom-4.2.18.pom
2024-11-03 08:07:59,506 [Worker-379: Building] INFO  o.e.m.c.i.e.AbstractTransferListenerAdapter - Downloaded https://repo.spring.io/release/io/dropwizard/metrics/metrics-bom/4.2.18/metrics-bom-4.2.18.pom
2024-11-03 08:08:00,480 [Worker-379: Building] INFO  o.e.m.c.i.e.AbstractTransferListenerAdapter - Downloaded https://oss.jfrog.org/oss-snapshot-local/io/dropwizard/metrics/metrics-bom/4.2.18/metrics-bom-4.2.18.pom
2024-11-03 08:08:00,541 [Worker-379: Building] INFO  o.e.m.c.i.e.AbstractTransferListenerAdapter - Downloading https://repo.maven.apache.org/maven2/io/dropwizard/metrics/metrics-bom/4.2.18/metrics-bom-4.2.18.pom
2024-11-03 08:08:00,543 [Worker-379: Building] INFO  o.e.m.c.i.e.AbstractTransferListenerAdapter - Downloaded https://repo.maven.apache.org/maven2/io/dropwizard/metrics/metrics-bom/4.2.18/metrics-bom-4.2.18.pom
2024-11-03 08:08:00,889 [Worker-379: Building] INFO  o.e.m.c.i.e.AbstractTransferListenerAdapter - Downloaded https://repo.spring.io/libs-snapshot-local/io/dropwizard/metrics/metrics-parent/4.2.18/metrics-parent-4.2.18.pom
2024-11-03 08:08:01,196 [Worker-379: Building] INFO  o.e.m.c.i.e.AbstractTransferListenerAdapter - Downloaded https://repo.spring.io/libs-milestone-local/io/dropwizard/metrics/metrics-parent/4.2.18/metrics-parent-4.2.18.pom
2024-11-03 08:08:01,506 [Worker-379: Building] INFO  o.e.m.c.i.e.AbstractTransferListenerAdapter - Downloaded https://repo.spring.io/release/io/dropwizard/metrics/metrics-parent/4.2.18/metrics-parent-4.2.18.pom
2024-11-03 08:08:01,810 [Worker-379: Building] INFO  o.e.m.c.i.e.AbstractTransferListenerAdapter - Downloaded https://oss.jfrog.org/oss-snapshot-local/io/dropwizard/metrics/metrics-parent/4.2.18/metrics-parent-4.2.18.pom
2024-11-03 08:08:01,868 [Worker-379: Building] INFO  o.e.m.c.i.e.AbstractTransferListenerAdapter - Downloading https://repo.maven.apache.org/maven2/io/dropwizard/metrics/metrics-parent/4.2.18/metrics-parent-4.2.18.pom
2024-11-03 08:08:01,871 [Worker-379: Building] INFO  o.e.m.c.i.e.AbstractTransferListenerAdapter - Downloaded https://repo.maven.apache.org/maven2/io/dropwizard/metrics/metrics-parent/4.2.18/metrics-parent-4.2.18.pom
2024-11-03 08:08:02,110 [Worker-379: Building] INFO  o.e.m.c.i.e.AbstractTransferListenerAdapter - Downloaded https://repo.spring.io/libs-snapshot-local/org/glassfish/jaxb/jaxb-bom/4.0.2/jaxb-bom-4.0.2.pom
2024-11-03 08:08:02,425 [Worker-379: Building] INFO  o.e.m.c.i.e.AbstractTransferListenerAdapter - Downloaded https://repo.spring.io/libs-milestone-local/org/glassfish/jaxb/jaxb-bom/4.0.2/jaxb-bom-4.0.2.pom
2024-11-03 08:08:02,667 [Worker-379: Building] INFO  o.e.m.c.i.e.AbstractTransferListenerAdapter - Downloaded https://repo.spring.io/release/org/glassfish/jaxb/jaxb-bom/4.0.2/jaxb-bom-4.0.2.pom
2024-11-03 08:08:02,939 [Worker-379: Building] INFO  o.e.m.c.i.e.AbstractTransferListenerAdapter - Downloaded https://oss.jfrog.org/oss-snapshot-local/org/glassfish/jaxb/jaxb-bom/4.0.2/jaxb-bom-4.0.2.pom
2024-11-03 08:08:02,998 [Worker-379: Building] INFO  o.e.m.c.i.e.AbstractTransferListenerAdapter - Downloading https://repo.maven.apache.org/maven2/org/glassfish/jaxb/jaxb-bom/4.0.2/jaxb-bom-4.0.2.pom
2024-11-03 08:08:03,002 [Worker-379: Building] INFO  o.e.m.c.i.e.AbstractTransferListenerAdapter - Downloaded https://repo.maven.apache.org/maven2/org/glassfish/jaxb/jaxb-bom/4.0.2/jaxb-bom-4.0.2.pom
2024-11-03 08:08:03,350 [Worker-379: Building] INFO  o.e.m.c.i.e.AbstractTransferListenerAdapter - Downloaded https://repo.spring.io/libs-snapshot-local/org/apache/groovy/groovy-bom/4.0.12/groovy-bom-4.0.12.pom
2024-11-03 08:08:03,654 [Worker-379: Building] INFO  o.e.m.c.i.e.AbstractTransferListenerAdapter - Downloaded https://repo.spring.io/libs-milestone-local/org/apache/groovy/groovy-bom/4.0.12/groovy-bom-4.0.12.pom
2024-11-03 08:08:03,960 [Worker-379: Building] INFO  o.e.m.c.i.e.AbstractTransferListenerAdapter - Downloaded https://repo.spring.io/release/org/apache/groovy/groovy-bom/4.0.12/groovy-bom-4.0.12.pom
2024-11-03 08:08:04,205 [Worker-379: Building] INFO  o.e.m.c.i.e.AbstractTransferListenerAdapter - Downloaded https://oss.jfrog.org/oss-snapshot-local/org/apache/groovy/groovy-bom/4.0.12/groovy-bom-4.0.12.pom
2024-11-03 08:08:04,262 [Worker-379: Building] INFO  o.e.m.c.i.e.AbstractTransferListenerAdapter - Downloading https://repo.maven.apache.org/maven2/org/apache/groovy/groovy-bom/4.0.12/groovy-bom-4.0.12.pom
2024-11-03 08:08:04,266 [Worker-379: Building] INFO  o.e.m.c.i.e.AbstractTransferListenerAdapter - Downloaded https://repo.maven.apache.org/maven2/org/apache/groovy/groovy-bom/4.0.12/groovy-bom-4.0.12.pom
2024-11-03 08:08:04,506 [Worker-379: Building] INFO  o.e.m.c.i.e.AbstractTransferListenerAdapter - Downloaded https://repo.spring.io/libs-snapshot-local/org/infinispan/infinispan-bom/14.0.9.Final/infinispan-bom-14.0.9.Final.pom
2024-11-03 08:08:04,883 [Worker-379: Building] INFO  o.e.m.c.i.e.AbstractTransferListenerAdapter - Downloaded https://repo.spring.io/libs-milestone-local/org/infinispan/infinispan-bom/14.0.9.Final/infinispan-bom-14.0.9.Final.pom
2024-11-03 08:08:05,190 [Worker-379: Building] INFO  o.e.m.c.i.e.AbstractTransferListenerAdapter - Downloaded https://repo.spring.io/release/org/infinispan/infinispan-bom/14.0.9.Final/infinispan-bom-14.0.9.Final.pom
2024-11-03 08:08:05,498 [Worker-379: Building] INFO  o.e.m.c.i.e.AbstractTransferListenerAdapter - Downloaded https://oss.jfrog.org/oss-snapshot-local/org/infinispan/infinispan-bom/14.0.9.Final/infinispan-bom-14.0.9.Final.pom
2024-11-03 08:08:05,557 [Worker-379: Building] INFO  o.e.m.c.i.e.AbstractTransferListenerAdapter - Downloading https://repo.maven.apache.org/maven2/org/infinispan/infinispan-bom/14.0.9.Final/infinispan-bom-14.0.9.Final.pom
2024-11-03 08:08:05,562 [Worker-379: Building] INFO  o.e.m.c.i.e.AbstractTransferListenerAdapter - Downloaded https://repo.maven.apache.org/maven2/org/infinispan/infinispan-bom/14.0.9.Final/infinispan-bom-14.0.9.Final.pom
2024-11-03 08:08:05,905 [Worker-379: Building] INFO  o.e.m.c.i.e.AbstractTransferListenerAdapter - Downloaded https://repo.spring.io/libs-snapshot-local/org/infinispan/infinispan-build-configuration-parent/14.0.9.Final/infinispan-build-configuration-parent-14.0.9.Final.pom
2024-11-03 08:08:06,210 [Worker-379: Building] INFO  o.e.m.c.i.e.AbstractTransferListenerAdapter - Downloaded https://repo.spring.io/libs-milestone-local/org/infinispan/infinispan-build-configuration-parent/14.0.9.Final/infinispan-build-configuration-parent-14.0.9.Final.pom
2024-11-03 08:08:06,521 [Worker-379: Building] INFO  o.e.m.c.i.e.AbstractTransferListenerAdapter - Downloaded https://repo.spring.io/release/org/infinispan/infinispan-build-configuration-parent/14.0.9.Final/infinispan-build-configuration-parent-14.0.9.Final.pom
2024-11-03 08:08:06,768 [Worker-379: Building] INFO  o.e.m.c.i.e.AbstractTransferListenerAdapter - Downloaded https://oss.jfrog.org/oss-snapshot-local/org/infinispan/infinispan-build-configuration-parent/14.0.9.Final/infinispan-build-configuration-parent-14.0.9.Final.pom
2024-11-03 08:08:06,824 [Worker-379: Building] INFO  o.e.m.c.i.e.AbstractTransferListenerAdapter - Downloading https://repo.maven.apache.org/maven2/org/infinispan/infinispan-build-configuration-parent/14.0.9.Final/infinispan-build-configuration-parent-14.0.9.Final.pom
2024-11-03 08:08:06,827 [Worker-379: Building] INFO  o.e.m.c.i.e.AbstractTransferListenerAdapter - Downloaded https://repo.maven.apache.org/maven2/org/infinispan/infinispan-build-configuration-parent/14.0.9.Final/infinispan-build-configuration-parent-14.0.9.Final.pom
2024-11-03 08:08:07,134 [Worker-379: Building] INFO  o.e.m.c.i.e.AbstractTransferListenerAdapter - Downloaded https://repo.spring.io/libs-snapshot-local/com/fasterxml/jackson/jackson-bom/2.14.3/jackson-bom-2.14.3.pom
2024-11-03 08:08:07,445 [Worker-379: Building] INFO  o.e.m.c.i.e.AbstractTransferListenerAdapter - Downloaded https://repo.spring.io/libs-milestone-local/com/fasterxml/jackson/jackson-bom/2.14.3/jackson-bom-2.14.3.pom
2024-11-03 08:08:07,750 [Worker-379: Building] INFO  o.e.m.c.i.e.AbstractTransferListenerAdapter - Downloaded https://repo.spring.io/release/com/fasterxml/jackson/jackson-bom/2.14.3/jackson-bom-2.14.3.pom
2024-11-03 08:08:08,059 [Worker-379: Building] INFO  o.e.m.c.i.e.AbstractTransferListenerAdapter - Downloaded https://oss.jfrog.org/oss-snapshot-local/com/fasterxml/jackson/jackson-bom/2.14.3/jackson-bom-2.14.3.pom
2024-11-03 08:08:08,119 [Worker-379: Building] INFO  o.e.m.c.i.e.AbstractTransferListenerAdapter - Downloading https://repo.maven.apache.org/maven2/com/fasterxml/jackson/jackson-bom/2.14.3/jackson-bom-2.14.3.pom
2024-11-03 08:08:08,126 [Worker-379: Building] INFO  o.e.m.c.i.e.AbstractTransferListenerAdapter - Downloaded https://repo.maven.apache.org/maven2/com/fasterxml/jackson/jackson-bom/2.14.3/jackson-bom-2.14.3.pom
2024-11-03 08:08:08,369 [Worker-379: Building] INFO  o.e.m.c.i.e.AbstractTransferListenerAdapter - Downloaded https://repo.spring.io/libs-snapshot-local/org/jetbrains/kotlin/kotlin-bom/1.7.22/kotlin-bom-1.7.22.pom
2024-11-03 08:08:08,611 [Worker-379: Building] INFO  o.e.m.c.i.e.AbstractTransferListenerAdapter - Downloaded https://repo.spring.io/libs-milestone-local/org/jetbrains/kotlin/kotlin-bom/1.7.22/kotlin-bom-1.7.22.pom
2024-11-03 08:08:08,876 [Worker-379: Building] INFO  o.e.m.c.i.e.AbstractTransferListenerAdapter - Downloaded https://repo.spring.io/release/org/jetbrains/kotlin/kotlin-bom/1.7.22/kotlin-bom-1.7.22.pom
2024-11-03 08:08:09,184 [Worker-379: Building] INFO  o.e.m.c.i.e.AbstractTransferListenerAdapter - Downloaded https://oss.jfrog.org/oss-snapshot-local/org/jetbrains/kotlin/kotlin-bom/1.7.22/kotlin-bom-1.7.22.pom
2024-11-03 08:08:09,245 [Worker-379: Building] INFO  o.e.m.c.i.e.AbstractTransferListenerAdapter - Downloading https://repo.maven.apache.org/maven2/org/jetbrains/kotlin/kotlin-bom/1.7.22/kotlin-bom-1.7.22.pom
2024-11-03 08:08:09,248 [Worker-379: Building] INFO  o.e.m.c.i.e.AbstractTransferListenerAdapter - Downloaded https://repo.maven.apache.org/maven2/org/jetbrains/kotlin/kotlin-bom/1.7.22/kotlin-bom-1.7.22.pom
2024-11-03 08:08:09,593 [Worker-379: Building] INFO  o.e.m.c.i.e.AbstractTransferListenerAdapter - Downloaded https://repo.spring.io/libs-snapshot-local/io/micrometer/micrometer-bom/1.10.7/micrometer-bom-1.10.7.pom
2024-11-03 08:08:09,902 [Worker-379: Building] INFO  o.e.m.c.i.e.AbstractTransferListenerAdapter - Downloaded https://repo.spring.io/libs-milestone-local/io/micrometer/micrometer-bom/1.10.7/micrometer-bom-1.10.7.pom
2024-11-03 08:08:10,207 [Worker-379: Building] INFO  o.e.m.c.i.e.AbstractTransferListenerAdapter - Downloaded https://repo.spring.io/release/io/micrometer/micrometer-bom/1.10.7/micrometer-bom-1.10.7.pom
2024-11-03 08:08:10,454 [Worker-379: Building] INFO  o.e.m.c.i.e.AbstractTransferListenerAdapter - Downloaded https://oss.jfrog.org/oss-snapshot-local/io/micrometer/micrometer-bom/1.10.7/micrometer-bom-1.10.7.pom
2024-11-03 08:08:10,512 [Worker-379: Building] INFO  o.e.m.c.i.e.AbstractTransferListenerAdapter - Downloading https://repo.maven.apache.org/maven2/io/micrometer/micrometer-bom/1.10.7/micrometer-bom-1.10.7.pom
2024-11-03 08:08:10,512 [Worker-379: Building] INFO  o.e.m.c.i.e.AbstractTransferListenerAdapter - Downloaded https://repo.maven.apache.org/maven2/io/micrometer/micrometer-bom/1.10.7/micrometer-bom-1.10.7.pom
2024-11-03 08:08:10,823 [Worker-379: Building] INFO  o.e.m.c.i.e.AbstractTransferListenerAdapter - Downloaded https://repo.spring.io/libs-snapshot-local/io/micrometer/micrometer-tracing-bom/1.0.6/micrometer-tracing-bom-1.0.6.pom
2024-11-03 08:08:11,128 [Worker-379: Building] INFO  o.e.m.c.i.e.AbstractTransferListenerAdapter - Downloaded https://repo.spring.io/libs-milestone-local/io/micrometer/micrometer-tracing-bom/1.0.6/micrometer-tracing-bom-1.0.6.pom
2024-11-03 08:08:11,436 [Worker-379: Building] INFO  o.e.m.c.i.e.AbstractTransferListenerAdapter - Downloaded https://repo.spring.io/release/io/micrometer/micrometer-tracing-bom/1.0.6/micrometer-tracing-bom-1.0.6.pom
2024-11-03 08:08:11,744 [Worker-379: Building] INFO  o.e.m.c.i.e.AbstractTransferListenerAdapter - Downloaded https://oss.jfrog.org/oss-snapshot-local/io/micrometer/micrometer-tracing-bom/1.0.6/micrometer-tracing-bom-1.0.6.pom
2024-11-03 08:08:11,804 [Worker-379: Building] INFO  o.e.m.c.i.e.AbstractTransferListenerAdapter - Downloading https://repo.maven.apache.org/maven2/io/micrometer/micrometer-tracing-bom/1.0.6/micrometer-tracing-bom-1.0.6.pom
2024-11-03 08:08:11,809 [Worker-379: Building] INFO  o.e.m.c.i.e.AbstractTransferListenerAdapter - Downloaded https://repo.maven.apache.org/maven2/io/micrometer/micrometer-tracing-bom/1.0.6/micrometer-tracing-bom-1.0.6.pom
2024-11-03 08:08:12,153 [Worker-379: Building] INFO  o.e.m.c.i.e.AbstractTransferListenerAdapter - Downloaded https://repo.spring.io/libs-snapshot-local/io/netty/netty-bom/4.1.92.Final/netty-bom-4.1.92.Final.pom
2024-11-03 08:08:12,462 [Worker-379: Building] INFO  o.e.m.c.i.e.AbstractTransferListenerAdapter - Downloaded https://repo.spring.io/libs-milestone-local/io/netty/netty-bom/4.1.92.Final/netty-bom-4.1.92.Final.pom
2024-11-03 08:08:12,700 [Worker-379: Building] INFO  o.e.m.c.i.e.AbstractTransferListenerAdapter - Downloaded https://repo.spring.io/release/io/netty/netty-bom/4.1.92.Final/netty-bom-4.1.92.Final.pom
2024-11-03 08:08:12,971 [Worker-379: Building] INFO  o.e.m.c.i.e.AbstractTransferListenerAdapter - Downloaded https://oss.jfrog.org/oss-snapshot-local/io/netty/netty-bom/4.1.92.Final/netty-bom-4.1.92.Final.pom
2024-11-03 08:08:13,221 [Worker-379: Building] INFO  o.e.m.c.i.e.AbstractTransferListenerAdapter - Downloading https://repo.maven.apache.org/maven2/io/netty/netty-bom/4.1.92.Final/netty-bom-4.1.92.Final.pom
2024-11-03 08:08:13,228 [Worker-379: Building] INFO  o.e.m.c.i.e.AbstractTransferListenerAdapter - Downloaded https://repo.maven.apache.org/maven2/io/netty/netty-bom/4.1.92.Final/netty-bom-4.1.92.Final.pom
2024-11-03 08:08:13,589 [Worker-379: Building] INFO  o.e.m.c.i.e.AbstractTransferListenerAdapter - Downloaded https://repo.spring.io/libs-snapshot-local/io/projectreactor/reactor-bom/2022.0.7/reactor-bom-2022.0.7.pom
2024-11-03 08:08:13,894 [Worker-379: Building] INFO  o.e.m.c.i.e.AbstractTransferListenerAdapter - Downloaded https://repo.spring.io/libs-milestone-local/io/projectreactor/reactor-bom/2022.0.7/reactor-bom-2022.0.7.pom
2024-11-03 08:08:14,200 [Worker-379: Building] INFO  o.e.m.c.i.e.AbstractTransferListenerAdapter - Downloaded https://repo.spring.io/release/io/projectreactor/reactor-bom/2022.0.7/reactor-bom-2022.0.7.pom
2024-11-03 08:08:14,508 [Worker-379: Building] INFO  o.e.m.c.i.e.AbstractTransferListenerAdapter - Downloaded https://oss.jfrog.org/oss-snapshot-local/io/projectreactor/reactor-bom/2022.0.7/reactor-bom-2022.0.7.pom
2024-11-03 08:08:14,565 [Worker-379: Building] INFO  o.e.m.c.i.e.AbstractTransferListenerAdapter - Downloading https://repo.maven.apache.org/maven2/io/projectreactor/reactor-bom/2022.0.7/reactor-bom-2022.0.7.pom
2024-11-03 08:08:14,566 [Worker-379: Building] INFO  o.e.m.c.i.e.AbstractTransferListenerAdapter - Downloaded https://repo.maven.apache.org/maven2/io/projectreactor/reactor-bom/2022.0.7/reactor-bom-2022.0.7.pom
2024-11-03 08:08:14,803 [Worker-379: Building] INFO  o.e.m.c.i.e.AbstractTransferListenerAdapter - Downloaded https://repo.spring.io/libs-snapshot-local/org/springframework/data/spring-data-bom/2022.0.6/spring-data-bom-2022.0.6.pom
2024-11-03 08:08:15,040 [Worker-379: Building] INFO  o.e.m.c.i.e.AbstractTransferListenerAdapter - Downloaded https://repo.spring.io/libs-milestone-local/org/springframework/data/spring-data-bom/2022.0.6/spring-data-bom-2022.0.6.pom
2024-11-03 08:08:15,327 [Worker-379: Building] INFO  o.e.m.c.i.e.AbstractTransferListenerAdapter - Downloaded https://repo.spring.io/release/org/springframework/data/spring-data-bom/2022.0.6/spring-data-bom-2022.0.6.pom
2024-11-03 08:08:15,636 [Worker-379: Building] INFO  o.e.m.c.i.e.AbstractTransferListenerAdapter - Downloaded https://oss.jfrog.org/oss-snapshot-local/org/springframework/data/spring-data-bom/2022.0.6/spring-data-bom-2022.0.6.pom
2024-11-03 08:08:15,693 [Worker-379: Building] INFO  o.e.m.c.i.e.AbstractTransferListenerAdapter - Downloading https://repo.maven.apache.org/maven2/org/springframework/data/spring-data-bom/2022.0.6/spring-data-bom-2022.0.6.pom
2024-11-03 08:08:15,697 [Worker-379: Building] INFO  o.e.m.c.i.e.AbstractTransferListenerAdapter - Downloaded https://repo.maven.apache.org/maven2/org/springframework/data/spring-data-bom/2022.0.6/spring-data-bom-2022.0.6.pom
2024-11-03 08:08:16,043 [Worker-379: Building] INFO  o.e.m.c.i.e.AbstractTransferListenerAdapter - Downloaded https://repo.spring.io/libs-snapshot-local/org/springframework/spring-framework-bom/6.0.9/spring-framework-bom-6.0.9.pom
2024-11-03 08:08:16,350 [Worker-379: Building] INFO  o.e.m.c.i.e.AbstractTransferListenerAdapter - Downloaded https://repo.spring.io/libs-milestone-local/org/springframework/spring-framework-bom/6.0.9/spring-framework-bom-6.0.9.pom
2024-11-03 08:08:16,659 [Worker-379: Building] INFO  o.e.m.c.i.e.AbstractTransferListenerAdapter - Downloaded https://repo.spring.io/release/org/springframework/spring-framework-bom/6.0.9/spring-framework-bom-6.0.9.pom
2024-11-03 08:08:16,955 [Worker-379: Building] INFO  o.e.m.c.i.e.AbstractTransferListenerAdapter - Downloaded https://oss.jfrog.org/oss-snapshot-local/org/springframework/spring-framework-bom/6.0.9/spring-framework-bom-6.0.9.pom
2024-11-03 08:08:17,013 [Worker-379: Building] INFO  o.e.m.c.i.e.AbstractTransferListenerAdapter - Downloading https://repo.maven.apache.org/maven2/org/springframework/spring-framework-bom/6.0.9/spring-framework-bom-6.0.9.pom
2024-11-03 08:08:17,017 [Worker-379: Building] INFO  o.e.m.c.i.e.AbstractTransferListenerAdapter - Downloaded https://repo.maven.apache.org/maven2/org/springframework/spring-framework-bom/6.0.9/spring-framework-bom-6.0.9.pom
2024-11-03 08:08:17,257 [Worker-379: Building] INFO  o.e.m.c.i.e.AbstractTransferListenerAdapter - Downloaded https://repo.spring.io/libs-snapshot-local/org/springframework/integration/spring-integration-bom/6.0.5/spring-integration-bom-6.0.5.pom
2024-11-03 08:08:17,578 [Worker-379: Building] INFO  o.e.m.c.i.e.AbstractTransferListenerAdapter - Downloaded https://repo.spring.io/libs-milestone-local/org/springframework/integration/spring-integration-bom/6.0.5/spring-integration-bom-6.0.5.pom
2024-11-03 08:08:17,886 [Worker-379: Building] INFO  o.e.m.c.i.e.AbstractTransferListenerAdapter - Downloaded https://repo.spring.io/release/org/springframework/integration/spring-integration-bom/6.0.5/spring-integration-bom-6.0.5.pom
2024-11-03 08:08:18,195 [Worker-379: Building] INFO  o.e.m.c.i.e.AbstractTransferListenerAdapter - Downloaded https://oss.jfrog.org/oss-snapshot-local/org/springframework/integration/spring-integration-bom/6.0.5/spring-integration-bom-6.0.5.pom
2024-11-03 08:08:18,254 [Worker-379: Building] INFO  o.e.m.c.i.e.AbstractTransferListenerAdapter - Downloading https://repo.maven.apache.org/maven2/org/springframework/integration/spring-integration-bom/6.0.5/spring-integration-bom-6.0.5.pom
2024-11-03 08:08:18,258 [Worker-379: Building] INFO  o.e.m.c.i.e.AbstractTransferListenerAdapter - Downloaded https://repo.maven.apache.org/maven2/org/springframework/integration/spring-integration-bom/6.0.5/spring-integration-bom-6.0.5.pom
2024-11-03 08:08:18,603 [Worker-379: Building] INFO  o.e.m.c.i.e.AbstractTransferListenerAdapter - Downloaded https://repo.spring.io/libs-snapshot-local/org/springframework/security/spring-security-bom/6.0.3/spring-security-bom-6.0.3.pom
2024-11-03 08:08:18,911 [Worker-379: Building] INFO  o.e.m.c.i.e.AbstractTransferListenerAdapter - Downloaded https://repo.spring.io/libs-milestone-local/org/springframework/security/spring-security-bom/6.0.3/spring-security-bom-6.0.3.pom
2024-11-03 08:08:19,218 [Worker-379: Building] INFO  o.e.m.c.i.e.AbstractTransferListenerAdapter - Downloaded https://repo.spring.io/release/org/springframework/security/spring-security-bom/6.0.3/spring-security-bom-6.0.3.pom
2024-11-03 08:08:19,527 [Worker-379: Building] INFO  o.e.m.c.i.e.AbstractTransferListenerAdapter - Downloaded https://oss.jfrog.org/oss-snapshot-local/org/springframework/security/spring-security-bom/6.0.3/spring-security-bom-6.0.3.pom
2024-11-03 08:08:19,776 [Worker-379: Building] INFO  o.e.m.c.i.e.AbstractTransferListenerAdapter - Downloading https://repo.maven.apache.org/maven2/org/springframework/security/spring-security-bom/6.0.3/spring-security-bom-6.0.3.pom
2024-11-03 08:08:19,783 [Worker-379: Building] INFO  o.e.m.c.i.e.AbstractTransferListenerAdapter - Downloaded https://repo.maven.apache.org/maven2/org/springframework/security/spring-security-bom/6.0.3/spring-security-bom-6.0.3.pom
2024-11-03 08:08:20,140 [Worker-379: Building] INFO  o.e.m.c.i.e.AbstractTransferListenerAdapter - Downloaded https://repo.spring.io/libs-snapshot-local/org/springframework/session/spring-session-bom/3.0.1/spring-session-bom-3.0.1.pom
2024-11-03 08:08:20,447 [Worker-379: Building] INFO  o.e.m.c.i.e.AbstractTransferListenerAdapter - Downloaded https://repo.spring.io/libs-milestone-local/org/springframework/session/spring-session-bom/3.0.1/spring-session-bom-3.0.1.pom
2024-11-03 08:08:20,759 [Worker-379: Building] INFO  o.e.m.c.i.e.AbstractTransferListenerAdapter - Downloaded https://repo.spring.io/release/org/springframework/session/spring-session-bom/3.0.1/spring-session-bom-3.0.1.pom
2024-11-03 08:08:21,062 [Worker-379: Building] INFO  o.e.m.c.i.e.AbstractTransferListenerAdapter - Downloaded https://oss.jfrog.org/oss-snapshot-local/org/springframework/session/spring-session-bom/3.0.1/spring-session-bom-3.0.1.pom
2024-11-03 08:08:21,120 [Worker-379: Building] INFO  o.e.m.c.i.e.AbstractTransferListenerAdapter - Downloading https://repo.maven.apache.org/maven2/org/springframework/session/spring-session-bom/3.0.1/spring-session-bom-3.0.1.pom
2024-11-03 08:08:21,124 [Worker-379: Building] INFO  o.e.m.c.i.e.AbstractTransferListenerAdapter - Downloaded https://repo.maven.apache.org/maven2/org/springframework/session/spring-session-bom/3.0.1/spring-session-bom-3.0.1.pom
2024-11-03 08:08:21,474 [Worker-379: Building] INFO  o.e.m.c.i.e.AbstractTransferListenerAdapter - Downloaded https://repo.spring.io/libs-snapshot-local/org/springframework/ws/spring-ws-bom/4.0.4/spring-ws-bom-4.0.4.pom
2024-11-03 08:08:21,779 [Worker-379: Building] INFO  o.e.m.c.i.e.AbstractTransferListenerAdapter - Downloaded https://repo.spring.io/libs-milestone-local/org/springframework/ws/spring-ws-bom/4.0.4/spring-ws-bom-4.0.4.pom
2024-11-03 08:08:22,085 [Worker-379: Building] INFO  o.e.m.c.i.e.AbstractTransferListenerAdapter - Downloaded https://repo.spring.io/release/org/springframework/ws/spring-ws-bom/4.0.4/spring-ws-bom-4.0.4.pom
2024-11-03 08:08:22,330 [Worker-379: Building] INFO  o.e.m.c.i.e.AbstractTransferListenerAdapter - Downloaded https://oss.jfrog.org/oss-snapshot-local/org/springframework/ws/spring-ws-bom/4.0.4/spring-ws-bom-4.0.4.pom
2024-11-03 08:08:22,384 [Worker-379: Building] INFO  o.e.m.c.i.e.AbstractTransferListenerAdapter - Downloading https://repo.maven.apache.org/maven2/org/springframework/ws/spring-ws-bom/4.0.4/spring-ws-bom-4.0.4.pom
2024-11-03 08:08:22,389 [Worker-379: Building] INFO  o.e.m.c.i.e.AbstractTransferListenerAdapter - Downloaded https://repo.maven.apache.org/maven2/org/springframework/ws/spring-ws-bom/4.0.4/spring-ws-bom-4.0.4.pom
2024-11-03 08:08:22,654 [Worker-379: Building] INFO  o.e.m.c.i.e.AbstractTransferListenerAdapter - Downloading https://repo.maven.apache.org/maven2/org/springframework/cloud/spring-cloud-stream-binder-rabbit/4.0.3/spring-cloud-stream-binder-rabbit-4.0.3.pom
2024-11-03 08:08:22,658 [Worker-379: Building] INFO  o.e.m.c.i.e.AbstractTransferListenerAdapter - Downloaded https://repo.maven.apache.org/maven2/org/springframework/cloud/spring-cloud-stream-binder-rabbit/4.0.3/spring-cloud-stream-binder-rabbit-4.0.3.pom
2024-11-03 08:08:22,926 [Worker-379: Building] INFO  o.e.m.c.i.e.AbstractTransferListenerAdapter - Downloading https://repo.maven.apache.org/maven2/org/springframework/cloud/spring-cloud-stream-binder-rabbit-core/4.0.3/spring-cloud-stream-binder-rabbit-core-4.0.3.pom
2024-11-03 08:08:22,927 [Worker-379: Building] INFO  o.e.m.c.i.e.AbstractTransferListenerAdapter - Downloaded https://repo.maven.apache.org/maven2/org/springframework/cloud/spring-cloud-stream-binder-rabbit-core/4.0.3/spring-cloud-stream-binder-rabbit-core-4.0.3.pom
2024-11-03 08:08:23,182 [Worker-379: Building] INFO  o.e.m.c.i.e.AbstractTransferListenerAdapter - Downloading https://repo.maven.apache.org/maven2/org/springframework/cloud/spring-cloud-stream/4.0.3/spring-cloud-stream-4.0.3.pom
2024-11-03 08:08:23,184 [Worker-379: Building] INFO  o.e.m.c.i.e.AbstractTransferListenerAdapter - Downloaded https://repo.maven.apache.org/maven2/org/springframework/cloud/spring-cloud-stream/4.0.3/spring-cloud-stream-4.0.3.pom
2024-11-03 08:08:23,238 [Worker-379: Building] INFO  o.e.m.c.i.e.AbstractTransferListenerAdapter - Downloading https://repo.maven.apache.org/maven2/org/springframework/cloud/spring-cloud-stream-core/4.0.3/spring-cloud-stream-core-4.0.3.pom
2024-11-03 08:08:23,239 [Worker-379: Building] INFO  o.e.m.c.i.e.AbstractTransferListenerAdapter - Downloaded https://repo.maven.apache.org/maven2/org/springframework/cloud/spring-cloud-stream-core/4.0.3/spring-cloud-stream-core-4.0.3.pom
2024-11-03 08:08:23,493 [Worker-379: Building] INFO  o.e.m.c.i.e.AbstractTransferListenerAdapter - Downloading https://repo.maven.apache.org/maven2/org/springframework/integration/spring-integration-core/6.3.5/spring-integration-core-6.3.5.pom
2024-11-03 08:08:23,497 [Worker-379: Building] INFO  o.e.m.c.i.e.AbstractTransferListenerAdapter - Downloaded https://repo.maven.apache.org/maven2/org/springframework/integration/spring-integration-core/6.3.5/spring-integration-core-6.3.5.pom
2024-11-03 08:08:23,560 [Worker-379: Building] INFO  o.e.m.c.i.e.AbstractTransferListenerAdapter - Downloading https://repo.maven.apache.org/maven2/org/springframework/retry/spring-retry/2.0.10/spring-retry-2.0.10.pom
2024-11-03 08:08:23,563 [Worker-379: Building] INFO  o.e.m.c.i.e.AbstractTransferListenerAdapter - Downloaded https://repo.maven.apache.org/maven2/org/springframework/retry/spring-retry/2.0.10/spring-retry-2.0.10.pom
2024-11-03 08:08:23,627 [Worker-379: Building] INFO  o.e.m.c.i.e.AbstractTransferListenerAdapter - Downloading https://repo.maven.apache.org/maven2/org/springframework/spring-framework-bom/6.0.23/spring-framework-bom-6.0.23.pom
2024-11-03 08:08:23,628 [Worker-379: Building] INFO  o.e.m.c.i.e.AbstractTransferListenerAdapter - Downloaded https://repo.maven.apache.org/maven2/org/springframework/spring-framework-bom/6.0.23/spring-framework-bom-6.0.23.pom
2024-11-03 08:08:23,685 [Worker-379: Building] INFO  o.e.m.c.i.e.AbstractTransferListenerAdapter - Downloading https://repo.maven.apache.org/maven2/org/apache/logging/log4j/log4j-bom/2.24.1/log4j-bom-2.24.1.pom
2024-11-03 08:08:23,687 [Worker-379: Building] INFO  o.e.m.c.i.e.AbstractTransferListenerAdapter - Downloaded https://repo.maven.apache.org/maven2/org/apache/logging/log4j/log4j-bom/2.24.1/log4j-bom-2.24.1.pom
2024-11-03 08:08:23,744 [Worker-379: Building] INFO  o.e.m.c.i.e.AbstractTransferListenerAdapter - Downloading https://repo.maven.apache.org/maven2/org/apache/logging/logging-parent/11.3.0/logging-parent-11.3.0.pom
2024-11-03 08:08:23,753 [Worker-379: Building] INFO  o.e.m.c.i.e.AbstractTransferListenerAdapter - Downloaded https://repo.maven.apache.org/maven2/org/apache/logging/logging-parent/11.3.0/logging-parent-11.3.0.pom
2024-11-03 08:08:23,818 [Worker-379: Building] INFO  o.e.m.c.i.e.AbstractTransferListenerAdapter - Downloading https://repo.maven.apache.org/maven2/org/junit/junit-bom/5.11.2/junit-bom-5.11.2.pom
2024-11-03 08:08:23,821 [Worker-379: Building] INFO  o.e.m.c.i.e.AbstractTransferListenerAdapter - Downloaded https://repo.maven.apache.org/maven2/org/junit/junit-bom/5.11.2/junit-bom-5.11.2.pom
2024-11-03 08:08:23,876 [Worker-379: Building] INFO  o.e.m.c.i.e.AbstractTransferListenerAdapter - Downloading https://repo.maven.apache.org/maven2/org/springframework/integration/spring-integration-jmx/6.3.5/spring-integration-jmx-6.3.5.pom
2024-11-03 08:08:23,879 [Worker-379: Building] INFO  o.e.m.c.i.e.AbstractTransferListenerAdapter - Downloaded https://repo.maven.apache.org/maven2/org/springframework/integration/spring-integration-jmx/6.3.5/spring-integration-jmx-6.3.5.pom
2024-11-03 08:08:23,968 [Worker-379: Building] INFO  o.e.m.c.i.e.AbstractTransferListenerAdapter - Downloading https://repo.maven.apache.org/maven2/org/springframework/cloud/spring-cloud-function-context/4.0.3/spring-cloud-function-context-4.0.3.pom
2024-11-03 08:08:23,971 [Worker-379: Building] INFO  o.e.m.c.i.e.AbstractTransferListenerAdapter - Downloaded https://repo.maven.apache.org/maven2/org/springframework/cloud/spring-cloud-function-context/4.0.3/spring-cloud-function-context-4.0.3.pom
2024-11-03 08:08:24,226 [Worker-379: Building] INFO  o.e.m.c.i.e.AbstractTransferListenerAdapter - Downloading https://repo.maven.apache.org/maven2/org/springframework/cloud/spring-cloud-function-parent/4.0.3/spring-cloud-function-parent-4.0.3.pom
2024-11-03 08:08:24,231 [Worker-379: Building] INFO  o.e.m.c.i.e.AbstractTransferListenerAdapter - Downloaded https://repo.maven.apache.org/maven2/org/springframework/cloud/spring-cloud-function-parent/4.0.3/spring-cloud-function-parent-4.0.3.pom
2024-11-03 08:08:24,520 [Worker-379: Building] INFO  o.e.m.c.i.e.AbstractTransferListenerAdapter - Downloading https://repo.maven.apache.org/maven2/net/jodah/typetools/0.6.2/typetools-0.6.2.pom
2024-11-03 08:08:24,528 [Worker-379: Building] INFO  o.e.m.c.i.e.AbstractTransferListenerAdapter - Downloaded https://repo.maven.apache.org/maven2/net/jodah/typetools/0.6.2/typetools-0.6.2.pom
2024-11-03 08:08:24,590 [Worker-379: Building] INFO  o.e.m.c.i.e.AbstractTransferListenerAdapter - Downloading https://repo.maven.apache.org/maven2/org/springframework/cloud/spring-cloud-function-core/4.0.3/spring-cloud-function-core-4.0.3.pom
2024-11-03 08:08:24,595 [Worker-379: Building] INFO  o.e.m.c.i.e.AbstractTransferListenerAdapter - Downloaded https://repo.maven.apache.org/maven2/org/springframework/cloud/spring-cloud-function-core/4.0.3/spring-cloud-function-core-4.0.3.pom
2024-11-03 08:08:24,663 [Worker-379: Building] INFO  o.e.m.c.i.e.AbstractTransferListenerAdapter - Downloading https://repo.maven.apache.org/maven2/org/jetbrains/kotlin/kotlin-stdlib-jdk8/1.9.25/kotlin-stdlib-jdk8-1.9.25.pom
2024-11-03 08:08:24,664 [Worker-379: Building] INFO  o.e.m.c.i.e.AbstractTransferListenerAdapter - Downloaded https://repo.maven.apache.org/maven2/org/jetbrains/kotlin/kotlin-stdlib-jdk8/1.9.25/kotlin-stdlib-jdk8-1.9.25.pom
2024-11-03 08:08:24,718 [Worker-379: Building] INFO  o.e.m.c.i.e.AbstractTransferListenerAdapter - Downloading https://repo.maven.apache.org/maven2/org/jetbrains/kotlin/kotlin-stdlib/1.9.25/kotlin-stdlib-1.9.25.pom
2024-11-03 08:08:24,719 [Worker-379: Building] INFO  o.e.m.c.i.e.AbstractTransferListenerAdapter - Downloaded https://repo.maven.apache.org/maven2/org/jetbrains/kotlin/kotlin-stdlib/1.9.25/kotlin-stdlib-1.9.25.pom
2024-11-03 08:08:24,776 [Worker-379: Building] INFO  o.e.m.c.i.e.AbstractTransferListenerAdapter - Downloading https://repo.maven.apache.org/maven2/org/jetbrains/annotations/13.0/annotations-13.0.pom
2024-11-03 08:08:24,778 [Worker-379: Building] INFO  o.e.m.c.i.e.AbstractTransferListenerAdapter - Downloaded https://repo.maven.apache.org/maven2/org/jetbrains/annotations/13.0/annotations-13.0.pom
2024-11-03 08:08:24,832 [Worker-379: Building] INFO  o.e.m.c.i.e.AbstractTransferListenerAdapter - Downloading https://repo.maven.apache.org/maven2/org/jetbrains/kotlin/kotlin-stdlib-jdk7/1.9.25/kotlin-stdlib-jdk7-1.9.25.pom
2024-11-03 08:08:24,833 [Worker-379: Building] INFO  o.e.m.c.i.e.AbstractTransferListenerAdapter - Downloaded https://repo.maven.apache.org/maven2/org/jetbrains/kotlin/kotlin-stdlib-jdk7/1.9.25/kotlin-stdlib-jdk7-1.9.25.pom
2024-11-03 08:08:24,888 [Worker-379: Building] INFO  o.e.m.c.i.e.AbstractTransferListenerAdapter - Downloading https://repo.maven.apache.org/maven2/org/springframework/boot/spring-boot-starter-amqp/3.3.5/spring-boot-starter-amqp-3.3.5.pom
2024-11-03 08:08:24,890 [Worker-379: Building] INFO  o.e.m.c.i.e.AbstractTransferListenerAdapter - Downloaded https://repo.maven.apache.org/maven2/org/springframework/boot/spring-boot-starter-amqp/3.3.5/spring-boot-starter-amqp-3.3.5.pom
2024-11-03 08:08:24,945 [Worker-379: Building] INFO  o.e.m.c.i.e.AbstractTransferListenerAdapter - Downloading https://repo.maven.apache.org/maven2/org/springframework/amqp/spring-rabbit/3.1.7/spring-rabbit-3.1.7.pom
2024-11-03 08:08:24,946 [Worker-379: Building] INFO  o.e.m.c.i.e.AbstractTransferListenerAdapter - Downloaded https://repo.maven.apache.org/maven2/org/springframework/amqp/spring-rabbit/3.1.7/spring-rabbit-3.1.7.pom
2024-11-03 08:08:25,002 [Worker-379: Building] INFO  o.e.m.c.i.e.AbstractTransferListenerAdapter - Downloading https://repo.maven.apache.org/maven2/org/springframework/amqp/spring-amqp/3.1.7/spring-amqp-3.1.7.pom
2024-11-03 08:08:25,003 [Worker-379: Building] INFO  o.e.m.c.i.e.AbstractTransferListenerAdapter - Downloaded https://repo.maven.apache.org/maven2/org/springframework/amqp/spring-amqp/3.1.7/spring-amqp-3.1.7.pom
2024-11-03 08:08:25,060 [Worker-379: Building] INFO  o.e.m.c.i.e.AbstractTransferListenerAdapter - Downloading https://repo.maven.apache.org/maven2/com/rabbitmq/amqp-client/5.21.0/amqp-client-5.21.0.pom
2024-11-03 08:08:25,062 [Worker-379: Building] INFO  o.e.m.c.i.e.AbstractTransferListenerAdapter - Downloaded https://repo.maven.apache.org/maven2/com/rabbitmq/amqp-client/5.21.0/amqp-client-5.21.0.pom
2024-11-03 08:08:25,272 [Worker-379: Building] INFO  o.e.m.c.i.e.AbstractTransferListenerAdapter - Downloading https://repo.maven.apache.org/maven2/org/springframework/integration/spring-integration-amqp/6.3.5/spring-integration-amqp-6.3.5.pom
2024-11-03 08:08:25,294 [Worker-379: Building] INFO  o.e.m.c.i.e.AbstractTransferListenerAdapter - Downloaded https://repo.maven.apache.org/maven2/org/springframework/integration/spring-integration-amqp/6.3.5/spring-integration-amqp-6.3.5.pom
2024-11-03 08:08:25,757 [Worker-379: Building] INFO  o.e.m.c.i.e.AbstractTransferListenerAdapter - Downloading https://repo.maven.apache.org/maven2/org/mockito/mockito-core/4.8.1/mockito-core-4.8.1.pom
2024-11-03 08:08:25,761 [Worker-379: Building] INFO  o.e.m.c.i.e.AbstractTransferListenerAdapter - Downloaded https://repo.maven.apache.org/maven2/org/mockito/mockito-core/4.8.1/mockito-core-4.8.1.pom
2024-11-03 08:08:25,821 [Worker-379: Building] INFO  o.e.m.c.i.e.AbstractTransferListenerAdapter - Downloading https://repo.maven.apache.org/maven2/org/mockito/mockito-junit-jupiter/4.8.1/mockito-junit-jupiter-4.8.1.pom
2024-11-03 08:08:25,822 [Worker-379: Building] INFO  o.e.m.c.i.e.AbstractTransferListenerAdapter - Downloaded https://repo.maven.apache.org/maven2/org/mockito/mockito-junit-jupiter/4.8.1/mockito-junit-jupiter-4.8.1.pom
2024-11-03 08:08:25,886 [Worker-379: Building] INFO  o.e.m.c.i.e.AbstractTransferListenerAdapter - Downloading https://repo.maven.apache.org/maven2/org/mapstruct/mapstruct/1.5.2.Final/mapstruct-1.5.2.Final.pom
2024-11-03 08:08:25,887 [Worker-379: Building] INFO  o.e.m.c.i.e.AbstractTransferListenerAdapter - Downloaded https://repo.maven.apache.org/maven2/org/mapstruct/mapstruct/1.5.2.Final/mapstruct-1.5.2.Final.pom
2024-11-03 08:08:25,945 [Worker-379: Building] INFO  o.e.m.c.i.e.AbstractTransferListenerAdapter - Downloading https://repo.maven.apache.org/maven2/org/mapstruct/mapstruct-parent/1.5.2.Final/mapstruct-parent-1.5.2.Final.pom
2024-11-03 08:08:25,946 [Worker-379: Building] INFO  o.e.m.c.i.e.AbstractTransferListenerAdapter - Downloaded https://repo.maven.apache.org/maven2/org/mapstruct/mapstruct-parent/1.5.2.Final/mapstruct-parent-1.5.2.Final.pom
2024-11-03 08:08:26,006 [Worker-379: Building] INFO  o.e.m.c.i.e.AbstractTransferListenerAdapter - Downloading https://repo.maven.apache.org/maven2/org/mapstruct/mapstruct-processor/1.5.2.Final/mapstruct-processor-1.5.2.Final.pom
2024-11-03 08:08:26,008 [Worker-379: Building] INFO  o.e.m.c.i.e.AbstractTransferListenerAdapter - Downloaded https://repo.maven.apache.org/maven2/org/mapstruct/mapstruct-processor/1.5.2.Final/mapstruct-processor-1.5.2.Final.pom
2024-11-03 08:08:26,272 [Worker-379: Building] INFO  o.e.m.c.i.e.AbstractTransferListenerAdapter - Downloaded https://repo.maven.apache.org/maven2/io/jsonwebtoken/jjwt/0.11.5/jjwt-0.11.5.jar
2024-11-03 08:08:26,434 [BasicRepositoryConnector-repo.maven.apache.org-4-4] INFO  o.e.m.c.i.e.AbstractTransferListenerAdapter - Downloading https://repo.maven.apache.org/maven2/org/springframework/retry/spring-retry/2.0.10/spring-retry-2.0.10.jar
2024-11-03 08:08:26,532 [BasicRepositoryConnector-repo.maven.apache.org-4-2] INFO  o.e.m.c.i.e.AbstractTransferListenerAdapter - Downloading https://repo.maven.apache.org/maven2/org/springframework/cloud/spring-cloud-stream-binder-rabbit-core/4.0.3/spring-cloud-stream-binder-rabbit-core-4.0.3.jar
2024-11-03 08:08:26,534 [BasicRepositoryConnector-repo.maven.apache.org-4-1] INFO  o.e.m.c.i.e.AbstractTransferListenerAdapter - Downloading https://repo.maven.apache.org/maven2/org/springframework/cloud/spring-cloud-stream-binder-rabbit/4.0.3/spring-cloud-stream-binder-rabbit-4.0.3.jar
2024-11-03 08:08:26,541 [BasicRepositoryConnector-repo.maven.apache.org-4-2] INFO  o.e.m.c.i.e.AbstractTransferListenerAdapter - Downloaded https://repo.maven.apache.org/maven2/org/springframework/cloud/spring-cloud-stream-binder-rabbit-core/4.0.3/spring-cloud-stream-binder-rabbit-core-4.0.3.jar
2024-11-03 08:08:26,547 [BasicRepositoryConnector-repo.maven.apache.org-4-4] INFO  o.e.m.c.i.e.AbstractTransferListenerAdapter - Downloaded https://repo.maven.apache.org/maven2/org/springframework/retry/spring-retry/2.0.10/spring-retry-2.0.10.jar
2024-11-03 08:08:26,591 [BasicRepositoryConnector-repo.maven.apache.org-4-1] INFO  o.e.m.c.i.e.AbstractTransferListenerAdapter - Downloaded https://repo.maven.apache.org/maven2/org/springframework/cloud/spring-cloud-stream-binder-rabbit/4.0.3/spring-cloud-stream-binder-rabbit-4.0.3.jar
2024-11-03 08:08:26,596 [BasicRepositoryConnector-repo.maven.apache.org-4-2] INFO  o.e.m.c.i.e.AbstractTransferListenerAdapter - Downloading https://repo.maven.apache.org/maven2/org/springframework/cloud/spring-cloud-function-context/4.0.3/spring-cloud-function-context-4.0.3.jar
2024-11-03 08:08:26,601 [BasicRepositoryConnector-repo.maven.apache.org-4-4] INFO  o.e.m.c.i.e.AbstractTransferListenerAdapter - Downloading https://repo.maven.apache.org/maven2/net/jodah/typetools/0.6.2/typetools-0.6.2.jar
2024-11-03 08:08:26,605 [BasicRepositoryConnector-repo.maven.apache.org-4-4] INFO  o.e.m.c.i.e.AbstractTransferListenerAdapter - Downloaded https://repo.maven.apache.org/maven2/net/jodah/typetools/0.6.2/typetools-0.6.2.jar
2024-11-03 08:08:26,617 [BasicRepositoryConnector-repo.maven.apache.org-4-2] INFO  o.e.m.c.i.e.AbstractTransferListenerAdapter - Downloaded https://repo.maven.apache.org/maven2/org/springframework/cloud/spring-cloud-function-context/4.0.3/spring-cloud-function-context-4.0.3.jar
2024-11-03 08:08:26,632 [BasicRepositoryConnector-repo.maven.apache.org-4-0] INFO  o.e.m.c.i.e.AbstractTransferListenerAdapter - Downloading https://repo.maven.apache.org/maven2/org/springframework/cloud/spring-cloud-starter-stream-rabbit/4.0.3/spring-cloud-starter-stream-rabbit-4.0.3.jar
2024-11-03 08:08:26,633 [BasicRepositoryConnector-repo.maven.apache.org-4-0] INFO  o.e.m.c.i.e.AbstractTransferListenerAdapter - Downloaded https://repo.maven.apache.org/maven2/org/springframework/cloud/spring-cloud-starter-stream-rabbit/4.0.3/spring-cloud-starter-stream-rabbit-4.0.3.jar
2024-11-03 08:08:26,642 [BasicRepositoryConnector-repo.maven.apache.org-4-3] INFO  o.e.m.c.i.e.AbstractTransferListenerAdapter - Downloading https://repo.maven.apache.org/maven2/org/springframework/cloud/spring-cloud-stream/4.0.3/spring-cloud-stream-4.0.3.jar
2024-11-03 08:08:26,644 [BasicRepositoryConnector-repo.maven.apache.org-4-1] INFO  o.e.m.c.i.e.AbstractTransferListenerAdapter - Downloading https://repo.maven.apache.org/maven2/org/springframework/cloud/spring-cloud-function-core/4.0.3/spring-cloud-function-core-4.0.3.jar
2024-11-03 08:08:26,645 [BasicRepositoryConnector-repo.maven.apache.org-4-1] INFO  o.e.m.c.i.e.AbstractTransferListenerAdapter - Downloaded https://repo.maven.apache.org/maven2/org/springframework/cloud/spring-cloud-function-core/4.0.3/spring-cloud-function-core-4.0.3.jar
2024-11-03 08:08:26,656 [BasicRepositoryConnector-repo.maven.apache.org-4-4] INFO  o.e.m.c.i.e.AbstractTransferListenerAdapter - Downloading https://repo.maven.apache.org/maven2/org/jetbrains/kotlin/kotlin-stdlib-jdk8/1.9.25/kotlin-stdlib-jdk8-1.9.25.jar
2024-11-03 08:08:26,657 [BasicRepositoryConnector-repo.maven.apache.org-4-4] INFO  o.e.m.c.i.e.AbstractTransferListenerAdapter - Downloaded https://repo.maven.apache.org/maven2/org/jetbrains/kotlin/kotlin-stdlib-jdk8/1.9.25/kotlin-stdlib-jdk8-1.9.25.jar
2024-11-03 08:08:26,673 [BasicRepositoryConnector-repo.maven.apache.org-4-2] INFO  o.e.m.c.i.e.AbstractTransferListenerAdapter - Downloading https://repo.maven.apache.org/maven2/org/jetbrains/kotlin/kotlin-stdlib/1.9.25/kotlin-stdlib-1.9.25.jar
2024-11-03 08:08:26,685 [BasicRepositoryConnector-repo.maven.apache.org-4-0] INFO  o.e.m.c.i.e.AbstractTransferListenerAdapter - Downloading https://repo.maven.apache.org/maven2/org/jetbrains/annotations/13.0/annotations-13.0.jar
2024-11-03 08:08:26,712 [BasicRepositoryConnector-repo.maven.apache.org-4-1] INFO  o.e.m.c.i.e.AbstractTransferListenerAdapter - Downloading https://repo.maven.apache.org/maven2/org/jetbrains/kotlin/kotlin-stdlib-jdk7/1.9.25/kotlin-stdlib-jdk7-1.9.25.jar
2024-11-03 08:08:26,715 [BasicRepositoryConnector-repo.maven.apache.org-4-4] INFO  o.e.m.c.i.e.AbstractTransferListenerAdapter - Downloading https://repo.maven.apache.org/maven2/org/springframework/boot/spring-boot-starter-amqp/3.3.5/spring-boot-starter-amqp-3.3.5.jar
2024-11-03 08:08:26,718 [BasicRepositoryConnector-repo.maven.apache.org-4-0] INFO  o.e.m.c.i.e.AbstractTransferListenerAdapter - Downloaded https://repo.maven.apache.org/maven2/org/jetbrains/annotations/13.0/annotations-13.0.jar
2024-11-03 08:08:26,721 [BasicRepositoryConnector-repo.maven.apache.org-4-4] INFO  o.e.m.c.i.e.AbstractTransferListenerAdapter - Downloaded https://repo.maven.apache.org/maven2/org/springframework/boot/spring-boot-starter-amqp/3.3.5/spring-boot-starter-amqp-3.3.5.jar
2024-11-03 08:08:26,721 [BasicRepositoryConnector-repo.maven.apache.org-4-1] INFO  o.e.m.c.i.e.AbstractTransferListenerAdapter - Downloaded https://repo.maven.apache.org/maven2/org/jetbrains/kotlin/kotlin-stdlib-jdk7/1.9.25/kotlin-stdlib-jdk7-1.9.25.jar
2024-11-03 08:08:26,774 [BasicRepositoryConnector-repo.maven.apache.org-4-4] INFO  o.e.m.c.i.e.AbstractTransferListenerAdapter - Downloading https://repo.maven.apache.org/maven2/org/springframework/amqp/spring-amqp/3.1.7/spring-amqp-3.1.7.jar
2024-11-03 08:08:26,776 [BasicRepositoryConnector-repo.maven.apache.org-4-1] INFO  o.e.m.c.i.e.AbstractTransferListenerAdapter - Downloading https://repo.maven.apache.org/maven2/com/rabbitmq/amqp-client/5.21.0/amqp-client-5.21.0.jar
2024-11-03 08:08:26,879 [BasicRepositoryConnector-repo.maven.apache.org-4-3] INFO  o.e.m.c.i.e.AbstractTransferListenerAdapter - Downloaded https://repo.maven.apache.org/maven2/org/springframework/cloud/spring-cloud-stream/4.0.3/spring-cloud-stream-4.0.3.jar
2024-11-03 08:08:26,898 [BasicRepositoryConnector-repo.maven.apache.org-4-0] INFO  o.e.m.c.i.e.AbstractTransferListenerAdapter - Downloading https://repo.maven.apache.org/maven2/org/springframework/amqp/spring-rabbit/3.1.7/spring-rabbit-3.1.7.jar
2024-11-03 08:08:27,039 [BasicRepositoryConnector-repo.maven.apache.org-4-0] INFO  o.e.m.c.i.e.AbstractTransferListenerAdapter - Downloaded https://repo.maven.apache.org/maven2/org/springframework/amqp/spring-rabbit/3.1.7/spring-rabbit-3.1.7.jar
2024-11-03 08:08:27,093 [BasicRepositoryConnector-repo.maven.apache.org-4-0] INFO  o.e.m.c.i.e.AbstractTransferListenerAdapter - Downloading https://repo.maven.apache.org/maven2/org/springframework/integration/spring-integration-core/6.3.5/spring-integration-core-6.3.5.jar
2024-11-03 08:08:27,189 [BasicRepositoryConnector-repo.maven.apache.org-4-4] INFO  o.e.m.c.i.e.AbstractTransferListenerAdapter - Downloaded https://repo.maven.apache.org/maven2/org/springframework/amqp/spring-amqp/3.1.7/spring-amqp-3.1.7.jar
2024-11-03 08:08:27,243 [BasicRepositoryConnector-repo.maven.apache.org-4-4] INFO  o.e.m.c.i.e.AbstractTransferListenerAdapter - Downloading https://repo.maven.apache.org/maven2/org/springframework/integration/spring-integration-jmx/6.3.5/spring-integration-jmx-6.3.5.jar
2024-11-03 08:08:27,264 [BasicRepositoryConnector-repo.maven.apache.org-4-2] INFO  o.e.m.c.i.e.AbstractTransferListenerAdapter - Downloaded https://repo.maven.apache.org/maven2/org/jetbrains/kotlin/kotlin-stdlib/1.9.25/kotlin-stdlib-1.9.25.jar
2024-11-03 08:08:27,371 [BasicRepositoryConnector-repo.maven.apache.org-4-2] INFO  o.e.m.c.i.e.AbstractTransferListenerAdapter - Downloading https://repo.maven.apache.org/maven2/org/mockito/mockito-core/4.8.1/mockito-core-4.8.1.jar
2024-11-03 08:08:27,390 [BasicRepositoryConnector-repo.maven.apache.org-4-3] INFO  o.e.m.c.i.e.AbstractTransferListenerAdapter - Downloading https://repo.maven.apache.org/maven2/org/springframework/integration/spring-integration-amqp/6.3.5/spring-integration-amqp-6.3.5.jar
2024-11-03 08:08:27,456 [BasicRepositoryConnector-repo.maven.apache.org-4-3] INFO  o.e.m.c.i.e.AbstractTransferListenerAdapter - Downloaded https://repo.maven.apache.org/maven2/org/springframework/integration/spring-integration-amqp/6.3.5/spring-integration-amqp-6.3.5.jar
2024-11-03 08:08:27,484 [BasicRepositoryConnector-repo.maven.apache.org-4-0] INFO  o.e.m.c.i.e.AbstractTransferListenerAdapter - Downloaded https://repo.maven.apache.org/maven2/org/springframework/integration/spring-integration-core/6.3.5/spring-integration-core-6.3.5.jar
2024-11-03 08:08:27,509 [BasicRepositoryConnector-repo.maven.apache.org-4-3] INFO  o.e.m.c.i.e.AbstractTransferListenerAdapter - Downloading https://repo.maven.apache.org/maven2/org/mockito/mockito-junit-jupiter/4.8.1/mockito-junit-jupiter-4.8.1.jar
2024-11-03 08:08:27,514 [BasicRepositoryConnector-repo.maven.apache.org-4-3] INFO  o.e.m.c.i.e.AbstractTransferListenerAdapter - Downloaded https://repo.maven.apache.org/maven2/org/mockito/mockito-junit-jupiter/4.8.1/mockito-junit-jupiter-4.8.1.jar
2024-11-03 08:08:27,537 [BasicRepositoryConnector-repo.maven.apache.org-4-0] INFO  o.e.m.c.i.e.AbstractTransferListenerAdapter - Downloading https://repo.maven.apache.org/maven2/org/mapstruct/mapstruct/1.5.2.Final/mapstruct-1.5.2.Final.jar
2024-11-03 08:08:27,541 [BasicRepositoryConnector-repo.maven.apache.org-4-0] INFO  o.e.m.c.i.e.AbstractTransferListenerAdapter - Downloaded https://repo.maven.apache.org/maven2/org/mapstruct/mapstruct/1.5.2.Final/mapstruct-1.5.2.Final.jar
2024-11-03 08:08:27,562 [BasicRepositoryConnector-repo.maven.apache.org-4-2] INFO  o.e.m.c.i.e.AbstractTransferListenerAdapter - Downloaded https://repo.maven.apache.org/maven2/org/mockito/mockito-core/4.8.1/mockito-core-4.8.1.jar
2024-11-03 08:08:27,568 [BasicRepositoryConnector-repo.maven.apache.org-4-3] INFO  o.e.m.c.i.e.AbstractTransferListenerAdapter - Downloading https://repo.maven.apache.org/maven2/org/mapstruct/mapstruct-processor/1.5.2.Final/mapstruct-processor-1.5.2.Final.jar
2024-11-03 08:08:27,574 [BasicRepositoryConnector-repo.maven.apache.org-4-4] INFO  o.e.m.c.i.e.AbstractTransferListenerAdapter - Downloaded https://repo.maven.apache.org/maven2/org/springframework/integration/spring-integration-jmx/6.3.5/spring-integration-jmx-6.3.5.jar
2024-11-03 08:08:28,270 [BasicRepositoryConnector-repo.maven.apache.org-4-1] INFO  o.e.m.c.i.e.AbstractTransferListenerAdapter - Downloaded https://repo.maven.apache.org/maven2/com/rabbitmq/amqp-client/5.21.0/amqp-client-5.21.0.jar
2024-11-03 08:08:28,567 [BasicRepositoryConnector-repo.maven.apache.org-4-3] INFO  o.e.m.c.i.e.AbstractTransferListenerAdapter - Downloaded https://repo.maven.apache.org/maven2/org/mapstruct/mapstruct-processor/1.5.2.Final/mapstruct-processor-1.5.2.Final.jar
2024-11-03 08:08:28,700 [Worker-379: Building] INFO  o.e.m.c.i.l.LifecycleMappingFactory - Using org.eclipse.m2e.jdt.JarLifecycleMapping lifecycle mapping for MavenProject: com.trello:trello-user-service:0.0.1-SNAPSHOT @ /Users/bubul/Documents/workspace-spring-tool-suite-4-4.25.0.RELEASE/trello/trello-user-service/pom.xml.
2024-11-03 08:08:30,670 [Worker-374: Download sources and javadoc] INFO  o.e.m.c.i.e.AbstractTransferListenerAdapter - Downloaded https://repo.maven.apache.org/maven2/io/jsonwebtoken/jjwt/0.11.5/jjwt-0.11.5-sources.jar
2024-11-03 08:08:30,786 [Worker-374: Download sources and javadoc] ERROR o.e.m.j.internal.DownloadSourcesJob - Could not download sources for io.jsonwebtoken:jjwt:0.11.5
org.eclipse.core.runtime.CoreException: Could not resolve artifact io.jsonwebtoken:jjwt:jar:sources:0.11.5
	at org.eclipse.m2e.core.internal.embedder.MavenImpl.lambda$7(MavenImpl.java:540)
	at org.eclipse.m2e.core.internal.embedder.MavenExecutionContext.executeBare(MavenExecutionContext.java:458)
	at org.eclipse.m2e.core.internal.embedder.MavenExecutionContext.execute(MavenExecutionContext.java:292)
	at org.eclipse.m2e.core.internal.embedder.MavenExecutionContext.execute(MavenExecutionContext.java:278)
	at org.eclipse.m2e.core.internal.embedder.MavenImpl.resolve(MavenImpl.java:509)
	at org.eclipse.m2e.core.internal.embedder.MavenImpl.resolve(MavenImpl.java:494)
	at org.eclipse.m2e.jdt.internal.DownloadSourcesJob.download(DownloadSourcesJob.java:308)
	at org.eclipse.m2e.jdt.internal.DownloadSourcesJob.downloadAttachments(DownloadSourcesJob.java:282)
	at org.eclipse.m2e.jdt.internal.DownloadSourcesJob.downloadMaven(DownloadSourcesJob.java:252)
	at org.eclipse.m2e.jdt.internal.DownloadSourcesJob.downloadFilesAndPopulateToUpdate(DownloadSourcesJob.java:220)
	at org.eclipse.m2e.jdt.internal.DownloadSourcesJob.lambda$0(DownloadSourcesJob.java:149)
	at org.eclipse.m2e.core.internal.embedder.MavenExecutionContext.executeBare(MavenExecutionContext.java:458)
	at org.eclipse.m2e.core.internal.embedder.MavenExecutionContext.execute(MavenExecutionContext.java:339)
	at org.eclipse.m2e.core.internal.embedder.MavenExecutionContext.execute(MavenExecutionContext.java:278)
	at org.eclipse.m2e.core.embedder.IMaven.execute(IMaven.java:300)
	at org.eclipse.m2e.jdt.internal.DownloadSourcesJob.run(DownloadSourcesJob.java:149)
	at org.eclipse.core.internal.jobs.Worker.run(Worker.java:63)
2024-11-03 08:08:31,294 [Worker-374: Download sources and javadoc] INFO  o.e.m.c.i.e.AbstractTransferListenerAdapter - Downloaded https://repo.maven.apache.org/maven2/org/springframework/cloud/spring-cloud-starter-stream-rabbit/4.0.3/spring-cloud-starter-stream-rabbit-4.0.3-sources.jar
2024-11-03 08:08:31,309 [Worker-374: Download sources and javadoc] ERROR o.e.m.j.internal.DownloadSourcesJob - Could not download sources for org.springframework.cloud:spring-cloud-starter-stream-rabbit:4.0.3
org.eclipse.core.runtime.CoreException: Could not resolve artifact org.springframework.cloud:spring-cloud-starter-stream-rabbit:jar:sources:4.0.3
	at org.eclipse.m2e.core.internal.embedder.MavenImpl.lambda$7(MavenImpl.java:540)
	at org.eclipse.m2e.core.internal.embedder.MavenExecutionContext.executeBare(MavenExecutionContext.java:458)
	at org.eclipse.m2e.core.internal.embedder.MavenExecutionContext.execute(MavenExecutionContext.java:292)
	at org.eclipse.m2e.core.internal.embedder.MavenExecutionContext.execute(MavenExecutionContext.java:278)
	at org.eclipse.m2e.core.internal.embedder.MavenImpl.resolve(MavenImpl.java:509)
	at org.eclipse.m2e.core.internal.embedder.MavenImpl.resolve(MavenImpl.java:494)
	at org.eclipse.m2e.jdt.internal.DownloadSourcesJob.download(DownloadSourcesJob.java:308)
	at org.eclipse.m2e.jdt.internal.DownloadSourcesJob.downloadAttachments(DownloadSourcesJob.java:282)
	at org.eclipse.m2e.jdt.internal.DownloadSourcesJob.downloadMaven(DownloadSourcesJob.java:252)
	at org.eclipse.m2e.jdt.internal.DownloadSourcesJob.downloadFilesAndPopulateToUpdate(DownloadSourcesJob.java:220)
	at org.eclipse.m2e.jdt.internal.DownloadSourcesJob.lambda$0(DownloadSourcesJob.java:149)
	at org.eclipse.m2e.core.internal.embedder.MavenExecutionContext.executeBare(MavenExecutionContext.java:458)
	at org.eclipse.m2e.core.internal.embedder.MavenExecutionContext.execute(MavenExecutionContext.java:339)
	at org.eclipse.m2e.core.internal.embedder.MavenExecutionContext.execute(MavenExecutionContext.java:278)
	at org.eclipse.m2e.core.embedder.IMaven.execute(IMaven.java:300)
	at org.eclipse.m2e.jdt.internal.DownloadSourcesJob.run(DownloadSourcesJob.java:149)
	at org.eclipse.core.internal.jobs.Worker.run(Worker.java:63)
2024-11-03 08:08:31,640 [Worker-374: Download sources and javadoc] INFO  o.e.m.c.i.e.AbstractTransferListenerAdapter - Downloading https://repo.maven.apache.org/maven2/org/springframework/cloud/spring-cloud-stream-binder-rabbit/4.0.3/spring-cloud-stream-binder-rabbit-4.0.3-sources.jar
2024-11-03 08:08:31,989 [Worker-374: Download sources and javadoc] INFO  o.e.m.c.i.e.AbstractTransferListenerAdapter - Downloaded https://repo.maven.apache.org/maven2/org/springframework/cloud/spring-cloud-stream-binder-rabbit/4.0.3/spring-cloud-stream-binder-rabbit-4.0.3-sources.jar
2024-11-03 08:08:31,998 [Worker-374: Download sources and javadoc] INFO  o.e.m.j.internal.DownloadSourcesJob - Downloaded sources for org.springframework.cloud:spring-cloud-stream-binder-rabbit:4.0.3
2024-11-03 08:08:32,441 [Worker-374: Download sources and javadoc] INFO  o.e.m.c.i.e.AbstractTransferListenerAdapter - Downloading https://repo.maven.apache.org/maven2/org/springframework/cloud/spring-cloud-stream-binder-rabbit-core/4.0.3/spring-cloud-stream-binder-rabbit-core-4.0.3-sources.jar
2024-11-03 08:08:32,455 [Worker-374: Download sources and javadoc] INFO  o.e.m.c.i.e.AbstractTransferListenerAdapter - Downloaded https://repo.maven.apache.org/maven2/org/springframework/cloud/spring-cloud-stream-binder-rabbit-core/4.0.3/spring-cloud-stream-binder-rabbit-core-4.0.3-sources.jar
2024-11-03 08:08:32,478 [Worker-374: Download sources and javadoc] INFO  o.e.m.j.internal.DownloadSourcesJob - Downloaded sources for org.springframework.cloud:spring-cloud-stream-binder-rabbit-core:4.0.3
2024-11-03 08:08:32,654 [Worker-374: Download sources and javadoc] INFO  o.e.m.c.i.e.AbstractTransferListenerAdapter - Downloading https://repo.maven.apache.org/maven2/org/springframework/cloud/spring-cloud-stream/4.0.3/spring-cloud-stream-4.0.3-sources.jar
2024-11-03 08:08:32,994 [Worker-374: Download sources and javadoc] INFO  o.e.m.c.i.e.AbstractTransferListenerAdapter - Downloaded https://repo.maven.apache.org/maven2/org/springframework/cloud/spring-cloud-stream/4.0.3/spring-cloud-stream-4.0.3-sources.jar
2024-11-03 08:08:33,034 [Worker-374: Download sources and javadoc] INFO  o.e.m.j.internal.DownloadSourcesJob - Downloaded sources for org.springframework.cloud:spring-cloud-stream:4.0.3
2024-11-03 08:08:33,421 [Worker-374: Download sources and javadoc] INFO  o.e.m.c.i.e.AbstractTransferListenerAdapter - Downloading https://repo.maven.apache.org/maven2/org/springframework/retry/spring-retry/2.0.10/spring-retry-2.0.10-sources.jar
2024-11-03 08:08:33,435 [Worker-374: Download sources and javadoc] INFO  o.e.m.c.i.e.AbstractTransferListenerAdapter - Downloaded https://repo.maven.apache.org/maven2/org/springframework/retry/spring-retry/2.0.10/spring-retry-2.0.10-sources.jar
2024-11-03 08:08:33,440 [Worker-374: Download sources and javadoc] INFO  o.e.m.j.internal.DownloadSourcesJob - Downloaded sources for org.springframework.retry:spring-retry:2.0.10
2024-11-03 08:08:33,625 [Worker-374: Download sources and javadoc] INFO  o.e.m.c.i.e.AbstractTransferListenerAdapter - Downloading https://repo.maven.apache.org/maven2/org/springframework/cloud/spring-cloud-function-context/4.0.3/spring-cloud-function-context-4.0.3-sources.jar
2024-11-03 08:08:33,698 [Worker-374: Download sources and javadoc] INFO  o.e.m.c.i.e.AbstractTransferListenerAdapter - Downloaded https://repo.maven.apache.org/maven2/org/springframework/cloud/spring-cloud-function-context/4.0.3/spring-cloud-function-context-4.0.3-sources.jar
2024-11-03 08:08:33,704 [Worker-374: Download sources and javadoc] INFO  o.e.m.j.internal.DownloadSourcesJob - Downloaded sources for org.springframework.cloud:spring-cloud-function-context:4.0.3
2024-11-03 08:08:34,169 [Worker-374: Download sources and javadoc] INFO  o.e.m.c.i.e.AbstractTransferListenerAdapter - Downloading https://repo.maven.apache.org/maven2/net/jodah/typetools/0.6.2/typetools-0.6.2-sources.jar
2024-11-03 08:08:34,178 [Worker-374: Download sources and javadoc] INFO  o.e.m.c.i.e.AbstractTransferListenerAdapter - Downloaded https://repo.maven.apache.org/maven2/net/jodah/typetools/0.6.2/typetools-0.6.2-sources.jar
2024-11-03 08:08:34,184 [Worker-374: Download sources and javadoc] INFO  o.e.m.j.internal.DownloadSourcesJob - Downloaded sources for net.jodah:typetools:0.6.2
2024-11-03 08:08:34,411 [Worker-374: Download sources and javadoc] INFO  o.e.m.c.i.e.AbstractTransferListenerAdapter - Downloading https://repo.maven.apache.org/maven2/org/springframework/cloud/spring-cloud-function-core/4.0.3/spring-cloud-function-core-4.0.3-sources.jar
2024-11-03 08:08:34,414 [Worker-374: Download sources and javadoc] INFO  o.e.m.c.i.e.AbstractTransferListenerAdapter - Downloaded https://repo.maven.apache.org/maven2/org/springframework/cloud/spring-cloud-function-core/4.0.3/spring-cloud-function-core-4.0.3-sources.jar
2024-11-03 08:08:34,417 [Worker-374: Download sources and javadoc] INFO  o.e.m.j.internal.DownloadSourcesJob - Downloaded sources for org.springframework.cloud:spring-cloud-function-core:4.0.3
2024-11-03 08:08:34,777 [Worker-374: Download sources and javadoc] INFO  o.e.m.c.i.e.AbstractTransferListenerAdapter - Downloading https://repo.maven.apache.org/maven2/org/jetbrains/kotlin/kotlin-stdlib-jdk8/1.9.25/kotlin-stdlib-jdk8-1.9.25-sources.jar
2024-11-03 08:08:34,788 [Worker-374: Download sources and javadoc] INFO  o.e.m.c.i.e.AbstractTransferListenerAdapter - Downloaded https://repo.maven.apache.org/maven2/org/jetbrains/kotlin/kotlin-stdlib-jdk8/1.9.25/kotlin-stdlib-jdk8-1.9.25-sources.jar
2024-11-03 08:08:34,795 [Worker-374: Download sources and javadoc] INFO  o.e.m.j.internal.DownloadSourcesJob - Downloaded sources for org.jetbrains.kotlin:kotlin-stdlib-jdk8:1.9.25
2024-11-03 08:08:35,010 [Worker-374: Download sources and javadoc] INFO  o.e.m.c.i.e.AbstractTransferListenerAdapter - Downloading https://repo.maven.apache.org/maven2/org/jetbrains/kotlin/kotlin-stdlib/1.9.25/kotlin-stdlib-1.9.25-sources.jar
2024-11-03 08:08:35,217 [Worker-374: Download sources and javadoc] INFO  o.e.m.c.i.e.AbstractTransferListenerAdapter - Downloaded https://repo.maven.apache.org/maven2/org/jetbrains/kotlin/kotlin-stdlib/1.9.25/kotlin-stdlib-1.9.25-sources.jar
2024-11-03 08:08:35,218 [Worker-374: Download sources and javadoc] INFO  o.e.m.j.internal.DownloadSourcesJob - Downloaded sources for org.jetbrains.kotlin:kotlin-stdlib:1.9.25
2024-11-03 08:08:35,445 [Worker-374: Download sources and javadoc] INFO  o.e.m.c.i.e.AbstractTransferListenerAdapter - Downloading https://repo.maven.apache.org/maven2/org/jetbrains/annotations/13.0/annotations-13.0-sources.jar
2024-11-03 08:08:35,679 [Worker-374: Download sources and javadoc] INFO  o.e.m.c.i.e.AbstractTransferListenerAdapter - Downloaded https://repo.maven.apache.org/maven2/org/jetbrains/annotations/13.0/annotations-13.0-sources.jar
2024-11-03 08:08:35,684 [Worker-374: Download sources and javadoc] INFO  o.e.m.j.internal.DownloadSourcesJob - Downloaded sources for org.jetbrains:annotations:13.0
2024-11-03 08:08:35,899 [Worker-374: Download sources and javadoc] INFO  o.e.m.c.i.e.AbstractTransferListenerAdapter - Downloading https://repo.maven.apache.org/maven2/org/jetbrains/kotlin/kotlin-stdlib-jdk7/1.9.25/kotlin-stdlib-jdk7-1.9.25-sources.jar
2024-11-03 08:08:35,904 [Worker-374: Download sources and javadoc] INFO  o.e.m.c.i.e.AbstractTransferListenerAdapter - Downloaded https://repo.maven.apache.org/maven2/org/jetbrains/kotlin/kotlin-stdlib-jdk7/1.9.25/kotlin-stdlib-jdk7-1.9.25-sources.jar
2024-11-03 08:08:35,909 [Worker-374: Download sources and javadoc] INFO  o.e.m.j.internal.DownloadSourcesJob - Downloaded sources for org.jetbrains.kotlin:kotlin-stdlib-jdk7:1.9.25
2024-11-03 08:08:36,074 [Worker-374: Download sources and javadoc] INFO  o.e.m.c.i.e.AbstractTransferListenerAdapter - Downloading https://repo.maven.apache.org/maven2/org/springframework/boot/spring-boot-starter-amqp/3.3.5/spring-boot-starter-amqp-3.3.5-sources.jar
2024-11-03 08:08:36,076 [Worker-374: Download sources and javadoc] INFO  o.e.m.c.i.e.AbstractTransferListenerAdapter - Downloaded https://repo.maven.apache.org/maven2/org/springframework/boot/spring-boot-starter-amqp/3.3.5/spring-boot-starter-amqp-3.3.5-sources.jar
2024-11-03 08:08:36,077 [Worker-374: Download sources and javadoc] INFO  o.e.m.j.internal.DownloadSourcesJob - Downloaded sources for org.springframework.boot:spring-boot-starter-amqp:3.3.5
2024-11-03 08:08:36,234 [Worker-374: Download sources and javadoc] INFO  o.e.m.c.i.e.AbstractTransferListenerAdapter - Downloading https://repo.maven.apache.org/maven2/org/springframework/amqp/spring-rabbit/3.1.7/spring-rabbit-3.1.7-sources.jar
2024-11-03 08:08:36,404 [Worker-374: Download sources and javadoc] INFO  o.e.m.c.i.e.AbstractTransferListenerAdapter - Downloaded https://repo.maven.apache.org/maven2/org/springframework/amqp/spring-rabbit/3.1.7/spring-rabbit-3.1.7-sources.jar
2024-11-03 08:08:36,405 [Worker-374: Download sources and javadoc] INFO  o.e.m.j.internal.DownloadSourcesJob - Downloaded sources for org.springframework.amqp:spring-rabbit:3.1.7
2024-11-03 08:08:36,564 [Worker-374: Download sources and javadoc] INFO  o.e.m.c.i.e.AbstractTransferListenerAdapter - Downloading https://repo.maven.apache.org/maven2/org/springframework/amqp/spring-amqp/3.1.7/spring-amqp-3.1.7-sources.jar
2024-11-03 08:08:36,668 [Worker-374: Download sources and javadoc] INFO  o.e.m.c.i.e.AbstractTransferListenerAdapter - Downloaded https://repo.maven.apache.org/maven2/org/springframework/amqp/spring-amqp/3.1.7/spring-amqp-3.1.7-sources.jar
2024-11-03 08:08:36,669 [Worker-374: Download sources and javadoc] INFO  o.e.m.j.internal.DownloadSourcesJob - Downloaded sources for org.springframework.amqp:spring-amqp:3.1.7
2024-11-03 08:08:36,889 [Worker-374: Download sources and javadoc] INFO  o.e.m.c.i.e.AbstractTransferListenerAdapter - Downloading https://repo.maven.apache.org/maven2/com/rabbitmq/amqp-client/5.21.0/amqp-client-5.21.0-sources.jar
2024-11-03 08:08:37,044 [Worker-374: Download sources and javadoc] INFO  o.e.m.c.i.e.AbstractTransferListenerAdapter - Downloaded https://repo.maven.apache.org/maven2/com/rabbitmq/amqp-client/5.21.0/amqp-client-5.21.0-sources.jar
2024-11-03 08:08:37,088 [Worker-374: Download sources and javadoc] INFO  o.e.m.j.internal.DownloadSourcesJob - Downloaded sources for com.rabbitmq:amqp-client:5.21.0
2024-11-03 08:08:37,311 [Worker-374: Download sources and javadoc] INFO  o.e.m.c.i.e.AbstractTransferListenerAdapter - Downloading https://repo.maven.apache.org/maven2/org/springframework/integration/spring-integration-amqp/6.3.5/spring-integration-amqp-6.3.5-sources.jar
2024-11-03 08:08:37,387 [Worker-374: Download sources and javadoc] INFO  o.e.m.c.i.e.AbstractTransferListenerAdapter - Downloaded https://repo.maven.apache.org/maven2/org/springframework/integration/spring-integration-amqp/6.3.5/spring-integration-amqp-6.3.5-sources.jar
2024-11-03 08:08:37,396 [Worker-374: Download sources and javadoc] INFO  o.e.m.j.internal.DownloadSourcesJob - Downloaded sources for org.springframework.integration:spring-integration-amqp:6.3.5
2024-11-03 08:08:37,559 [Worker-374: Download sources and javadoc] INFO  o.e.m.c.i.e.AbstractTransferListenerAdapter - Downloading https://repo.maven.apache.org/maven2/org/springframework/integration/spring-integration-core/6.3.5/spring-integration-core-6.3.5-sources.jar
2024-11-03 08:08:37,806 [Worker-374: Download sources and javadoc] INFO  o.e.m.c.i.e.AbstractTransferListenerAdapter - Downloaded https://repo.maven.apache.org/maven2/org/springframework/integration/spring-integration-core/6.3.5/spring-integration-core-6.3.5-sources.jar
2024-11-03 08:08:37,808 [Worker-374: Download sources and javadoc] INFO  o.e.m.j.internal.DownloadSourcesJob - Downloaded sources for org.springframework.integration:spring-integration-core:6.3.5
2024-11-03 08:08:37,970 [Worker-374: Download sources and javadoc] INFO  o.e.m.c.i.e.AbstractTransferListenerAdapter - Downloading https://repo.maven.apache.org/maven2/org/springframework/integration/spring-integration-jmx/6.3.5/spring-integration-jmx-6.3.5-sources.jar
2024-11-03 08:08:38,028 [Worker-374: Download sources and javadoc] INFO  o.e.m.c.i.e.AbstractTransferListenerAdapter - Downloaded https://repo.maven.apache.org/maven2/org/springframework/integration/spring-integration-jmx/6.3.5/spring-integration-jmx-6.3.5-sources.jar
2024-11-03 08:08:38,030 [Worker-374: Download sources and javadoc] INFO  o.e.m.j.internal.DownloadSourcesJob - Downloaded sources for org.springframework.integration:spring-integration-jmx:6.3.5
2024-11-03 08:08:38,337 [Worker-374: Download sources and javadoc] INFO  o.e.m.c.i.e.AbstractTransferListenerAdapter - Downloading https://repo.maven.apache.org/maven2/org/mockito/mockito-core/4.8.1/mockito-core-4.8.1-sources.jar
2024-11-03 08:08:38,506 [Worker-374: Download sources and javadoc] INFO  o.e.m.c.i.e.AbstractTransferListenerAdapter - Downloaded https://repo.maven.apache.org/maven2/org/mockito/mockito-core/4.8.1/mockito-core-4.8.1-sources.jar
2024-11-03 08:08:38,516 [Worker-374: Download sources and javadoc] INFO  o.e.m.j.internal.DownloadSourcesJob - Downloaded sources for org.mockito:mockito-core:4.8.1
2024-11-03 08:08:38,722 [Worker-374: Download sources and javadoc] INFO  o.e.m.c.i.e.AbstractTransferListenerAdapter - Downloading https://repo.maven.apache.org/maven2/org/mockito/mockito-junit-jupiter/4.8.1/mockito-junit-jupiter-4.8.1-sources.jar
2024-11-03 08:08:38,723 [Worker-374: Download sources and javadoc] INFO  o.e.m.c.i.e.AbstractTransferListenerAdapter - Downloaded https://repo.maven.apache.org/maven2/org/mockito/mockito-junit-jupiter/4.8.1/mockito-junit-jupiter-4.8.1-sources.jar
2024-11-03 08:08:38,725 [Worker-374: Download sources and javadoc] INFO  o.e.m.j.internal.DownloadSourcesJob - Downloaded sources for org.mockito:mockito-junit-jupiter:4.8.1
2024-11-03 08:08:38,883 [Worker-374: Download sources and javadoc] INFO  o.e.m.c.i.e.AbstractTransferListenerAdapter - Downloading https://repo.maven.apache.org/maven2/org/mapstruct/mapstruct/1.5.2.Final/mapstruct-1.5.2.Final-sources.jar
2024-11-03 08:08:38,939 [Worker-374: Download sources and javadoc] INFO  o.e.m.c.i.e.AbstractTransferListenerAdapter - Downloaded https://repo.maven.apache.org/maven2/org/mapstruct/mapstruct/1.5.2.Final/mapstruct-1.5.2.Final-sources.jar
2024-11-03 08:08:38,940 [Worker-374: Download sources and javadoc] INFO  o.e.m.j.internal.DownloadSourcesJob - Downloaded sources for org.mapstruct:mapstruct:1.5.2.Final
2024-11-03 08:08:39,338 [Worker-374: Download sources and javadoc] INFO  o.e.m.c.i.e.AbstractTransferListenerAdapter - Downloading https://repo.maven.apache.org/maven2/org/mapstruct/mapstruct-processor/1.5.2.Final/mapstruct-processor-1.5.2.Final-sources.jar
2024-11-03 08:08:39,534 [Worker-374: Download sources and javadoc] INFO  o.e.m.c.i.e.AbstractTransferListenerAdapter - Downloaded https://repo.maven.apache.org/maven2/org/mapstruct/mapstruct-processor/1.5.2.Final/mapstruct-processor-1.5.2.Final-sources.jar
2024-11-03 08:08:39,590 [Worker-374: Download sources and javadoc] INFO  o.e.m.j.internal.DownloadSourcesJob - Downloaded sources for org.mapstruct:mapstruct-processor:1.5.2.Final
2024-11-03 08:09:02,197 [Worker-383: Building] INFO  o.e.m.c.i.l.LifecycleMappingFactory - Using org.eclipse.m2e.jdt.JarLifecycleMapping lifecycle mapping for MavenProject: com.trello:trello-board-service:0.0.1-SNAPSHOT @ /Users/bubul/Documents/workspace-spring-tool-suite-4-4.25.0.RELEASE/trello/trello-board-service/pom.xml.
2024-11-03 08:09:02,306 [Worker-383: Building] WARN  o.e.m.c.i.embedder.EclipseLogger - The POM for io.jsonwebtoken:jjwt:jar:0.11.5 is missing, no dependency information available
2024-11-03 08:09:02,450 [Worker-383: Building] WARN  o.e.m.c.i.embedder.EclipseLogger - The artifact mysql:mysql-connector-java:jar:8.0.33 has been relocated to com.mysql:mysql-connector-j:jar:8.0.33: MySQL Connector/J artifacts moved to reverse-DNS compliant Maven 2+ coordinates.
2024-11-03 08:09:04,071 [Worker-389: Download sources and javadoc] INFO  o.e.m.c.i.e.AbstractTransferListenerAdapter - Downloaded https://repo.maven.apache.org/maven2/io/jsonwebtoken/jjwt/0.11.5/jjwt-0.11.5-javadoc.jar
2024-11-03 08:09:04,074 [Worker-389: Download sources and javadoc] ERROR o.e.m.j.internal.DownloadSourcesJob - Could not download javadoc for io.jsonwebtoken:jjwt:0.11.5
org.eclipse.core.runtime.CoreException: Could not resolve artifact io.jsonwebtoken:jjwt:jar:javadoc:0.11.5
	at org.eclipse.m2e.core.internal.embedder.MavenImpl.lambda$7(MavenImpl.java:540)
	at org.eclipse.m2e.core.internal.embedder.MavenExecutionContext.executeBare(MavenExecutionContext.java:458)
	at org.eclipse.m2e.core.internal.embedder.MavenExecutionContext.execute(MavenExecutionContext.java:292)
	at org.eclipse.m2e.core.internal.embedder.MavenExecutionContext.execute(MavenExecutionContext.java:278)
	at org.eclipse.m2e.core.internal.embedder.MavenImpl.resolve(MavenImpl.java:509)
	at org.eclipse.m2e.core.internal.embedder.MavenImpl.resolve(MavenImpl.java:494)
	at org.eclipse.m2e.jdt.internal.DownloadSourcesJob.download(DownloadSourcesJob.java:308)
	at org.eclipse.m2e.jdt.internal.DownloadSourcesJob.downloadAttachments(DownloadSourcesJob.java:294)
	at org.eclipse.m2e.jdt.internal.DownloadSourcesJob.downloadMaven(DownloadSourcesJob.java:252)
	at org.eclipse.m2e.jdt.internal.DownloadSourcesJob.downloadFilesAndPopulateToUpdate(DownloadSourcesJob.java:220)
	at org.eclipse.m2e.jdt.internal.DownloadSourcesJob.lambda$0(DownloadSourcesJob.java:149)
	at org.eclipse.m2e.core.internal.embedder.MavenExecutionContext.executeBare(MavenExecutionContext.java:458)
	at org.eclipse.m2e.core.internal.embedder.MavenExecutionContext.execute(MavenExecutionContext.java:339)
	at org.eclipse.m2e.core.internal.embedder.MavenExecutionContext.execute(MavenExecutionContext.java:278)
	at org.eclipse.m2e.core.embedder.IMaven.execute(IMaven.java:300)
	at org.eclipse.m2e.jdt.internal.DownloadSourcesJob.run(DownloadSourcesJob.java:149)
	at org.eclipse.core.internal.jobs.Worker.run(Worker.java:63)
2024-11-03 08:09:04,477 [Worker-389: Download sources and javadoc] INFO  o.e.m.c.i.e.AbstractTransferListenerAdapter - Downloaded https://repo.maven.apache.org/maven2/org/springframework/cloud/spring-cloud-starter-stream-rabbit/4.0.3/spring-cloud-starter-stream-rabbit-4.0.3-javadoc.jar
2024-11-03 08:09:04,479 [Worker-389: Download sources and javadoc] ERROR o.e.m.j.internal.DownloadSourcesJob - Could not download javadoc for org.springframework.cloud:spring-cloud-starter-stream-rabbit:4.0.3
org.eclipse.core.runtime.CoreException: Could not resolve artifact org.springframework.cloud:spring-cloud-starter-stream-rabbit:jar:javadoc:4.0.3
	at org.eclipse.m2e.core.internal.embedder.MavenImpl.lambda$7(MavenImpl.java:540)
	at org.eclipse.m2e.core.internal.embedder.MavenExecutionContext.executeBare(MavenExecutionContext.java:458)
	at org.eclipse.m2e.core.internal.embedder.MavenExecutionContext.execute(MavenExecutionContext.java:292)
	at org.eclipse.m2e.core.internal.embedder.MavenExecutionContext.execute(MavenExecutionContext.java:278)
	at org.eclipse.m2e.core.internal.embedder.MavenImpl.resolve(MavenImpl.java:509)
	at org.eclipse.m2e.core.internal.embedder.MavenImpl.resolve(MavenImpl.java:494)
	at org.eclipse.m2e.jdt.internal.DownloadSourcesJob.download(DownloadSourcesJob.java:308)
	at org.eclipse.m2e.jdt.internal.DownloadSourcesJob.downloadAttachments(DownloadSourcesJob.java:294)
	at org.eclipse.m2e.jdt.internal.DownloadSourcesJob.downloadMaven(DownloadSourcesJob.java:252)
	at org.eclipse.m2e.jdt.internal.DownloadSourcesJob.downloadFilesAndPopulateToUpdate(DownloadSourcesJob.java:220)
	at org.eclipse.m2e.jdt.internal.DownloadSourcesJob.lambda$0(DownloadSourcesJob.java:149)
	at org.eclipse.m2e.core.internal.embedder.MavenExecutionContext.executeBare(MavenExecutionContext.java:458)
	at org.eclipse.m2e.core.internal.embedder.MavenExecutionContext.execute(MavenExecutionContext.java:339)
	at org.eclipse.m2e.core.internal.embedder.MavenExecutionContext.execute(MavenExecutionContext.java:278)
	at org.eclipse.m2e.core.embedder.IMaven.execute(IMaven.java:300)
	at org.eclipse.m2e.jdt.internal.DownloadSourcesJob.run(DownloadSourcesJob.java:149)
	at org.eclipse.core.internal.jobs.Worker.run(Worker.java:63)
2024-11-03 08:10:11,671 [Worker-379: Building] INFO  o.e.m.c.i.l.LifecycleMappingFactory - Using org.eclipse.m2e.jdt.JarLifecycleMapping lifecycle mapping for MavenProject: com.trello:trello-board-service:0.0.1-SNAPSHOT @ /Users/bubul/Documents/workspace-spring-tool-suite-4-4.25.0.RELEASE/trello/trello-board-service/pom.xml.
2024-11-03 08:10:11,771 [Worker-379: Building] WARN  o.e.m.c.i.embedder.EclipseLogger - The POM for io.jsonwebtoken:jjwt:jar:0.11.5 is missing, no dependency information available
2024-11-03 08:10:11,916 [Worker-379: Building] WARN  o.e.m.c.i.embedder.EclipseLogger - The artifact mysql:mysql-connector-java:jar:8.0.33 has been relocated to com.mysql:mysql-connector-j:jar:8.0.33: MySQL Connector/J artifacts moved to reverse-DNS compliant Maven 2+ coordinates.
2024-11-03 08:16:30,271 [Worker-389: Building] INFO  o.e.m.c.i.l.LifecycleMappingFactory - Using org.eclipse.m2e.jdt.JarLifecycleMapping lifecycle mapping for MavenProject: com.trello:trello-board-service:0.0.1-SNAPSHOT @ /Users/bubul/Documents/workspace-spring-tool-suite-4-4.25.0.RELEASE/trello/trello-board-service/pom.xml.
2024-11-03 08:16:30,380 [Worker-389: Building] WARN  o.e.m.c.i.embedder.EclipseLogger - The POM for io.jsonwebtoken:jjwt:jar:0.11.5 is missing, no dependency information available
2024-11-03 08:16:30,971 [Worker-389: Building] INFO  o.e.m.c.i.e.AbstractTransferListenerAdapter - Downloading https://repo.maven.apache.org/maven2/org/springframework/cloud/spring-cloud-starter/4.0.3/spring-cloud-starter-4.0.3.pom
2024-11-03 08:16:30,975 [Worker-389: Building] INFO  o.e.m.c.i.e.AbstractTransferListenerAdapter - Downloaded https://repo.maven.apache.org/maven2/org/springframework/cloud/spring-cloud-starter/4.0.3/spring-cloud-starter-4.0.3.pom
2024-11-03 08:16:31,068 [Worker-389: Building] INFO  o.e.m.c.i.e.AbstractTransferListenerAdapter - Downloading https://repo.maven.apache.org/maven2/org/springframework/cloud/spring-cloud-commons-parent/4.0.3/spring-cloud-commons-parent-4.0.3.pom
2024-11-03 08:16:31,069 [Worker-389: Building] INFO  o.e.m.c.i.e.AbstractTransferListenerAdapter - Downloaded https://repo.maven.apache.org/maven2/org/springframework/cloud/spring-cloud-commons-parent/4.0.3/spring-cloud-commons-parent-4.0.3.pom
2024-11-03 08:16:31,125 [Worker-389: Building] INFO  o.e.m.c.i.e.AbstractTransferListenerAdapter - Downloading https://repo.maven.apache.org/maven2/org/springframework/cloud/spring-cloud-context/4.0.3/spring-cloud-context-4.0.3.pom
2024-11-03 08:16:31,126 [Worker-389: Building] INFO  o.e.m.c.i.e.AbstractTransferListenerAdapter - Downloaded https://repo.maven.apache.org/maven2/org/springframework/cloud/spring-cloud-context/4.0.3/spring-cloud-context-4.0.3.pom
2024-11-03 08:16:31,180 [Worker-389: Building] INFO  o.e.m.c.i.e.AbstractTransferListenerAdapter - Downloading https://repo.maven.apache.org/maven2/org/springframework/cloud/spring-cloud-commons/4.0.3/spring-cloud-commons-4.0.3.pom
2024-11-03 08:16:31,182 [Worker-389: Building] INFO  o.e.m.c.i.e.AbstractTransferListenerAdapter - Downloaded https://repo.maven.apache.org/maven2/org/springframework/cloud/spring-cloud-commons/4.0.3/spring-cloud-commons-4.0.3.pom
2024-11-03 08:16:31,237 [Worker-389: Building] INFO  o.e.m.c.i.e.AbstractTransferListenerAdapter - Downloading https://repo.maven.apache.org/maven2/org/springframework/security/spring-security-rsa/1.0.11.RELEASE/spring-security-rsa-1.0.11.RELEASE.pom
2024-11-03 08:16:31,238 [Worker-389: Building] INFO  o.e.m.c.i.e.AbstractTransferListenerAdapter - Downloaded https://repo.maven.apache.org/maven2/org/springframework/security/spring-security-rsa/1.0.11.RELEASE/spring-security-rsa-1.0.11.RELEASE.pom
2024-11-03 08:16:31,291 [Worker-389: Building] INFO  o.e.m.c.i.e.AbstractTransferListenerAdapter - Downloading https://repo.maven.apache.org/maven2/org/bouncycastle/bcpkix-jdk15on/1.69/bcpkix-jdk15on-1.69.pom
2024-11-03 08:16:31,291 [Worker-389: Building] INFO  o.e.m.c.i.e.AbstractTransferListenerAdapter - Downloaded https://repo.maven.apache.org/maven2/org/bouncycastle/bcpkix-jdk15on/1.69/bcpkix-jdk15on-1.69.pom
2024-11-03 08:16:31,345 [Worker-389: Building] INFO  o.e.m.c.i.e.AbstractTransferListenerAdapter - Downloading https://repo.maven.apache.org/maven2/org/bouncycastle/bcprov-jdk15on/1.69/bcprov-jdk15on-1.69.pom
2024-11-03 08:16:31,345 [Worker-389: Building] INFO  o.e.m.c.i.e.AbstractTransferListenerAdapter - Downloaded https://repo.maven.apache.org/maven2/org/bouncycastle/bcprov-jdk15on/1.69/bcprov-jdk15on-1.69.pom
2024-11-03 08:16:31,401 [Worker-389: Building] INFO  o.e.m.c.i.e.AbstractTransferListenerAdapter - Downloading https://repo.maven.apache.org/maven2/org/bouncycastle/bcutil-jdk15on/1.69/bcutil-jdk15on-1.69.pom
2024-11-03 08:16:31,404 [Worker-389: Building] INFO  o.e.m.c.i.e.AbstractTransferListenerAdapter - Downloaded https://repo.maven.apache.org/maven2/org/bouncycastle/bcutil-jdk15on/1.69/bcutil-jdk15on-1.69.pom
2024-11-03 08:16:31,466 [Worker-389: Building] WARN  o.e.m.c.i.embedder.EclipseLogger - The artifact mysql:mysql-connector-java:jar:8.0.33 has been relocated to com.mysql:mysql-connector-j:jar:8.0.33: MySQL Connector/J artifacts moved to reverse-DNS compliant Maven 2+ coordinates.
2024-11-03 08:16:31,540 [Worker-389: Building] INFO  o.e.m.c.i.e.AbstractTransferListenerAdapter - Downloading https://repo.maven.apache.org/maven2/org/springframework/cloud/spring-cloud-starter/4.0.3/spring-cloud-starter-4.0.3.jar
2024-11-03 08:16:31,541 [Worker-389: Building] INFO  o.e.m.c.i.e.AbstractTransferListenerAdapter - Downloaded https://repo.maven.apache.org/maven2/org/springframework/cloud/spring-cloud-starter/4.0.3/spring-cloud-starter-4.0.3.jar
2024-11-03 08:16:31,595 [BasicRepositoryConnector-repo.maven.apache.org-5-1] INFO  o.e.m.c.i.e.AbstractTransferListenerAdapter - Downloading https://repo.maven.apache.org/maven2/org/springframework/cloud/spring-cloud-commons/4.0.3/spring-cloud-commons-4.0.3.jar
2024-11-03 08:16:31,700 [BasicRepositoryConnector-repo.maven.apache.org-5-4] INFO  o.e.m.c.i.e.AbstractTransferListenerAdapter - Downloading https://repo.maven.apache.org/maven2/org/bouncycastle/bcprov-jdk15on/1.69/bcprov-jdk15on-1.69.jar
2024-11-03 08:16:31,700 [BasicRepositoryConnector-repo.maven.apache.org-5-3] INFO  o.e.m.c.i.e.AbstractTransferListenerAdapter - Downloading https://repo.maven.apache.org/maven2/org/bouncycastle/bcpkix-jdk15on/1.69/bcpkix-jdk15on-1.69.jar
2024-11-03 08:16:31,700 [BasicRepositoryConnector-repo.maven.apache.org-5-0] INFO  o.e.m.c.i.e.AbstractTransferListenerAdapter - Downloading https://repo.maven.apache.org/maven2/org/springframework/cloud/spring-cloud-context/4.0.3/spring-cloud-context-4.0.3.jar
2024-11-03 08:16:31,700 [BasicRepositoryConnector-repo.maven.apache.org-5-2] INFO  o.e.m.c.i.e.AbstractTransferListenerAdapter - Downloading https://repo.maven.apache.org/maven2/org/springframework/security/spring-security-rsa/1.0.11.RELEASE/spring-security-rsa-1.0.11.RELEASE.jar
2024-11-03 08:16:31,707 [BasicRepositoryConnector-repo.maven.apache.org-5-2] INFO  o.e.m.c.i.e.AbstractTransferListenerAdapter - Downloaded https://repo.maven.apache.org/maven2/org/springframework/security/spring-security-rsa/1.0.11.RELEASE/spring-security-rsa-1.0.11.RELEASE.jar
2024-11-03 08:16:31,734 [BasicRepositoryConnector-repo.maven.apache.org-5-1] INFO  o.e.m.c.i.e.AbstractTransferListenerAdapter - Downloaded https://repo.maven.apache.org/maven2/org/springframework/cloud/spring-cloud-commons/4.0.3/spring-cloud-commons-4.0.3.jar
2024-11-03 08:16:31,761 [BasicRepositoryConnector-repo.maven.apache.org-5-2] INFO  o.e.m.c.i.e.AbstractTransferListenerAdapter - Downloading https://repo.maven.apache.org/maven2/org/bouncycastle/bcutil-jdk15on/1.69/bcutil-jdk15on-1.69.jar
2024-11-03 08:16:31,817 [BasicRepositoryConnector-repo.maven.apache.org-5-0] INFO  o.e.m.c.i.e.AbstractTransferListenerAdapter - Downloaded https://repo.maven.apache.org/maven2/org/springframework/cloud/spring-cloud-context/4.0.3/spring-cloud-context-4.0.3.jar
2024-11-03 08:16:31,894 [BasicRepositoryConnector-repo.maven.apache.org-5-2] INFO  o.e.m.c.i.e.AbstractTransferListenerAdapter - Downloaded https://repo.maven.apache.org/maven2/org/bouncycastle/bcutil-jdk15on/1.69/bcutil-jdk15on-1.69.jar
2024-11-03 08:16:31,925 [BasicRepositoryConnector-repo.maven.apache.org-5-3] INFO  o.e.m.c.i.e.AbstractTransferListenerAdapter - Downloaded https://repo.maven.apache.org/maven2/org/bouncycastle/bcpkix-jdk15on/1.69/bcpkix-jdk15on-1.69.jar
2024-11-03 08:16:32,764 [BasicRepositoryConnector-repo.maven.apache.org-5-4] INFO  o.e.m.c.i.e.AbstractTransferListenerAdapter - Downloaded https://repo.maven.apache.org/maven2/org/bouncycastle/bcprov-jdk15on/1.69/bcprov-jdk15on-1.69.jar
2024-11-03 08:16:33,108 [Worker-389: Building] INFO  o.a.m.s.f.DefaultMavenResourcesFiltering - Copying 0 resource from src/main/resources to target/classes
2024-11-03 08:16:33,108 [Worker-389: Building] INFO  o.a.m.s.f.DefaultMavenResourcesFiltering - Copying 0 resource from src/main/resources to target/classes
2024-11-03 08:16:33,111 [Worker-389: Building] INFO  o.a.m.s.f.DefaultMavenResourcesFiltering - skip non existing resourceDirectory /Users/bubul/Documents/workspace-spring-tool-suite-4-4.25.0.RELEASE/trello/trello-board-service/src/test/resources
2024-11-03 08:16:34,497 [Worker-396: Download sources and javadoc] INFO  o.e.m.c.i.e.AbstractTransferListenerAdapter - Downloaded https://repo.maven.apache.org/maven2/org/springframework/cloud/spring-cloud-starter/4.0.3/spring-cloud-starter-4.0.3-sources.jar
2024-11-03 08:16:34,507 [Worker-396: Download sources and javadoc] ERROR o.e.m.j.internal.DownloadSourcesJob - Could not download sources for org.springframework.cloud:spring-cloud-starter:4.0.3
org.eclipse.core.runtime.CoreException: Could not resolve artifact org.springframework.cloud:spring-cloud-starter:jar:sources:4.0.3
	at org.eclipse.m2e.core.internal.embedder.MavenImpl.lambda$7(MavenImpl.java:540)
	at org.eclipse.m2e.core.internal.embedder.MavenExecutionContext.executeBare(MavenExecutionContext.java:458)
	at org.eclipse.m2e.core.internal.embedder.MavenExecutionContext.execute(MavenExecutionContext.java:292)
	at org.eclipse.m2e.core.internal.embedder.MavenExecutionContext.execute(MavenExecutionContext.java:278)
	at org.eclipse.m2e.core.internal.embedder.MavenImpl.resolve(MavenImpl.java:509)
	at org.eclipse.m2e.core.internal.embedder.MavenImpl.resolve(MavenImpl.java:494)
	at org.eclipse.m2e.jdt.internal.DownloadSourcesJob.download(DownloadSourcesJob.java:308)
	at org.eclipse.m2e.jdt.internal.DownloadSourcesJob.downloadAttachments(DownloadSourcesJob.java:282)
	at org.eclipse.m2e.jdt.internal.DownloadSourcesJob.downloadMaven(DownloadSourcesJob.java:252)
	at org.eclipse.m2e.jdt.internal.DownloadSourcesJob.downloadFilesAndPopulateToUpdate(DownloadSourcesJob.java:220)
	at org.eclipse.m2e.jdt.internal.DownloadSourcesJob.lambda$0(DownloadSourcesJob.java:149)
	at org.eclipse.m2e.core.internal.embedder.MavenExecutionContext.executeBare(MavenExecutionContext.java:458)
	at org.eclipse.m2e.core.internal.embedder.MavenExecutionContext.execute(MavenExecutionContext.java:339)
	at org.eclipse.m2e.core.internal.embedder.MavenExecutionContext.execute(MavenExecutionContext.java:278)
	at org.eclipse.m2e.core.embedder.IMaven.execute(IMaven.java:300)
	at org.eclipse.m2e.jdt.internal.DownloadSourcesJob.run(DownloadSourcesJob.java:149)
	at org.eclipse.core.internal.jobs.Worker.run(Worker.java:63)
2024-11-03 08:16:34,678 [Worker-396: Download sources and javadoc] INFO  o.e.m.c.i.e.AbstractTransferListenerAdapter - Downloading https://repo.maven.apache.org/maven2/org/springframework/cloud/spring-cloud-context/4.0.3/spring-cloud-context-4.0.3-sources.jar
2024-11-03 08:16:34,751 [Worker-396: Download sources and javadoc] INFO  o.e.m.c.i.e.AbstractTransferListenerAdapter - Downloaded https://repo.maven.apache.org/maven2/org/springframework/cloud/spring-cloud-context/4.0.3/spring-cloud-context-4.0.3-sources.jar
2024-11-03 08:16:34,752 [Worker-396: Download sources and javadoc] INFO  o.e.m.j.internal.DownloadSourcesJob - Downloaded sources for org.springframework.cloud:spring-cloud-context:4.0.3
2024-11-03 08:16:34,910 [Worker-396: Download sources and javadoc] INFO  o.e.m.c.i.e.AbstractTransferListenerAdapter - Downloading https://repo.maven.apache.org/maven2/org/springframework/cloud/spring-cloud-commons/4.0.3/spring-cloud-commons-4.0.3-sources.jar
2024-11-03 08:16:35,025 [Worker-396: Download sources and javadoc] INFO  o.e.m.c.i.e.AbstractTransferListenerAdapter - Downloaded https://repo.maven.apache.org/maven2/org/springframework/cloud/spring-cloud-commons/4.0.3/spring-cloud-commons-4.0.3-sources.jar
2024-11-03 08:16:35,026 [Worker-396: Download sources and javadoc] INFO  o.e.m.j.internal.DownloadSourcesJob - Downloaded sources for org.springframework.cloud:spring-cloud-commons:4.0.3
2024-11-03 08:16:35,185 [Worker-396: Download sources and javadoc] INFO  o.e.m.c.i.e.AbstractTransferListenerAdapter - Downloading https://repo.maven.apache.org/maven2/org/springframework/security/spring-security-rsa/1.0.11.RELEASE/spring-security-rsa-1.0.11.RELEASE-sources.jar
2024-11-03 08:16:35,186 [Worker-396: Download sources and javadoc] INFO  o.e.m.c.i.e.AbstractTransferListenerAdapter - Downloaded https://repo.maven.apache.org/maven2/org/springframework/security/spring-security-rsa/1.0.11.RELEASE/spring-security-rsa-1.0.11.RELEASE-sources.jar
2024-11-03 08:16:35,186 [Worker-396: Download sources and javadoc] INFO  o.e.m.j.internal.DownloadSourcesJob - Downloaded sources for org.springframework.security:spring-security-rsa:1.0.11.RELEASE
2024-11-03 08:16:35,344 [Worker-396: Download sources and javadoc] INFO  o.e.m.c.i.e.AbstractTransferListenerAdapter - Downloading https://repo.maven.apache.org/maven2/org/bouncycastle/bcpkix-jdk15on/1.69/bcpkix-jdk15on-1.69-sources.jar
2024-11-03 08:16:35,525 [Worker-396: Download sources and javadoc] INFO  o.e.m.c.i.e.AbstractTransferListenerAdapter - Downloaded https://repo.maven.apache.org/maven2/org/bouncycastle/bcpkix-jdk15on/1.69/bcpkix-jdk15on-1.69-sources.jar
2024-11-03 08:16:35,525 [Worker-396: Download sources and javadoc] INFO  o.e.m.j.internal.DownloadSourcesJob - Downloaded sources for org.bouncycastle:bcpkix-jdk15on:1.69
2024-11-03 08:16:35,682 [Worker-396: Download sources and javadoc] INFO  o.e.m.c.i.e.AbstractTransferListenerAdapter - Downloading https://repo.maven.apache.org/maven2/org/bouncycastle/bcprov-jdk15on/1.69/bcprov-jdk15on-1.69-sources.jar
2024-11-03 08:16:36,113 [Worker-396: Download sources and javadoc] INFO  o.e.m.c.i.e.AbstractTransferListenerAdapter - Downloaded https://repo.maven.apache.org/maven2/org/bouncycastle/bcprov-jdk15on/1.69/bcprov-jdk15on-1.69-sources.jar
2024-11-03 08:16:36,116 [Worker-396: Download sources and javadoc] INFO  o.e.m.j.internal.DownloadSourcesJob - Downloaded sources for org.bouncycastle:bcprov-jdk15on:1.69
2024-11-03 08:16:36,277 [Worker-396: Download sources and javadoc] INFO  o.e.m.c.i.e.AbstractTransferListenerAdapter - Downloading https://repo.maven.apache.org/maven2/org/bouncycastle/bcutil-jdk15on/1.69/bcutil-jdk15on-1.69-sources.jar
2024-11-03 08:16:36,433 [Worker-396: Download sources and javadoc] INFO  o.e.m.c.i.e.AbstractTransferListenerAdapter - Downloaded https://repo.maven.apache.org/maven2/org/bouncycastle/bcutil-jdk15on/1.69/bcutil-jdk15on-1.69-sources.jar
2024-11-03 08:16:36,434 [Worker-396: Download sources and javadoc] INFO  o.e.m.j.internal.DownloadSourcesJob - Downloaded sources for org.bouncycastle:bcutil-jdk15on:1.69
2024-11-03 08:17:32,743 [Worker-397: Building] INFO  o.e.m.c.i.l.LifecycleMappingFactory - Using org.eclipse.m2e.jdt.JarLifecycleMapping lifecycle mapping for MavenProject: com.trello:trello-board-service:0.0.1-SNAPSHOT @ /Users/bubul/Documents/workspace-spring-tool-suite-4-4.25.0.RELEASE/trello/trello-board-service/pom.xml.
2024-11-03 08:17:33,005 [Worker-397: Building] INFO  o.e.m.c.i.e.AbstractTransferListenerAdapter - Downloaded https://repo.maven.apache.org/maven2/io/jsonwebtoken/jjwt/0.11.2/jjwt-0.11.2.pom
2024-11-03 08:17:33,006 [Worker-397: Building] WARN  o.e.m.c.i.embedder.EclipseLogger - The POM for io.jsonwebtoken:jjwt:jar:0.11.2 is missing, no dependency information available
2024-11-03 08:17:33,196 [Worker-397: Building] WARN  o.e.m.c.i.embedder.EclipseLogger - The artifact mysql:mysql-connector-java:jar:8.0.33 has been relocated to com.mysql:mysql-connector-j:jar:8.0.33: MySQL Connector/J artifacts moved to reverse-DNS compliant Maven 2+ coordinates.
2024-11-03 08:17:33,267 [Worker-397: Building] INFO  o.e.m.c.i.e.AbstractTransferListenerAdapter - Downloaded https://repo.maven.apache.org/maven2/io/jsonwebtoken/jjwt/0.11.2/jjwt-0.11.2.jar
2024-11-03 08:17:33,410 [Worker-397: Building] INFO  o.a.m.s.f.DefaultMavenResourcesFiltering - Copying 0 resource from src/main/resources to target/classes
2024-11-03 08:17:33,410 [Worker-397: Building] INFO  o.a.m.s.f.DefaultMavenResourcesFiltering - Copying 0 resource from src/main/resources to target/classes
2024-11-03 08:17:33,413 [Worker-397: Building] INFO  o.a.m.s.f.DefaultMavenResourcesFiltering - skip non existing resourceDirectory /Users/bubul/Documents/workspace-spring-tool-suite-4-4.25.0.RELEASE/trello/trello-board-service/src/test/resources
2024-11-03 08:17:34,757 [Worker-395: Download sources and javadoc] INFO  o.e.m.c.i.e.AbstractTransferListenerAdapter - Downloaded https://repo.maven.apache.org/maven2/io/jsonwebtoken/jjwt/0.11.2/jjwt-0.11.2-sources.jar
2024-11-03 08:17:34,758 [Worker-395: Download sources and javadoc] ERROR o.e.m.j.internal.DownloadSourcesJob - Could not download sources for io.jsonwebtoken:jjwt:0.11.2
org.eclipse.core.runtime.CoreException: Could not resolve artifact io.jsonwebtoken:jjwt:jar:sources:0.11.2
	at org.eclipse.m2e.core.internal.embedder.MavenImpl.lambda$7(MavenImpl.java:540)
	at org.eclipse.m2e.core.internal.embedder.MavenExecutionContext.executeBare(MavenExecutionContext.java:458)
	at org.eclipse.m2e.core.internal.embedder.MavenExecutionContext.execute(MavenExecutionContext.java:292)
	at org.eclipse.m2e.core.internal.embedder.MavenExecutionContext.execute(MavenExecutionContext.java:278)
	at org.eclipse.m2e.core.internal.embedder.MavenImpl.resolve(MavenImpl.java:509)
	at org.eclipse.m2e.core.internal.embedder.MavenImpl.resolve(MavenImpl.java:494)
	at org.eclipse.m2e.jdt.internal.DownloadSourcesJob.download(DownloadSourcesJob.java:308)
	at org.eclipse.m2e.jdt.internal.DownloadSourcesJob.downloadAttachments(DownloadSourcesJob.java:282)
	at org.eclipse.m2e.jdt.internal.DownloadSourcesJob.downloadMaven(DownloadSourcesJob.java:252)
	at org.eclipse.m2e.jdt.internal.DownloadSourcesJob.downloadFilesAndPopulateToUpdate(DownloadSourcesJob.java:220)
	at org.eclipse.m2e.jdt.internal.DownloadSourcesJob.lambda$0(DownloadSourcesJob.java:149)
	at org.eclipse.m2e.core.internal.embedder.MavenExecutionContext.executeBare(MavenExecutionContext.java:458)
	at org.eclipse.m2e.core.internal.embedder.MavenExecutionContext.execute(MavenExecutionContext.java:339)
	at org.eclipse.m2e.core.internal.embedder.MavenExecutionContext.execute(MavenExecutionContext.java:278)
	at org.eclipse.m2e.core.embedder.IMaven.execute(IMaven.java:300)
	at org.eclipse.m2e.jdt.internal.DownloadSourcesJob.run(DownloadSourcesJob.java:149)
	at org.eclipse.core.internal.jobs.Worker.run(Worker.java:63)
2024-11-03 08:17:34,916 [Worker-395: Download sources and javadoc] INFO  o.e.m.c.i.e.AbstractTransferListenerAdapter - Downloading https://repo.maven.apache.org/maven2/org/springframework/cloud/spring-cloud-starter/4.0.3/spring-cloud-starter-4.0.3-javadoc.jar
2024-11-03 08:17:34,917 [Worker-395: Download sources and javadoc] INFO  o.e.m.c.i.e.AbstractTransferListenerAdapter - Downloaded https://repo.maven.apache.org/maven2/org/springframework/cloud/spring-cloud-starter/4.0.3/spring-cloud-starter-4.0.3-javadoc.jar
2024-11-03 08:17:34,918 [Worker-395: Download sources and javadoc] INFO  o.e.m.j.internal.DownloadSourcesJob - Downloaded javadoc for org.springframework.cloud:spring-cloud-starter:4.0.3
2024-11-03 08:17:39,876 [Worker-399: Building] INFO  o.e.m.c.i.l.LifecycleMappingFactory - Using org.eclipse.m2e.jdt.JarLifecycleMapping lifecycle mapping for MavenProject: com.trello:trello-board-service:0.0.1-SNAPSHOT @ /Users/bubul/Documents/workspace-spring-tool-suite-4-4.25.0.RELEASE/trello/trello-board-service/pom.xml.
2024-11-03 08:17:40,188 [Worker-399: Building] WARN  o.e.m.c.i.embedder.EclipseLogger - The artifact mysql:mysql-connector-java:jar:8.0.33 has been relocated to com.mysql:mysql-connector-j:jar:8.0.33: MySQL Connector/J artifacts moved to reverse-DNS compliant Maven 2+ coordinates.
2024-11-03 08:17:58,984 [Worker-393: Building] INFO  o.e.m.c.i.l.LifecycleMappingFactory - Using org.eclipse.m2e.jdt.JarLifecycleMapping lifecycle mapping for MavenProject: com.trello:trello-board-service:0.0.1-SNAPSHOT @ /Users/bubul/Documents/workspace-spring-tool-suite-4-4.25.0.RELEASE/trello/trello-board-service/pom.xml.
2024-11-03 08:17:59,277 [Worker-393: Building] WARN  o.e.m.c.i.embedder.EclipseLogger - The artifact mysql:mysql-connector-java:jar:8.0.33 has been relocated to com.mysql:mysql-connector-j:jar:8.0.33: MySQL Connector/J artifacts moved to reverse-DNS compliant Maven 2+ coordinates.
2024-11-03 08:17:59,290 [Worker-393: Building] ERROR o.e.m.c.i.p.ProjectConfigurationManager - Could not read maven project
org.eclipse.core.runtime.CoreException: Could not read maven project
	at org.eclipse.m2e.core.internal.embedder.MavenImpl.lambda$4(MavenImpl.java:371)
	at org.eclipse.m2e.core.internal.embedder.MavenExecutionContext.executeBare(MavenExecutionContext.java:458)
	at org.eclipse.m2e.core.internal.embedder.MavenExecutionContext.execute(MavenExecutionContext.java:292)
	at org.eclipse.m2e.core.internal.embedder.MavenExecutionContext.execute(MavenExecutionContext.java:278)
	at org.eclipse.m2e.core.internal.embedder.MavenImpl.readProject(MavenImpl.java:361)
	at org.eclipse.m2e.mavenarchiver.internal.AbstractMavenArchiverConfigurator.lambda$4(AbstractMavenArchiverConfigurator.java:576)
	at org.eclipse.m2e.core.internal.embedder.MavenExecutionContext.executeBare(MavenExecutionContext.java:458)
	at org.eclipse.m2e.core.internal.embedder.MavenExecutionContext.execute(MavenExecutionContext.java:339)
	at org.eclipse.m2e.mavenarchiver.internal.AbstractMavenArchiverConfigurator.loadParentHierarchy(AbstractMavenArchiverConfigurator.java:568)
	at org.eclipse.m2e.mavenarchiver.internal.AbstractMavenArchiverConfigurator.generateManifest(AbstractMavenArchiverConfigurator.java:365)
	at org.eclipse.m2e.mavenarchiver.internal.AbstractMavenArchiverConfigurator.mavenProjectChanged(AbstractMavenArchiverConfigurator.java:228)
	at org.eclipse.m2e.mavenarchiver.internal.AbstractMavenArchiverConfigurator.mavenProjectChanged(AbstractMavenArchiverConfigurator.java:220)
	at org.eclipse.m2e.core.internal.project.ProjectConfigurationManager.mavenProjectChanged(ProjectConfigurationManager.java:885)
	at org.eclipse.m2e.core.internal.project.registry.ProjectRegistryManager.notifyProjectChangeListeners(ProjectRegistryManager.java:892)
	at org.eclipse.m2e.core.internal.project.registry.ProjectRegistryManager.applyMutableProjectRegistry(ProjectRegistryManager.java:1042)
	at org.eclipse.m2e.core.internal.project.registry.ProjectRegistryManager.refresh(ProjectRegistryManager.java:324)
	at org.eclipse.m2e.core.internal.builder.MavenBuilder$BuildMethod.getProjectFacade(MavenBuilder.java:146)
	at org.eclipse.m2e.core.internal.builder.MavenBuilder$BuildMethod.lambda$0(MavenBuilder.java:84)
	at org.eclipse.m2e.core.internal.embedder.MavenExecutionContext.executeBare(MavenExecutionContext.java:458)
	at org.eclipse.m2e.core.internal.embedder.MavenExecutionContext.execute(MavenExecutionContext.java:339)
	at org.eclipse.m2e.core.internal.embedder.MavenExecutionContext.execute(MavenExecutionContext.java:278)
	at org.eclipse.m2e.core.internal.builder.MavenBuilder$BuildMethod.execute(MavenBuilder.java:83)
	at org.eclipse.m2e.core.internal.builder.MavenBuilder.build(MavenBuilder.java:192)
	at org.eclipse.core.internal.events.BuildManager$2.run(BuildManager.java:1077)
	at org.eclipse.core.runtime.SafeRunner.run(SafeRunner.java:47)
	at org.eclipse.core.internal.events.BuildManager.basicBuild(BuildManager.java:296)
	at org.eclipse.core.internal.events.BuildManager.basicBuild(BuildManager.java:352)
	at org.eclipse.core.internal.events.BuildManager$1.run(BuildManager.java:441)
	at org.eclipse.core.runtime.SafeRunner.run(SafeRunner.java:47)
	at org.eclipse.core.internal.events.BuildManager.basicBuild(BuildManager.java:444)
	at org.eclipse.core.internal.events.BuildManager.basicBuildLoop(BuildManager.java:555)
	at org.eclipse.core.internal.events.BuildManager.basicBuildLoop(BuildManager.java:503)
	at org.eclipse.core.internal.events.BuildManager.build(BuildManager.java:585)
	at org.eclipse.core.internal.events.AutoBuildJob.doBuild(AutoBuildJob.java:207)
	at org.eclipse.core.internal.events.AutoBuildJob.run(AutoBuildJob.java:300)
	at org.eclipse.core.internal.jobs.Worker.run(Worker.java:63)
Caused by: org.apache.maven.project.ProjectBuildingException: 1 problem was encountered while building the effective model
[FATAL] Non-readable POM /Users/bubul/Documents/workspace-spring-tool-suite-4-4.25.0.RELEASE/trello/trello-board-service: /Users/bubul/Documents/workspace-spring-tool-suite-4-4.25.0.RELEASE/trello/trello-board-service (Is a directory) @ 
 for project  at /Users/bubul/Documents/workspace-spring-tool-suite-4-4.25.0.RELEASE/trello/trello-board-service
	at org.apache.maven.project.DefaultProjectBuilder.build(DefaultProjectBuilder.java:180)
	at org.apache.maven.project.DefaultProjectBuilder.build(DefaultProjectBuilder.java:123)
	at org.eclipse.m2e.core.internal.embedder.MavenImpl.lambda$4(MavenImpl.java:369)
	... 35 common frames omitted
Caused by: org.apache.maven.model.building.ModelBuildingException: 1 problem was encountered while building the effective model
[FATAL] Non-readable POM /Users/bubul/Documents/workspace-spring-tool-suite-4-4.25.0.RELEASE/trello/trello-board-service: /Users/bubul/Documents/workspace-spring-tool-suite-4-4.25.0.RELEASE/trello/trello-board-service (Is a directory) @ 

	at org.apache.maven.model.building.DefaultModelProblemCollector.newModelBuildingException(DefaultModelProblemCollector.java:176)
	at org.apache.maven.model.building.DefaultModelBuilder.readModel(DefaultModelBuilder.java:642)
	at org.apache.maven.model.building.DefaultModelBuilder.build(DefaultModelBuilder.java:262)
	at org.apache.maven.model.building.DefaultModelBuilder.build(DefaultModelBuilder.java:248)
	at org.apache.maven.project.DefaultProjectBuilder.build(DefaultProjectBuilder.java:176)
	... 37 common frames omitted
2024-11-03 08:18:17,313 [Worker-397: Building] INFO  o.e.m.c.i.l.LifecycleMappingFactory - Using org.eclipse.m2e.jdt.JarLifecycleMapping lifecycle mapping for MavenProject: com.trello:trello-board-service:0.0.1-SNAPSHOT @ /Users/bubul/Documents/workspace-spring-tool-suite-4-4.25.0.RELEASE/trello/trello-board-service/pom.xml.
2024-11-03 08:18:17,424 [Worker-397: Building] WARN  o.e.m.c.i.embedder.EclipseLogger - The POM for io.jsonwebtoken:jjwt:jar:0.11.2 is missing, no dependency information available
2024-11-03 08:18:17,666 [Worker-397: Building] WARN  o.e.m.c.i.embedder.EclipseLogger - The artifact mysql:mysql-connector-java:jar:8.0.33 has been relocated to com.mysql:mysql-connector-j:jar:8.0.33: MySQL Connector/J artifacts moved to reverse-DNS compliant Maven 2+ coordinates.
2024-11-03 08:18:17,819 [Worker-397: Building] INFO  o.a.m.s.f.DefaultMavenResourcesFiltering - Copying 0 resource from src/main/resources to target/classes
2024-11-03 08:18:17,819 [Worker-397: Building] INFO  o.a.m.s.f.DefaultMavenResourcesFiltering - Copying 0 resource from src/main/resources to target/classes
2024-11-03 08:18:17,821 [Worker-397: Building] INFO  o.a.m.s.f.DefaultMavenResourcesFiltering - skip non existing resourceDirectory /Users/bubul/Documents/workspace-spring-tool-suite-4-4.25.0.RELEASE/trello/trello-board-service/src/test/resources
2024-11-03 08:18:19,261 [Worker-398: Download sources and javadoc] INFO  o.e.m.c.i.e.AbstractTransferListenerAdapter - Downloaded https://repo.maven.apache.org/maven2/io/jsonwebtoken/jjwt/0.11.2/jjwt-0.11.2-javadoc.jar
2024-11-03 08:18:19,263 [Worker-398: Download sources and javadoc] ERROR o.e.m.j.internal.DownloadSourcesJob - Could not download javadoc for io.jsonwebtoken:jjwt:0.11.2
org.eclipse.core.runtime.CoreException: Could not resolve artifact io.jsonwebtoken:jjwt:jar:javadoc:0.11.2
	at org.eclipse.m2e.core.internal.embedder.MavenImpl.lambda$7(MavenImpl.java:540)
	at org.eclipse.m2e.core.internal.embedder.MavenExecutionContext.executeBare(MavenExecutionContext.java:458)
	at org.eclipse.m2e.core.internal.embedder.MavenExecutionContext.execute(MavenExecutionContext.java:292)
	at org.eclipse.m2e.core.internal.embedder.MavenExecutionContext.execute(MavenExecutionContext.java:278)
	at org.eclipse.m2e.core.internal.embedder.MavenImpl.resolve(MavenImpl.java:509)
	at org.eclipse.m2e.core.internal.embedder.MavenImpl.resolve(MavenImpl.java:494)
	at org.eclipse.m2e.jdt.internal.DownloadSourcesJob.download(DownloadSourcesJob.java:308)
	at org.eclipse.m2e.jdt.internal.DownloadSourcesJob.downloadAttachments(DownloadSourcesJob.java:294)
	at org.eclipse.m2e.jdt.internal.DownloadSourcesJob.downloadMaven(DownloadSourcesJob.java:252)
	at org.eclipse.m2e.jdt.internal.DownloadSourcesJob.downloadFilesAndPopulateToUpdate(DownloadSourcesJob.java:220)
	at org.eclipse.m2e.jdt.internal.DownloadSourcesJob.lambda$0(DownloadSourcesJob.java:149)
	at org.eclipse.m2e.core.internal.embedder.MavenExecutionContext.executeBare(MavenExecutionContext.java:458)
	at org.eclipse.m2e.core.internal.embedder.MavenExecutionContext.execute(MavenExecutionContext.java:339)
	at org.eclipse.m2e.core.internal.embedder.MavenExecutionContext.execute(MavenExecutionContext.java:278)
	at org.eclipse.m2e.core.embedder.IMaven.execute(IMaven.java:300)
	at org.eclipse.m2e.jdt.internal.DownloadSourcesJob.run(DownloadSourcesJob.java:149)
	at org.eclipse.core.internal.jobs.Worker.run(Worker.java:63)
2024-11-03 08:19:32,855 [Worker-398: Building] INFO  o.e.m.c.i.l.LifecycleMappingFactory - Using org.eclipse.m2e.jdt.JarLifecycleMapping lifecycle mapping for MavenProject: com.trello:trello-board-service:0.0.1-SNAPSHOT @ /Users/bubul/Documents/workspace-spring-tool-suite-4-4.25.0.RELEASE/trello/trello-board-service/pom.xml.
2024-11-03 08:19:33,219 [Worker-398: Building] INFO  o.e.m.c.i.e.AbstractTransferListenerAdapter - Downloading https://repo.maven.apache.org/maven2/io/jsonwebtoken/jjwt-api/0.11.2/jjwt-api-0.11.2.pom
2024-11-03 08:19:33,221 [Worker-398: Building] INFO  o.e.m.c.i.e.AbstractTransferListenerAdapter - Downloaded https://repo.maven.apache.org/maven2/io/jsonwebtoken/jjwt-api/0.11.2/jjwt-api-0.11.2.pom
2024-11-03 08:19:33,275 [Worker-398: Building] INFO  o.e.m.c.i.e.AbstractTransferListenerAdapter - Downloading https://repo.maven.apache.org/maven2/io/jsonwebtoken/jjwt-root/0.11.2/jjwt-root-0.11.2.pom
2024-11-03 08:19:33,283 [Worker-398: Building] INFO  o.e.m.c.i.e.AbstractTransferListenerAdapter - Downloaded https://repo.maven.apache.org/maven2/io/jsonwebtoken/jjwt-root/0.11.2/jjwt-root-0.11.2.pom
2024-11-03 08:19:33,496 [Worker-398: Building] WARN  o.e.m.c.i.embedder.EclipseLogger - The artifact mysql:mysql-connector-java:jar:8.0.33 has been relocated to com.mysql:mysql-connector-j:jar:8.0.33: MySQL Connector/J artifacts moved to reverse-DNS compliant Maven 2+ coordinates.
2024-11-03 08:19:33,583 [Worker-398: Building] INFO  o.e.m.c.i.e.AbstractTransferListenerAdapter - Downloading https://repo.maven.apache.org/maven2/io/jsonwebtoken/jjwt-api/0.11.2/jjwt-api-0.11.2.jar
2024-11-03 08:19:33,641 [Worker-398: Building] INFO  o.e.m.c.i.e.AbstractTransferListenerAdapter - Downloaded https://repo.maven.apache.org/maven2/io/jsonwebtoken/jjwt-api/0.11.2/jjwt-api-0.11.2.jar
2024-11-03 08:19:33,881 [Worker-398: Building] INFO  o.a.m.s.f.DefaultMavenResourcesFiltering - Copying 0 resource from src/main/resources to target/classes
2024-11-03 08:19:33,881 [Worker-398: Building] INFO  o.a.m.s.f.DefaultMavenResourcesFiltering - Copying 0 resource from src/main/resources to target/classes
2024-11-03 08:19:33,883 [Worker-398: Building] INFO  o.a.m.s.f.DefaultMavenResourcesFiltering - skip non existing resourceDirectory /Users/bubul/Documents/workspace-spring-tool-suite-4-4.25.0.RELEASE/trello/trello-board-service/src/test/resources
2024-11-03 08:19:34,222 [Worker-401: Building] INFO  o.a.m.s.f.DefaultMavenResourcesFiltering - Copying 1 resource from src/main/resources to target/classes
2024-11-03 08:19:34,232 [Worker-401: Building] INFO  o.a.m.s.f.DefaultMavenResourcesFiltering - Copying 0 resource from src/main/resources to target/classes
2024-11-03 08:19:34,234 [Worker-401: Building] INFO  o.a.m.s.f.DefaultMavenResourcesFiltering - skip non existing resourceDirectory /Users/bubul/Documents/workspace-spring-tool-suite-4-4.25.0.RELEASE/trello/trello-board-service/src/test/resources
2024-11-03 08:19:35,023 [Worker-402: Download sources and javadoc] INFO  o.e.m.c.i.e.AbstractTransferListenerAdapter - Downloading https://repo.maven.apache.org/maven2/io/jsonwebtoken/jjwt-api/0.11.2/jjwt-api-0.11.2-sources.jar
2024-11-03 08:19:35,096 [Worker-402: Download sources and javadoc] INFO  o.e.m.c.i.e.AbstractTransferListenerAdapter - Downloaded https://repo.maven.apache.org/maven2/io/jsonwebtoken/jjwt-api/0.11.2/jjwt-api-0.11.2-sources.jar
2024-11-03 08:19:35,099 [Worker-402: Download sources and javadoc] INFO  o.e.m.j.internal.DownloadSourcesJob - Downloaded sources for io.jsonwebtoken:jjwt-api:0.11.2
2024-11-03 08:19:45,654 [Worker-401: Building] INFO  o.e.m.c.i.l.LifecycleMappingFactory - Using org.eclipse.m2e.jdt.JarLifecycleMapping lifecycle mapping for MavenProject: com.trello:trello-board-service:0.0.1-SNAPSHOT @ /Users/bubul/Documents/workspace-spring-tool-suite-4-4.25.0.RELEASE/trello/trello-board-service/pom.xml.
2024-11-03 08:19:45,981 [Worker-401: Building] WARN  o.e.m.c.i.embedder.EclipseLogger - The artifact mysql:mysql-connector-java:jar:8.0.33 has been relocated to com.mysql:mysql-connector-j:jar:8.0.33: MySQL Connector/J artifacts moved to reverse-DNS compliant Maven 2+ coordinates.
2024-11-03 08:19:46,142 [Worker-401: Building] INFO  o.a.m.s.f.DefaultMavenResourcesFiltering - Copying 0 resource from src/main/resources to target/classes
2024-11-03 08:19:46,143 [Worker-401: Building] INFO  o.a.m.s.f.DefaultMavenResourcesFiltering - Copying 0 resource from src/main/resources to target/classes
2024-11-03 08:19:46,145 [Worker-401: Building] INFO  o.a.m.s.f.DefaultMavenResourcesFiltering - skip non existing resourceDirectory /Users/bubul/Documents/workspace-spring-tool-suite-4-4.25.0.RELEASE/trello/trello-board-service/src/test/resources
2024-11-03 08:22:36,300 [Worker-404: Building] INFO  o.a.m.s.f.DefaultMavenResourcesFiltering - Copying 1 resource from src/main/resources to target/classes
2024-11-03 08:22:36,334 [Worker-404: Building] INFO  o.a.m.s.f.DefaultMavenResourcesFiltering - Copying 0 resource from src/main/resources to target/classes
2024-11-03 08:22:36,336 [Worker-404: Building] INFO  o.a.m.s.f.DefaultMavenResourcesFiltering - skip non existing resourceDirectory /Users/bubul/Documents/workspace-spring-tool-suite-4-4.25.0.RELEASE/trello/trello-board-service/src/test/resources
2024-11-03 08:23:58,096 [Worker-408: Building] INFO  o.a.m.s.f.DefaultMavenResourcesFiltering - Copying 1 resource from src/main/resources to target/classes
2024-11-03 08:23:58,108 [Worker-408: Building] INFO  o.a.m.s.f.DefaultMavenResourcesFiltering - Copying 0 resource from src/main/resources to target/classes
2024-11-03 08:23:58,109 [Worker-408: Building] INFO  o.a.m.s.f.DefaultMavenResourcesFiltering - skip non existing resourceDirectory /Users/bubul/Documents/workspace-spring-tool-suite-4-4.25.0.RELEASE/trello/trello-board-service/src/test/resources
2024-11-03 08:28:56,708 [Worker-408: Building] INFO  o.a.m.s.f.DefaultMavenResourcesFiltering - Copying 1 resource from src/main/resources to target/classes
2024-11-03 08:28:56,720 [Worker-408: Building] INFO  o.a.m.s.f.DefaultMavenResourcesFiltering - Copying 0 resource from src/main/resources to target/classes
2024-11-03 08:28:56,721 [Worker-408: Building] INFO  o.a.m.s.f.DefaultMavenResourcesFiltering - skip non existing resourceDirectory /Users/bubul/Documents/workspace-spring-tool-suite-4-4.25.0.RELEASE/trello/trello-board-service/src/test/resources
2024-11-03 08:29:04,593 [Worker-409: Building] INFO  o.a.m.s.f.DefaultMavenResourcesFiltering - Copying 1 resource from src/main/resources to target/classes
2024-11-03 08:29:04,603 [Worker-409: Building] INFO  o.a.m.s.f.DefaultMavenResourcesFiltering - Copying 0 resource from src/main/resources to target/classes
2024-11-03 08:29:04,604 [Worker-409: Building] INFO  o.a.m.s.f.DefaultMavenResourcesFiltering - skip non existing resourceDirectory /Users/bubul/Documents/workspace-spring-tool-suite-4-4.25.0.RELEASE/trello/trello-board-service/src/test/resources
2024-11-03 08:29:10,761 [Worker-408: Building] INFO  o.a.m.s.f.DefaultMavenResourcesFiltering - Copying 1 resource from src/main/resources to target/classes
2024-11-03 08:29:10,765 [Worker-408: Building] INFO  o.a.m.s.f.DefaultMavenResourcesFiltering - Copying 0 resource from src/main/resources to target/classes
2024-11-03 08:29:10,766 [Worker-408: Building] INFO  o.a.m.s.f.DefaultMavenResourcesFiltering - skip non existing resourceDirectory /Users/bubul/Documents/workspace-spring-tool-suite-4-4.25.0.RELEASE/trello/trello-board-service/src/test/resources
2024-11-03 08:29:32,227 [Worker-409: Building] INFO  o.a.m.s.f.DefaultMavenResourcesFiltering - Copying 1 resource from src/main/resources to target/classes
2024-11-03 08:29:32,231 [Worker-409: Building] INFO  o.a.m.s.f.DefaultMavenResourcesFiltering - Copying 0 resource from src/main/resources to target/classes
2024-11-03 08:29:32,232 [Worker-409: Building] INFO  o.a.m.s.f.DefaultMavenResourcesFiltering - skip non existing resourceDirectory /Users/bubul/Documents/workspace-spring-tool-suite-4-4.25.0.RELEASE/trello/trello-board-service/src/test/resources
2024-11-03 08:31:31,024 [Worker-416: Building] INFO  o.a.m.s.f.DefaultMavenResourcesFiltering - Copying 1 resource from src/main/resources to target/classes
2024-11-03 08:31:31,035 [Worker-416: Building] INFO  o.a.m.s.f.DefaultMavenResourcesFiltering - Copying 0 resource from src/main/resources to target/classes
2024-11-03 08:31:31,037 [Worker-416: Building] INFO  o.a.m.s.f.DefaultMavenResourcesFiltering - skip non existing resourceDirectory /Users/bubul/Documents/workspace-spring-tool-suite-4-4.25.0.RELEASE/trello/trello-board-service/src/test/resources
2024-11-03 08:36:19,369 [Worker-420: Building] INFO  o.a.m.s.f.DefaultMavenResourcesFiltering - Copying 1 resource from src/main/resources to target/classes
2024-11-03 08:36:19,394 [Worker-420: Building] INFO  o.a.m.s.f.DefaultMavenResourcesFiltering - Copying 0 resource from src/main/resources to target/classes
2024-11-03 08:36:19,396 [Worker-420: Building] INFO  o.a.m.s.f.DefaultMavenResourcesFiltering - skip non existing resourceDirectory /Users/bubul/Documents/workspace-spring-tool-suite-4-4.25.0.RELEASE/trello/trello-board-service/src/test/resources
2024-11-03 08:36:33,261 [Worker-426: Building] INFO  o.a.m.s.f.DefaultMavenResourcesFiltering - Copying 1 resource from src/main/resources to target/classes
2024-11-03 08:36:33,266 [Worker-426: Building] INFO  o.a.m.s.f.DefaultMavenResourcesFiltering - Copying 0 resource from src/main/resources to target/classes
2024-11-03 08:36:33,272 [Worker-426: Building] INFO  o.a.m.s.f.DefaultMavenResourcesFiltering - skip non existing resourceDirectory /Users/bubul/Documents/workspace-spring-tool-suite-4-4.25.0.RELEASE/trello/trello-board-service/src/test/resources
2024-11-03 08:37:48,899 [Worker-425: Building] INFO  o.e.m.c.i.l.LifecycleMappingFactory - Using org.eclipse.m2e.jdt.JarLifecycleMapping lifecycle mapping for MavenProject: com.trello:trello-board-service:0.0.1-SNAPSHOT @ /Users/bubul/Documents/workspace-spring-tool-suite-4-4.25.0.RELEASE/trello/trello-board-service/pom.xml.
2024-11-03 08:37:49,302 [Worker-425: Building] INFO  o.e.m.c.i.e.AbstractTransferListenerAdapter - Downloading https://repo.maven.apache.org/maven2/io/micrometer/micrometer-tracing-bridge-brave/1.3.5/micrometer-tracing-bridge-brave-1.3.5.pom
2024-11-03 08:37:49,303 [Worker-425: Building] INFO  o.e.m.c.i.e.AbstractTransferListenerAdapter - Downloaded https://repo.maven.apache.org/maven2/io/micrometer/micrometer-tracing-bridge-brave/1.3.5/micrometer-tracing-bridge-brave-1.3.5.pom
2024-11-03 08:37:49,357 [Worker-425: Building] INFO  o.e.m.c.i.e.AbstractTransferListenerAdapter - Downloading https://repo.maven.apache.org/maven2/io/micrometer/micrometer-tracing/1.3.5/micrometer-tracing-1.3.5.pom
2024-11-03 08:37:49,358 [Worker-425: Building] INFO  o.e.m.c.i.e.AbstractTransferListenerAdapter - Downloaded https://repo.maven.apache.org/maven2/io/micrometer/micrometer-tracing/1.3.5/micrometer-tracing-1.3.5.pom
2024-11-03 08:37:49,413 [Worker-425: Building] INFO  o.e.m.c.i.e.AbstractTransferListenerAdapter - Downloading https://repo.maven.apache.org/maven2/io/micrometer/context-propagation/1.1.2/context-propagation-1.1.2.pom
2024-11-03 08:37:49,414 [Worker-425: Building] INFO  o.e.m.c.i.e.AbstractTransferListenerAdapter - Downloaded https://repo.maven.apache.org/maven2/io/micrometer/context-propagation/1.1.2/context-propagation-1.1.2.pom
2024-11-03 08:37:49,480 [Worker-425: Building] INFO  o.e.m.c.i.e.AbstractTransferListenerAdapter - Downloading https://repo.maven.apache.org/maven2/io/zipkin/aws/brave-propagation-aws/1.2.5/brave-propagation-aws-1.2.5.pom
2024-11-03 08:37:49,482 [Worker-425: Building] INFO  o.e.m.c.i.e.AbstractTransferListenerAdapter - Downloaded https://repo.maven.apache.org/maven2/io/zipkin/aws/brave-propagation-aws/1.2.5/brave-propagation-aws-1.2.5.pom
2024-11-03 08:37:49,538 [Worker-425: Building] INFO  o.e.m.c.i.e.AbstractTransferListenerAdapter - Downloading https://repo.maven.apache.org/maven2/io/zipkin/aws/zipkin-aws-parent/1.2.5/zipkin-aws-parent-1.2.5.pom
2024-11-03 08:37:49,553 [Worker-425: Building] INFO  o.e.m.c.i.e.AbstractTransferListenerAdapter - Downloaded https://repo.maven.apache.org/maven2/io/zipkin/aws/zipkin-aws-parent/1.2.5/zipkin-aws-parent-1.2.5.pom
2024-11-03 08:37:49,607 [Worker-425: Building] INFO  o.e.m.c.i.e.AbstractTransferListenerAdapter - Downloading https://repo.maven.apache.org/maven2/io/zipkin/contrib/brave-propagation-w3c/brave-propagation-tracecontext/0.2.0/brave-propagation-tracecontext-0.2.0.pom
2024-11-03 08:37:49,609 [Worker-425: Building] INFO  o.e.m.c.i.e.AbstractTransferListenerAdapter - Downloaded https://repo.maven.apache.org/maven2/io/zipkin/contrib/brave-propagation-w3c/brave-propagation-tracecontext/0.2.0/brave-propagation-tracecontext-0.2.0.pom
2024-11-03 08:37:49,664 [Worker-425: Building] INFO  o.e.m.c.i.e.AbstractTransferListenerAdapter - Downloading https://repo.maven.apache.org/maven2/io/zipkin/contrib/brave-propagation-w3c/brave-propagation-w3c-parent/0.2.0/brave-propagation-w3c-parent-0.2.0.pom
2024-11-03 08:37:49,676 [Worker-425: Building] INFO  o.e.m.c.i.e.AbstractTransferListenerAdapter - Downloaded https://repo.maven.apache.org/maven2/io/zipkin/contrib/brave-propagation-w3c/brave-propagation-w3c-parent/0.2.0/brave-propagation-w3c-parent-0.2.0.pom
2024-11-03 08:37:49,703 [Worker-425: Building] WARN  o.e.m.c.i.embedder.EclipseLogger - The artifact mysql:mysql-connector-java:jar:8.0.33 has been relocated to com.mysql:mysql-connector-j:jar:8.0.33: MySQL Connector/J artifacts moved to reverse-DNS compliant Maven 2+ coordinates.
2024-11-03 08:37:49,775 [Worker-425: Building] INFO  o.e.m.c.i.e.AbstractTransferListenerAdapter - Downloading https://repo.maven.apache.org/maven2/io/micrometer/micrometer-tracing-bridge-brave/1.3.5/micrometer-tracing-bridge-brave-1.3.5.jar
2024-11-03 08:37:49,828 [Worker-425: Building] INFO  o.e.m.c.i.e.AbstractTransferListenerAdapter - Downloaded https://repo.maven.apache.org/maven2/io/micrometer/micrometer-tracing-bridge-brave/1.3.5/micrometer-tracing-bridge-brave-1.3.5.jar
2024-11-03 08:37:49,885 [BasicRepositoryConnector-repo.maven.apache.org-6-0] INFO  o.e.m.c.i.e.AbstractTransferListenerAdapter - Downloading https://repo.maven.apache.org/maven2/io/micrometer/micrometer-tracing/1.3.5/micrometer-tracing-1.3.5.jar
2024-11-03 08:37:49,903 [BasicRepositoryConnector-repo.maven.apache.org-6-0] INFO  o.e.m.c.i.e.AbstractTransferListenerAdapter - Downloaded https://repo.maven.apache.org/maven2/io/micrometer/micrometer-tracing/1.3.5/micrometer-tracing-1.3.5.jar
2024-11-03 08:37:49,990 [BasicRepositoryConnector-repo.maven.apache.org-6-2] INFO  o.e.m.c.i.e.AbstractTransferListenerAdapter - Downloading https://repo.maven.apache.org/maven2/io/zipkin/aws/brave-propagation-aws/1.2.5/brave-propagation-aws-1.2.5.jar
2024-11-03 08:37:49,990 [BasicRepositoryConnector-repo.maven.apache.org-6-1] INFO  o.e.m.c.i.e.AbstractTransferListenerAdapter - Downloading https://repo.maven.apache.org/maven2/io/micrometer/context-propagation/1.1.2/context-propagation-1.1.2.jar
2024-11-03 08:37:49,990 [BasicRepositoryConnector-repo.maven.apache.org-6-3] INFO  o.e.m.c.i.e.AbstractTransferListenerAdapter - Downloading https://repo.maven.apache.org/maven2/io/zipkin/contrib/brave-propagation-w3c/brave-propagation-tracecontext/0.2.0/brave-propagation-tracecontext-0.2.0.jar
2024-11-03 08:37:49,994 [BasicRepositoryConnector-repo.maven.apache.org-6-2] INFO  o.e.m.c.i.e.AbstractTransferListenerAdapter - Downloaded https://repo.maven.apache.org/maven2/io/zipkin/aws/brave-propagation-aws/1.2.5/brave-propagation-aws-1.2.5.jar
2024-11-03 08:37:50,000 [BasicRepositoryConnector-repo.maven.apache.org-6-1] INFO  o.e.m.c.i.e.AbstractTransferListenerAdapter - Downloaded https://repo.maven.apache.org/maven2/io/micrometer/context-propagation/1.1.2/context-propagation-1.1.2.jar
2024-11-03 08:37:50,040 [BasicRepositoryConnector-repo.maven.apache.org-6-3] INFO  o.e.m.c.i.e.AbstractTransferListenerAdapter - Downloaded https://repo.maven.apache.org/maven2/io/zipkin/contrib/brave-propagation-w3c/brave-propagation-tracecontext/0.2.0/brave-propagation-tracecontext-0.2.0.jar
2024-11-03 08:37:50,295 [Worker-425: Building] INFO  o.a.m.s.f.DefaultMavenResourcesFiltering - Copying 0 resource from src/main/resources to target/classes
2024-11-03 08:37:50,295 [Worker-425: Building] INFO  o.a.m.s.f.DefaultMavenResourcesFiltering - Copying 0 resource from src/main/resources to target/classes
2024-11-03 08:37:50,298 [Worker-425: Building] INFO  o.a.m.s.f.DefaultMavenResourcesFiltering - skip non existing resourceDirectory /Users/bubul/Documents/workspace-spring-tool-suite-4-4.25.0.RELEASE/trello/trello-board-service/src/test/resources
2024-11-03 08:37:51,388 [Worker-421: Download sources and javadoc] INFO  o.e.m.c.i.e.AbstractTransferListenerAdapter - Downloading https://repo.maven.apache.org/maven2/io/micrometer/micrometer-tracing-bridge-brave/1.3.5/micrometer-tracing-bridge-brave-1.3.5-sources.jar
2024-11-03 08:37:51,438 [Worker-421: Download sources and javadoc] INFO  o.e.m.c.i.e.AbstractTransferListenerAdapter - Downloaded https://repo.maven.apache.org/maven2/io/micrometer/micrometer-tracing-bridge-brave/1.3.5/micrometer-tracing-bridge-brave-1.3.5-sources.jar
2024-11-03 08:37:51,439 [Worker-421: Download sources and javadoc] INFO  o.e.m.j.internal.DownloadSourcesJob - Downloaded sources for io.micrometer:micrometer-tracing-bridge-brave:1.3.5
2024-11-03 08:37:51,553 [Worker-420: Building] INFO  o.a.m.s.f.DefaultMavenResourcesFiltering - Copying 1 resource from src/main/resources to target/classes
2024-11-03 08:37:51,565 [Worker-420: Building] INFO  o.a.m.s.f.DefaultMavenResourcesFiltering - Copying 0 resource from src/main/resources to target/classes
2024-11-03 08:37:51,569 [Worker-420: Building] INFO  o.a.m.s.f.DefaultMavenResourcesFiltering - skip non existing resourceDirectory /Users/bubul/Documents/workspace-spring-tool-suite-4-4.25.0.RELEASE/trello/trello-board-service/src/test/resources
2024-11-03 08:37:51,600 [Worker-421: Download sources and javadoc] INFO  o.e.m.c.i.e.AbstractTransferListenerAdapter - Downloading https://repo.maven.apache.org/maven2/io/micrometer/micrometer-tracing/1.3.5/micrometer-tracing-1.3.5-sources.jar
2024-11-03 08:37:51,668 [Worker-421: Download sources and javadoc] INFO  o.e.m.c.i.e.AbstractTransferListenerAdapter - Downloaded https://repo.maven.apache.org/maven2/io/micrometer/micrometer-tracing/1.3.5/micrometer-tracing-1.3.5-sources.jar
2024-11-03 08:37:51,669 [Worker-421: Download sources and javadoc] INFO  o.e.m.j.internal.DownloadSourcesJob - Downloaded sources for io.micrometer:micrometer-tracing:1.3.5
2024-11-03 08:37:51,827 [Worker-421: Download sources and javadoc] INFO  o.e.m.c.i.e.AbstractTransferListenerAdapter - Downloading https://repo.maven.apache.org/maven2/io/micrometer/context-propagation/1.1.2/context-propagation-1.1.2-sources.jar
2024-11-03 08:37:51,834 [Worker-421: Download sources and javadoc] INFO  o.e.m.c.i.e.AbstractTransferListenerAdapter - Downloaded https://repo.maven.apache.org/maven2/io/micrometer/context-propagation/1.1.2/context-propagation-1.1.2-sources.jar
2024-11-03 08:37:51,834 [Worker-421: Download sources and javadoc] INFO  o.e.m.j.internal.DownloadSourcesJob - Downloaded sources for io.micrometer:context-propagation:1.1.2
2024-11-03 08:37:51,993 [Worker-421: Download sources and javadoc] INFO  o.e.m.c.i.e.AbstractTransferListenerAdapter - Downloading https://repo.maven.apache.org/maven2/aopalliance/aopalliance/1.0/aopalliance-1.0-sources.jar
2024-11-03 08:37:51,998 [Worker-421: Download sources and javadoc] INFO  o.e.m.c.i.e.AbstractTransferListenerAdapter - Downloaded https://repo.maven.apache.org/maven2/aopalliance/aopalliance/1.0/aopalliance-1.0-sources.jar
2024-11-03 08:37:51,998 [Worker-421: Download sources and javadoc] INFO  o.e.m.j.internal.DownloadSourcesJob - Downloaded sources for aopalliance:aopalliance:1.0
2024-11-03 08:37:52,156 [Worker-421: Download sources and javadoc] INFO  o.e.m.c.i.e.AbstractTransferListenerAdapter - Downloading https://repo.maven.apache.org/maven2/io/zipkin/aws/brave-propagation-aws/1.2.5/brave-propagation-aws-1.2.5-sources.jar
2024-11-03 08:37:52,159 [Worker-421: Download sources and javadoc] INFO  o.e.m.c.i.e.AbstractTransferListenerAdapter - Downloaded https://repo.maven.apache.org/maven2/io/zipkin/aws/brave-propagation-aws/1.2.5/brave-propagation-aws-1.2.5-sources.jar
2024-11-03 08:37:52,161 [Worker-421: Download sources and javadoc] INFO  o.e.m.j.internal.DownloadSourcesJob - Downloaded sources for io.zipkin.aws:brave-propagation-aws:1.2.5
2024-11-03 08:37:52,320 [Worker-421: Download sources and javadoc] INFO  o.e.m.c.i.e.AbstractTransferListenerAdapter - Downloading https://repo.maven.apache.org/maven2/io/zipkin/contrib/brave-propagation-w3c/brave-propagation-tracecontext/0.2.0/brave-propagation-tracecontext-0.2.0-sources.jar
2024-11-03 08:37:52,325 [Worker-421: Download sources and javadoc] INFO  o.e.m.c.i.e.AbstractTransferListenerAdapter - Downloaded https://repo.maven.apache.org/maven2/io/zipkin/contrib/brave-propagation-w3c/brave-propagation-tracecontext/0.2.0/brave-propagation-tracecontext-0.2.0-sources.jar
2024-11-03 08:37:52,327 [Worker-421: Download sources and javadoc] INFO  o.e.m.j.internal.DownloadSourcesJob - Downloaded sources for io.zipkin.contrib.brave-propagation-w3c:brave-propagation-tracecontext:0.2.0
2024-11-03 08:37:58,576 [Worker-423: Building] INFO  o.e.m.c.i.l.LifecycleMappingFactory - Using org.eclipse.m2e.jdt.JarLifecycleMapping lifecycle mapping for MavenProject: com.trello:trello-board-service:0.0.1-SNAPSHOT @ /Users/bubul/Documents/workspace-spring-tool-suite-4-4.25.0.RELEASE/trello/trello-board-service/pom.xml.
2024-11-03 08:37:58,834 [Worker-423: Building] WARN  o.e.m.c.i.embedder.EclipseLogger - The artifact mysql:mysql-connector-java:jar:8.0.33 has been relocated to com.mysql:mysql-connector-j:jar:8.0.33: MySQL Connector/J artifacts moved to reverse-DNS compliant Maven 2+ coordinates.
2024-11-03 08:37:58,946 [Worker-423: Building] INFO  o.a.m.s.f.DefaultMavenResourcesFiltering - Copying 0 resource from src/main/resources to target/classes
2024-11-03 08:37:58,946 [Worker-423: Building] INFO  o.a.m.s.f.DefaultMavenResourcesFiltering - Copying 0 resource from src/main/resources to target/classes
2024-11-03 08:37:58,948 [Worker-423: Building] INFO  o.a.m.s.f.DefaultMavenResourcesFiltering - skip non existing resourceDirectory /Users/bubul/Documents/workspace-spring-tool-suite-4-4.25.0.RELEASE/trello/trello-board-service/src/test/resources
2024-11-03 08:41:04,434 [Worker-429: Building] INFO  o.a.m.s.f.DefaultMavenResourcesFiltering - Copying 1 resource from src/main/resources to target/classes
2024-11-03 08:41:04,447 [Worker-429: Building] INFO  o.a.m.s.f.DefaultMavenResourcesFiltering - Copying 0 resource from src/main/resources to target/classes
2024-11-03 08:41:04,448 [Worker-429: Building] INFO  o.a.m.s.f.DefaultMavenResourcesFiltering - skip non existing resourceDirectory /Users/bubul/Documents/workspace-spring-tool-suite-4-4.25.0.RELEASE/trello/trello-board-service/src/test/resources
2024-11-03 08:41:11,431 [Worker-426: Building] INFO  o.a.m.s.f.DefaultMavenResourcesFiltering - Copying 1 resource from src/main/resources to target/classes
2024-11-03 08:41:11,439 [Worker-426: Building] INFO  o.a.m.s.f.DefaultMavenResourcesFiltering - Copying 0 resource from src/main/resources to target/classes
2024-11-03 08:41:11,440 [Worker-426: Building] INFO  o.a.m.s.f.DefaultMavenResourcesFiltering - skip non existing resourceDirectory /Users/bubul/Documents/workspace-spring-tool-suite-4-4.25.0.RELEASE/trello/trello-board-service/src/test/resources
2024-11-03 08:41:35,931 [Worker-425: Building] INFO  o.a.m.s.f.DefaultMavenResourcesFiltering - Copying 1 resource from src/main/resources to target/classes
2024-11-03 08:41:35,937 [Worker-425: Building] INFO  o.a.m.s.f.DefaultMavenResourcesFiltering - Copying 0 resource from src/main/resources to target/classes
2024-11-03 08:41:35,938 [Worker-425: Building] INFO  o.a.m.s.f.DefaultMavenResourcesFiltering - skip non existing resourceDirectory /Users/bubul/Documents/workspace-spring-tool-suite-4-4.25.0.RELEASE/trello/trello-board-service/src/test/resources
2024-11-03 08:41:40,814 [Worker-426: Building] INFO  o.a.m.s.f.DefaultMavenResourcesFiltering - Copying 1 resource from src/main/resources to target/classes
2024-11-03 08:41:40,820 [Worker-426: Building] INFO  o.a.m.s.f.DefaultMavenResourcesFiltering - Copying 0 resource from src/main/resources to target/classes
2024-11-03 08:41:40,821 [Worker-426: Building] INFO  o.a.m.s.f.DefaultMavenResourcesFiltering - skip non existing resourceDirectory /Users/bubul/Documents/workspace-spring-tool-suite-4-4.25.0.RELEASE/trello/trello-board-service/src/test/resources
2024-11-03 08:42:14,457 [Worker-425: Building] INFO  o.a.m.s.f.DefaultMavenResourcesFiltering - Copying 1 resource from src/main/resources to target/classes
2024-11-03 08:42:14,462 [Worker-425: Building] INFO  o.a.m.s.f.DefaultMavenResourcesFiltering - Copying 0 resource from src/main/resources to target/classes
2024-11-03 08:42:14,463 [Worker-425: Building] INFO  o.a.m.s.f.DefaultMavenResourcesFiltering - skip non existing resourceDirectory /Users/bubul/Documents/workspace-spring-tool-suite-4-4.25.0.RELEASE/trello/trello-board-service/src/test/resources
2024-11-03 08:42:22,631 [Worker-433: Building] INFO  o.a.m.s.f.DefaultMavenResourcesFiltering - Copying 1 resource from src/main/resources to target/classes
2024-11-03 08:42:22,648 [Worker-433: Building] INFO  o.a.m.s.f.DefaultMavenResourcesFiltering - Copying 0 resource from src/main/resources to target/classes
2024-11-03 08:42:22,651 [Worker-433: Building] INFO  o.a.m.s.f.DefaultMavenResourcesFiltering - skip non existing resourceDirectory /Users/bubul/Documents/workspace-spring-tool-suite-4-4.25.0.RELEASE/trello/trello-board-service/src/test/resources
2024-11-03 08:42:27,732 [Worker-432: Building] INFO  o.a.m.s.f.DefaultMavenResourcesFiltering - Copying 1 resource from src/main/resources to target/classes
2024-11-03 08:42:27,741 [Worker-432: Building] INFO  o.a.m.s.f.DefaultMavenResourcesFiltering - Copying 0 resource from src/main/resources to target/classes
2024-11-03 08:42:27,743 [Worker-432: Building] INFO  o.a.m.s.f.DefaultMavenResourcesFiltering - skip non existing resourceDirectory /Users/bubul/Documents/workspace-spring-tool-suite-4-4.25.0.RELEASE/trello/trello-board-service/src/test/resources
2024-11-03 08:42:32,539 [Worker-432: Building] INFO  o.a.m.s.f.DefaultMavenResourcesFiltering - Copying 1 resource from src/main/resources to target/classes
2024-11-03 08:42:32,554 [Worker-432: Building] INFO  o.a.m.s.f.DefaultMavenResourcesFiltering - Copying 0 resource from src/main/resources to target/classes
2024-11-03 08:42:32,560 [Worker-432: Building] INFO  o.a.m.s.f.DefaultMavenResourcesFiltering - skip non existing resourceDirectory /Users/bubul/Documents/workspace-spring-tool-suite-4-4.25.0.RELEASE/trello/trello-board-service/src/test/resources
2024-11-03 08:44:19,761 [Worker-433: Building] INFO  o.a.m.s.f.DefaultMavenResourcesFiltering - Copying 1 resource from src/main/resources to target/classes
2024-11-03 08:44:19,768 [Worker-433: Building] INFO  o.a.m.s.f.DefaultMavenResourcesFiltering - Copying 0 resource from src/main/resources to target/classes
2024-11-03 08:44:19,769 [Worker-433: Building] INFO  o.a.m.s.f.DefaultMavenResourcesFiltering - skip non existing resourceDirectory /Users/bubul/Documents/workspace-spring-tool-suite-4-4.25.0.RELEASE/trello/trello-board-service/src/test/resources
2024-11-03 08:44:27,694 [Worker-433: Building] INFO  o.a.m.s.f.DefaultMavenResourcesFiltering - Copying 1 resource from src/main/resources to target/classes
2024-11-03 08:44:27,701 [Worker-433: Building] INFO  o.a.m.s.f.DefaultMavenResourcesFiltering - Copying 0 resource from src/main/resources to target/classes
2024-11-03 08:44:27,702 [Worker-433: Building] INFO  o.a.m.s.f.DefaultMavenResourcesFiltering - skip non existing resourceDirectory /Users/bubul/Documents/workspace-spring-tool-suite-4-4.25.0.RELEASE/trello/trello-board-service/src/test/resources
2024-11-03 08:44:39,026 [Worker-434: Building] INFO  o.a.m.s.f.DefaultMavenResourcesFiltering - Copying 1 resource from src/main/resources to target/classes
2024-11-03 08:44:39,031 [Worker-434: Building] INFO  o.a.m.s.f.DefaultMavenResourcesFiltering - Copying 0 resource from src/main/resources to target/classes
2024-11-03 08:44:39,034 [Worker-434: Building] INFO  o.a.m.s.f.DefaultMavenResourcesFiltering - skip non existing resourceDirectory /Users/bubul/Documents/workspace-spring-tool-suite-4-4.25.0.RELEASE/trello/trello-board-service/src/test/resources
2024-11-03 08:46:10,104 [Worker-440: Launching trello-board-service - TrelloBoardServiceApplication] INFO  o.e.m.c.i.l.LifecycleMappingFactory - Using org.eclipse.m2e.jdt.JarLifecycleMapping lifecycle mapping for MavenProject: com.trello:trello-board-service:0.0.1-SNAPSHOT @ /Users/bubul/Documents/workspace-spring-tool-suite-4-4.25.0.RELEASE/trello/trello-board-service/pom.xml.
2024-11-03 08:46:10,339 [Worker-440: Launching trello-board-service - TrelloBoardServiceApplication] WARN  o.e.m.c.i.embedder.EclipseLogger - The artifact mysql:mysql-connector-java:jar:8.0.33 has been relocated to com.mysql:mysql-connector-j:jar:8.0.33: MySQL Connector/J artifacts moved to reverse-DNS compliant Maven 2+ coordinates.
2024-11-03 08:46:10,539 [Worker-440: Launching trello-board-service - TrelloBoardServiceApplication] INFO  o.a.m.s.f.DefaultMavenResourcesFiltering - Copying 0 resource from src/main/resources to target/classes
2024-11-03 08:46:10,539 [Worker-440: Launching trello-board-service - TrelloBoardServiceApplication] INFO  o.a.m.s.f.DefaultMavenResourcesFiltering - Copying 0 resource from src/main/resources to target/classes
2024-11-03 08:46:10,541 [Worker-440: Launching trello-board-service - TrelloBoardServiceApplication] INFO  o.a.m.s.f.DefaultMavenResourcesFiltering - skip non existing resourceDirectory /Users/bubul/Documents/workspace-spring-tool-suite-4-4.25.0.RELEASE/trello/trello-board-service/src/test/resources
2024-11-03 08:51:34,907 [Worker-445: Launching trello-board-service - TrelloBoardServiceApplication] INFO  o.a.m.s.f.DefaultMavenResourcesFiltering - Copying 1 resource from src/main/resources to target/classes
2024-11-03 08:51:34,928 [Worker-445: Launching trello-board-service - TrelloBoardServiceApplication] INFO  o.a.m.s.f.DefaultMavenResourcesFiltering - Copying 0 resource from src/main/resources to target/classes
2024-11-03 08:51:34,929 [Worker-445: Launching trello-board-service - TrelloBoardServiceApplication] INFO  o.a.m.s.f.DefaultMavenResourcesFiltering - skip non existing resourceDirectory /Users/bubul/Documents/workspace-spring-tool-suite-4-4.25.0.RELEASE/trello/trello-board-service/src/test/resources
2024-11-03 08:54:51,974 [Worker-444: Building] INFO  o.a.m.s.f.DefaultMavenResourcesFiltering - Copying 1 resource from src/main/resources to target/classes
2024-11-03 08:54:51,980 [Worker-444: Building] INFO  o.a.m.s.f.DefaultMavenResourcesFiltering - Copying 0 resource from src/main/resources to target/classes
2024-11-03 08:54:51,981 [Worker-444: Building] INFO  o.a.m.s.f.DefaultMavenResourcesFiltering - skip non existing resourceDirectory /Users/bubul/Documents/workspace-spring-tool-suite-4-4.25.0.RELEASE/trello/trello-board-service/src/test/resources
2024-11-03 08:54:59,366 [Worker-451: Building] INFO  o.a.m.s.f.DefaultMavenResourcesFiltering - Copying 1 resource from src/main/resources to target/classes
2024-11-03 08:54:59,383 [Worker-451: Building] INFO  o.a.m.s.f.DefaultMavenResourcesFiltering - Copying 0 resource from src/main/resources to target/classes
2024-11-03 08:54:59,385 [Worker-451: Building] INFO  o.a.m.s.f.DefaultMavenResourcesFiltering - skip non existing resourceDirectory /Users/bubul/Documents/workspace-spring-tool-suite-4-4.25.0.RELEASE/trello/trello-board-service/src/test/resources
2024-11-03 09:00:58,327 [Worker-454: Building] INFO  o.a.m.s.f.DefaultMavenResourcesFiltering - Copying 1 resource from src/main/resources to target/classes
2024-11-03 09:00:58,334 [Worker-454: Building] INFO  o.a.m.s.f.DefaultMavenResourcesFiltering - Copying 0 resource from src/main/resources to target/classes
2024-11-03 09:00:58,337 [Worker-454: Building] INFO  o.a.m.s.f.DefaultMavenResourcesFiltering - skip non existing resourceDirectory /Users/bubul/Documents/workspace-spring-tool-suite-4-4.25.0.RELEASE/trello/trello-board-service/src/test/resources
2024-11-03 09:01:33,824 [Worker-455: Building] INFO  o.a.m.s.f.DefaultMavenResourcesFiltering - Copying 1 resource from src/main/resources to target/classes
2024-11-03 09:01:33,837 [Worker-455: Building] INFO  o.a.m.s.f.DefaultMavenResourcesFiltering - Copying 0 resource from src/main/resources to target/classes
2024-11-03 09:01:33,838 [Worker-455: Building] INFO  o.a.m.s.f.DefaultMavenResourcesFiltering - skip non existing resourceDirectory /Users/bubul/Documents/workspace-spring-tool-suite-4-4.25.0.RELEASE/trello/trello-board-service/src/test/resources
2024-11-03 09:01:40,465 [Worker-444: Building] INFO  o.a.m.s.f.DefaultMavenResourcesFiltering - Copying 1 resource from src/main/resources to target/classes
2024-11-03 09:01:40,472 [Worker-444: Building] INFO  o.a.m.s.f.DefaultMavenResourcesFiltering - Copying 0 resource from src/main/resources to target/classes
2024-11-03 09:01:40,473 [Worker-444: Building] INFO  o.a.m.s.f.DefaultMavenResourcesFiltering - skip non existing resourceDirectory /Users/bubul/Documents/workspace-spring-tool-suite-4-4.25.0.RELEASE/trello/trello-board-service/src/test/resources
2024-11-03 09:44:39,134 [Worker-462: Building] INFO  o.a.m.s.f.DefaultMavenResourcesFiltering - Copying 1 resource from src/main/resources to target/classes
2024-11-03 09:44:39,137 [Worker-462: Building] INFO  o.a.m.s.f.DefaultMavenResourcesFiltering - Copying 0 resource from src/main/resources to target/classes
2024-11-03 09:44:39,138 [Worker-462: Building] INFO  o.a.m.s.f.DefaultMavenResourcesFiltering - skip non existing resourceDirectory /Users/bubul/Documents/workspace-spring-tool-suite-4-4.25.0.RELEASE/trello/trello-board-service/src/test/resources
2024-11-03 09:45:20,779 [Worker-463: Building] INFO  o.a.m.s.f.DefaultMavenResourcesFiltering - Copying 1 resource from src/main/resources to target/classes
2024-11-03 09:45:20,804 [Worker-463: Building] INFO  o.a.m.s.f.DefaultMavenResourcesFiltering - Copying 0 resource from src/main/resources to target/classes
2024-11-03 09:45:20,805 [Worker-463: Building] INFO  o.a.m.s.f.DefaultMavenResourcesFiltering - skip non existing resourceDirectory /Users/bubul/Documents/workspace-spring-tool-suite-4-4.25.0.RELEASE/trello/trello-board-service/src/test/resources
2024-11-03 09:45:40,794 [Worker-465: Building] INFO  o.a.m.s.f.DefaultMavenResourcesFiltering - Copying 1 resource from src/main/resources to target/classes
2024-11-03 09:45:40,869 [Worker-465: Building] INFO  o.a.m.s.f.DefaultMavenResourcesFiltering - Copying 0 resource from src/main/resources to target/classes
2024-11-03 09:45:40,871 [Worker-465: Building] INFO  o.a.m.s.f.DefaultMavenResourcesFiltering - skip non existing resourceDirectory /Users/bubul/Documents/workspace-spring-tool-suite-4-4.25.0.RELEASE/trello/trello-board-service/src/test/resources
2024-11-03 09:45:49,396 [Worker-464: Building] INFO  o.a.m.s.f.DefaultMavenResourcesFiltering - Copying 1 resource from src/main/resources to target/classes
2024-11-03 09:45:49,408 [Worker-464: Building] INFO  o.a.m.s.f.DefaultMavenResourcesFiltering - Copying 0 resource from src/main/resources to target/classes
2024-11-03 09:45:49,409 [Worker-464: Building] INFO  o.a.m.s.f.DefaultMavenResourcesFiltering - skip non existing resourceDirectory /Users/bubul/Documents/workspace-spring-tool-suite-4-4.25.0.RELEASE/trello/trello-board-service/src/test/resources
2024-11-03 09:45:54,193 [Worker-463: Building] INFO  o.a.m.s.f.DefaultMavenResourcesFiltering - Copying 1 resource from src/main/resources to target/classes
2024-11-03 09:45:54,207 [Worker-463: Building] INFO  o.a.m.s.f.DefaultMavenResourcesFiltering - Copying 0 resource from src/main/resources to target/classes
2024-11-03 09:45:54,213 [Worker-463: Building] INFO  o.a.m.s.f.DefaultMavenResourcesFiltering - skip non existing resourceDirectory /Users/bubul/Documents/workspace-spring-tool-suite-4-4.25.0.RELEASE/trello/trello-board-service/src/test/resources
2024-11-03 09:46:11,129 [Worker-464: Building] INFO  o.a.m.s.f.DefaultMavenResourcesFiltering - Copying 1 resource from src/main/resources to target/classes
2024-11-03 09:46:11,140 [Worker-464: Building] INFO  o.a.m.s.f.DefaultMavenResourcesFiltering - Copying 0 resource from src/main/resources to target/classes
2024-11-03 09:46:11,142 [Worker-464: Building] INFO  o.a.m.s.f.DefaultMavenResourcesFiltering - skip non existing resourceDirectory /Users/bubul/Documents/workspace-spring-tool-suite-4-4.25.0.RELEASE/trello/trello-board-service/src/test/resources
2024-11-03 09:46:17,968 [Worker-465: Building] INFO  o.a.m.s.f.DefaultMavenResourcesFiltering - Copying 1 resource from src/main/resources to target/classes
2024-11-03 09:46:18,012 [Worker-465: Building] INFO  o.a.m.s.f.DefaultMavenResourcesFiltering - Copying 0 resource from src/main/resources to target/classes
2024-11-03 09:46:18,016 [Worker-465: Building] INFO  o.a.m.s.f.DefaultMavenResourcesFiltering - skip non existing resourceDirectory /Users/bubul/Documents/workspace-spring-tool-suite-4-4.25.0.RELEASE/trello/trello-board-service/src/test/resources
2024-11-03 09:46:23,658 [Worker-463: Building] INFO  o.a.m.s.f.DefaultMavenResourcesFiltering - Copying 1 resource from src/main/resources to target/classes
2024-11-03 09:46:23,726 [Worker-463: Building] INFO  o.a.m.s.f.DefaultMavenResourcesFiltering - Copying 0 resource from src/main/resources to target/classes
2024-11-03 09:46:23,728 [Worker-463: Building] INFO  o.a.m.s.f.DefaultMavenResourcesFiltering - skip non existing resourceDirectory /Users/bubul/Documents/workspace-spring-tool-suite-4-4.25.0.RELEASE/trello/trello-board-service/src/test/resources
2024-11-03 09:46:31,540 [Worker-465: Building] INFO  o.a.m.s.f.DefaultMavenResourcesFiltering - Copying 1 resource from src/main/resources to target/classes
2024-11-03 09:46:31,733 [Worker-465: Building] INFO  o.a.m.s.f.DefaultMavenResourcesFiltering - Copying 0 resource from src/main/resources to target/classes
2024-11-03 09:46:31,736 [Worker-465: Building] INFO  o.a.m.s.f.DefaultMavenResourcesFiltering - skip non existing resourceDirectory /Users/bubul/Documents/workspace-spring-tool-suite-4-4.25.0.RELEASE/trello/trello-board-service/src/test/resources
2024-11-03 09:46:37,710 [Worker-465: Building] INFO  o.a.m.s.f.DefaultMavenResourcesFiltering - Copying 1 resource from src/main/resources to target/classes
2024-11-03 09:46:37,740 [Worker-465: Building] INFO  o.a.m.s.f.DefaultMavenResourcesFiltering - Copying 0 resource from src/main/resources to target/classes
2024-11-03 09:46:37,741 [Worker-465: Building] INFO  o.a.m.s.f.DefaultMavenResourcesFiltering - skip non existing resourceDirectory /Users/bubul/Documents/workspace-spring-tool-suite-4-4.25.0.RELEASE/trello/trello-board-service/src/test/resources
2024-11-03 09:46:45,707 [Worker-463: Building] INFO  o.a.m.s.f.DefaultMavenResourcesFiltering - Copying 1 resource from src/main/resources to target/classes
2024-11-03 09:46:45,730 [Worker-463: Building] INFO  o.a.m.s.f.DefaultMavenResourcesFiltering - Copying 0 resource from src/main/resources to target/classes
2024-11-03 09:46:45,731 [Worker-463: Building] INFO  o.a.m.s.f.DefaultMavenResourcesFiltering - skip non existing resourceDirectory /Users/bubul/Documents/workspace-spring-tool-suite-4-4.25.0.RELEASE/trello/trello-board-service/src/test/resources
2024-11-03 09:46:47,773 [Worker-462: Building] INFO  o.a.m.s.f.DefaultMavenResourcesFiltering - Copying 1 resource from src/main/resources to target/classes
2024-11-03 09:46:47,792 [Worker-462: Building] INFO  o.a.m.s.f.DefaultMavenResourcesFiltering - Copying 0 resource from src/main/resources to target/classes
2024-11-03 09:46:47,794 [Worker-462: Building] INFO  o.a.m.s.f.DefaultMavenResourcesFiltering - skip non existing resourceDirectory /Users/bubul/Documents/workspace-spring-tool-suite-4-4.25.0.RELEASE/trello/trello-board-service/src/test/resources
2024-11-03 09:46:52,517 [Worker-463: Building] INFO  o.a.m.s.f.DefaultMavenResourcesFiltering - Copying 1 resource from src/main/resources to target/classes
2024-11-03 09:46:52,527 [Worker-463: Building] INFO  o.a.m.s.f.DefaultMavenResourcesFiltering - Copying 0 resource from src/main/resources to target/classes
2024-11-03 09:46:52,528 [Worker-463: Building] INFO  o.a.m.s.f.DefaultMavenResourcesFiltering - skip non existing resourceDirectory /Users/bubul/Documents/workspace-spring-tool-suite-4-4.25.0.RELEASE/trello/trello-board-service/src/test/resources
2024-11-03 09:47:28,930 [Worker-465: Building] INFO  o.a.m.s.f.DefaultMavenResourcesFiltering - Copying 1 resource from src/main/resources to target/classes
2024-11-03 09:47:28,934 [Worker-465: Building] INFO  o.a.m.s.f.DefaultMavenResourcesFiltering - Copying 0 resource from src/main/resources to target/classes
2024-11-03 09:47:28,935 [Worker-465: Building] INFO  o.a.m.s.f.DefaultMavenResourcesFiltering - skip non existing resourceDirectory /Users/bubul/Documents/workspace-spring-tool-suite-4-4.25.0.RELEASE/trello/trello-board-service/src/test/resources
2024-11-03 09:48:23,986 [Worker-462: Building] INFO  o.a.m.s.f.DefaultMavenResourcesFiltering - Copying 1 resource from src/main/resources to target/classes
2024-11-03 09:48:24,002 [Worker-462: Building] INFO  o.a.m.s.f.DefaultMavenResourcesFiltering - Copying 0 resource from src/main/resources to target/classes
2024-11-03 09:48:24,005 [Worker-462: Building] INFO  o.a.m.s.f.DefaultMavenResourcesFiltering - skip non existing resourceDirectory /Users/bubul/Documents/workspace-spring-tool-suite-4-4.25.0.RELEASE/trello/trello-board-service/src/test/resources
2024-11-03 09:48:35,459 [Worker-463: Building] INFO  o.e.m.c.i.l.LifecycleMappingFactory - Using org.eclipse.m2e.jdt.JarLifecycleMapping lifecycle mapping for MavenProject: com.trello:trello-board-service:0.0.1-SNAPSHOT @ /Users/bubul/Documents/workspace-spring-tool-suite-4-4.25.0.RELEASE/trello/trello-board-service/pom.xml.
2024-11-03 09:48:35,797 [Worker-463: Building] WARN  o.e.m.c.i.embedder.EclipseLogger - The artifact mysql:mysql-connector-java:jar:8.0.33 has been relocated to com.mysql:mysql-connector-j:jar:8.0.33: MySQL Connector/J artifacts moved to reverse-DNS compliant Maven 2+ coordinates.
2024-11-03 09:48:35,832 [Worker-463: Building] INFO  o.e.m.c.i.p.WorkspaceClassifierResolverManager - Resolving P/trello-user-service: com.trello:trello-user-service:0.0.1-SNAPSHOT with classifier  to /trello-user-service/target/classes
2024-11-03 09:48:36,049 [Worker-463: Building] INFO  o.a.m.s.f.DefaultMavenResourcesFiltering - Copying 0 resource from src/main/resources to target/classes
2024-11-03 09:48:36,050 [Worker-463: Building] INFO  o.a.m.s.f.DefaultMavenResourcesFiltering - Copying 0 resource from src/main/resources to target/classes
2024-11-03 09:48:36,051 [Worker-463: Building] INFO  o.a.m.s.f.DefaultMavenResourcesFiltering - skip non existing resourceDirectory /Users/bubul/Documents/workspace-spring-tool-suite-4-4.25.0.RELEASE/trello/trello-board-service/src/test/resources
2024-11-03 09:48:37,415 [Worker-465: Building] INFO  o.a.m.s.f.DefaultMavenResourcesFiltering - Copying 1 resource from src/main/resources to target/classes
2024-11-03 09:48:37,435 [Worker-465: Building] INFO  o.a.m.s.f.DefaultMavenResourcesFiltering - Copying 0 resource from src/main/resources to target/classes
2024-11-03 09:48:37,436 [Worker-465: Building] INFO  o.a.m.s.f.DefaultMavenResourcesFiltering - skip non existing resourceDirectory /Users/bubul/Documents/workspace-spring-tool-suite-4-4.25.0.RELEASE/trello/trello-board-service/src/test/resources
2024-11-03 09:48:56,036 [Worker-464: Building] INFO  o.a.m.s.f.DefaultMavenResourcesFiltering - Copying 1 resource from src/main/resources to target/classes
2024-11-03 09:48:56,042 [Worker-464: Building] INFO  o.a.m.s.f.DefaultMavenResourcesFiltering - Copying 0 resource from src/main/resources to target/classes
2024-11-03 09:48:56,044 [Worker-464: Building] INFO  o.a.m.s.f.DefaultMavenResourcesFiltering - skip non existing resourceDirectory /Users/bubul/Documents/workspace-spring-tool-suite-4-4.25.0.RELEASE/trello/trello-board-service/src/test/resources
2024-11-03 09:48:59,876 [Worker-464: Building] INFO  o.a.m.s.f.DefaultMavenResourcesFiltering - Copying 1 resource from src/main/resources to target/classes
2024-11-03 09:48:59,882 [Worker-464: Building] INFO  o.a.m.s.f.DefaultMavenResourcesFiltering - Copying 0 resource from src/main/resources to target/classes
2024-11-03 09:48:59,883 [Worker-464: Building] INFO  o.a.m.s.f.DefaultMavenResourcesFiltering - skip non existing resourceDirectory /Users/bubul/Documents/workspace-spring-tool-suite-4-4.25.0.RELEASE/trello/trello-board-service/src/test/resources
2024-11-03 09:49:20,224 [Worker-467: Building] INFO  o.a.m.s.f.DefaultMavenResourcesFiltering - Copying 1 resource from src/main/resources to target/classes
2024-11-03 09:49:20,228 [Worker-467: Building] INFO  o.a.m.s.f.DefaultMavenResourcesFiltering - Copying 0 resource from src/main/resources to target/classes
2024-11-03 09:49:20,229 [Worker-467: Building] INFO  o.a.m.s.f.DefaultMavenResourcesFiltering - skip non existing resourceDirectory /Users/bubul/Documents/workspace-spring-tool-suite-4-4.25.0.RELEASE/trello/trello-board-service/src/test/resources
2024-11-03 09:49:27,696 [Worker-465: Building] INFO  o.a.m.s.f.DefaultMavenResourcesFiltering - Copying 1 resource from src/main/resources to target/classes
2024-11-03 09:49:27,715 [Worker-465: Building] INFO  o.a.m.s.f.DefaultMavenResourcesFiltering - Copying 0 resource from src/main/resources to target/classes
2024-11-03 09:49:27,718 [Worker-465: Building] INFO  o.a.m.s.f.DefaultMavenResourcesFiltering - skip non existing resourceDirectory /Users/bubul/Documents/workspace-spring-tool-suite-4-4.25.0.RELEASE/trello/trello-board-service/src/test/resources
2024-11-03 09:49:39,040 [Worker-467: Building] INFO  o.a.m.s.f.DefaultMavenResourcesFiltering - Copying 1 resource from src/main/resources to target/classes
2024-11-03 09:49:39,061 [Worker-467: Building] INFO  o.a.m.s.f.DefaultMavenResourcesFiltering - Copying 0 resource from src/main/resources to target/classes
2024-11-03 09:49:39,063 [Worker-467: Building] INFO  o.a.m.s.f.DefaultMavenResourcesFiltering - skip non existing resourceDirectory /Users/bubul/Documents/workspace-spring-tool-suite-4-4.25.0.RELEASE/trello/trello-board-service/src/test/resources
2024-11-03 09:51:14,029 [Worker-468: Building] INFO  o.a.m.s.f.DefaultMavenResourcesFiltering - Copying 1 resource from src/main/resources to target/classes
2024-11-03 09:51:14,044 [Worker-468: Building] INFO  o.a.m.s.f.DefaultMavenResourcesFiltering - Copying 0 resource from src/main/resources to target/classes
2024-11-03 09:51:14,046 [Worker-468: Building] INFO  o.a.m.s.f.DefaultMavenResourcesFiltering - skip non existing resourceDirectory /Users/bubul/Documents/workspace-spring-tool-suite-4-4.25.0.RELEASE/trello/trello-board-service/src/test/resources
2024-11-03 09:54:46,702 [Worker-473: Building] INFO  o.a.m.s.f.DefaultMavenResourcesFiltering - Copying 1 resource from src/main/resources to target/classes
2024-11-03 09:54:46,710 [Worker-473: Building] INFO  o.a.m.s.f.DefaultMavenResourcesFiltering - Copying 0 resource from src/main/resources to target/classes
2024-11-03 09:54:46,711 [Worker-473: Building] INFO  o.a.m.s.f.DefaultMavenResourcesFiltering - skip non existing resourceDirectory /Users/bubul/Documents/workspace-spring-tool-suite-4-4.25.0.RELEASE/trello/trello-board-service/src/test/resources
2024-11-03 09:55:29,314 [Worker-477: Building] INFO  o.a.m.s.f.DefaultMavenResourcesFiltering - Copying 1 resource from src/main/resources to target/classes
2024-11-03 09:55:29,318 [Worker-477: Building] INFO  o.a.m.s.f.DefaultMavenResourcesFiltering - Copying 0 resource from src/main/resources to target/classes
2024-11-03 09:55:29,319 [Worker-477: Building] INFO  o.a.m.s.f.DefaultMavenResourcesFiltering - skip non existing resourceDirectory /Users/bubul/Documents/workspace-spring-tool-suite-4-4.25.0.RELEASE/trello/trello-board-service/src/test/resources
2024-11-03 09:55:41,993 [Worker-477: Building] INFO  o.a.m.s.f.DefaultMavenResourcesFiltering - Copying 1 resource from src/main/resources to target/classes
2024-11-03 09:55:41,997 [Worker-477: Building] INFO  o.a.m.s.f.DefaultMavenResourcesFiltering - Copying 0 resource from src/main/resources to target/classes
2024-11-03 09:55:41,998 [Worker-477: Building] INFO  o.a.m.s.f.DefaultMavenResourcesFiltering - skip non existing resourceDirectory /Users/bubul/Documents/workspace-spring-tool-suite-4-4.25.0.RELEASE/trello/trello-board-service/src/test/resources
2024-11-03 09:56:49,632 [Worker-476: Building] INFO  o.a.m.s.f.DefaultMavenResourcesFiltering - Copying 1 resource from src/main/resources to target/classes
2024-11-03 09:56:49,641 [Worker-476: Building] INFO  o.a.m.s.f.DefaultMavenResourcesFiltering - Copying 0 resource from src/main/resources to target/classes
2024-11-03 09:56:49,642 [Worker-476: Building] INFO  o.a.m.s.f.DefaultMavenResourcesFiltering - skip non existing resourceDirectory /Users/bubul/Documents/workspace-spring-tool-suite-4-4.25.0.RELEASE/trello/trello-board-service/src/test/resources
2024-11-03 09:59:00,862 [Worker-473: Building] INFO  o.a.m.s.f.DefaultMavenResourcesFiltering - Copying 1 resource from src/main/resources to target/classes
2024-11-03 09:59:00,886 [Worker-473: Building] INFO  o.a.m.s.f.DefaultMavenResourcesFiltering - Copying 0 resource from src/main/resources to target/classes
2024-11-03 09:59:00,888 [Worker-473: Building] INFO  o.a.m.s.f.DefaultMavenResourcesFiltering - skip non existing resourceDirectory /Users/bubul/Documents/workspace-spring-tool-suite-4-4.25.0.RELEASE/trello/trello-user-service/src/test/resources
2024-11-03 09:59:04,244 [Worker-478: Building] INFO  o.a.m.s.f.DefaultMavenResourcesFiltering - Copying 1 resource from src/main/resources to target/classes
2024-11-03 09:59:04,249 [Worker-478: Building] INFO  o.a.m.s.f.DefaultMavenResourcesFiltering - Copying 0 resource from src/main/resources to target/classes
2024-11-03 09:59:04,250 [Worker-478: Building] INFO  o.a.m.s.f.DefaultMavenResourcesFiltering - skip non existing resourceDirectory /Users/bubul/Documents/workspace-spring-tool-suite-4-4.25.0.RELEASE/trello/trello-user-service/src/test/resources
2024-11-03 09:59:50,287 [Worker-474: Building] INFO  o.a.m.s.f.DefaultMavenResourcesFiltering - Copying 1 resource from src/main/resources to target/classes
2024-11-03 09:59:50,291 [Worker-474: Building] INFO  o.a.m.s.f.DefaultMavenResourcesFiltering - Copying 0 resource from src/main/resources to target/classes
2024-11-03 09:59:50,292 [Worker-474: Building] INFO  o.a.m.s.f.DefaultMavenResourcesFiltering - skip non existing resourceDirectory /Users/bubul/Documents/workspace-spring-tool-suite-4-4.25.0.RELEASE/trello/trello-user-service/src/test/resources
2024-11-03 10:00:05,281 [Worker-479: Building] INFO  o.a.m.s.f.DefaultMavenResourcesFiltering - Copying 1 resource from src/main/resources to target/classes
2024-11-03 10:00:05,289 [Worker-479: Building] INFO  o.a.m.s.f.DefaultMavenResourcesFiltering - Copying 0 resource from src/main/resources to target/classes
2024-11-03 10:00:05,290 [Worker-479: Building] INFO  o.a.m.s.f.DefaultMavenResourcesFiltering - skip non existing resourceDirectory /Users/bubul/Documents/workspace-spring-tool-suite-4-4.25.0.RELEASE/trello/trello-user-service/src/test/resources
2024-11-03 10:00:39,026 [Worker-473: Building] INFO  o.a.m.s.f.DefaultMavenResourcesFiltering - Copying 1 resource from src/main/resources to target/classes
2024-11-03 10:00:39,048 [Worker-473: Building] INFO  o.a.m.s.f.DefaultMavenResourcesFiltering - Copying 0 resource from src/main/resources to target/classes
2024-11-03 10:00:39,050 [Worker-473: Building] INFO  o.a.m.s.f.DefaultMavenResourcesFiltering - skip non existing resourceDirectory /Users/bubul/Documents/workspace-spring-tool-suite-4-4.25.0.RELEASE/trello/trello-user-service/src/test/resources
2024-11-03 10:00:57,161 [Worker-477: Building] INFO  o.a.m.s.f.DefaultMavenResourcesFiltering - Copying 1 resource from src/main/resources to target/classes
2024-11-03 10:00:57,175 [Worker-477: Building] INFO  o.a.m.s.f.DefaultMavenResourcesFiltering - Copying 0 resource from src/main/resources to target/classes
2024-11-03 10:00:57,177 [Worker-477: Building] INFO  o.a.m.s.f.DefaultMavenResourcesFiltering - skip non existing resourceDirectory /Users/bubul/Documents/workspace-spring-tool-suite-4-4.25.0.RELEASE/trello/trello-user-service/src/test/resources
2024-11-03 10:01:55,340 [Worker-476: Building] INFO  o.a.m.s.f.DefaultMavenResourcesFiltering - Copying 1 resource from src/main/resources to target/classes
2024-11-03 10:01:55,347 [Worker-476: Building] INFO  o.a.m.s.f.DefaultMavenResourcesFiltering - Copying 0 resource from src/main/resources to target/classes
2024-11-03 10:01:55,348 [Worker-476: Building] INFO  o.a.m.s.f.DefaultMavenResourcesFiltering - skip non existing resourceDirectory /Users/bubul/Documents/workspace-spring-tool-suite-4-4.25.0.RELEASE/trello/trello-user-service/src/test/resources
2024-11-03 10:06:19,334 [Worker-473: Building] INFO  o.a.m.s.f.DefaultMavenResourcesFiltering - Copying 1 resource from src/main/resources to target/classes
2024-11-03 10:06:19,338 [Worker-473: Building] INFO  o.a.m.s.f.DefaultMavenResourcesFiltering - Copying 0 resource from src/main/resources to target/classes
2024-11-03 10:06:19,338 [Worker-473: Building] INFO  o.a.m.s.f.DefaultMavenResourcesFiltering - skip non existing resourceDirectory /Users/bubul/Documents/workspace-spring-tool-suite-4-4.25.0.RELEASE/trello/trello-user-service/src/test/resources
2024-11-03 10:07:24,728 [Worker-484: Building] INFO  o.a.m.s.f.DefaultMavenResourcesFiltering - Copying 1 resource from src/main/resources to target/classes
2024-11-03 10:07:24,739 [Worker-484: Building] INFO  o.a.m.s.f.DefaultMavenResourcesFiltering - Copying 0 resource from src/main/resources to target/classes
2024-11-03 10:07:24,740 [Worker-484: Building] INFO  o.a.m.s.f.DefaultMavenResourcesFiltering - skip non existing resourceDirectory /Users/bubul/Documents/workspace-spring-tool-suite-4-4.25.0.RELEASE/trello/trello-board-service/src/test/resources
2024-11-03 11:33:45,134 [Worker-491: Building] INFO  o.a.m.s.f.DefaultMavenResourcesFiltering - Copying 1 resource from src/main/resources to target/classes
2024-11-03 11:33:45,142 [Worker-491: Building] INFO  o.a.m.s.f.DefaultMavenResourcesFiltering - Copying 0 resource from src/main/resources to target/classes
2024-11-03 11:33:45,143 [Worker-491: Building] INFO  o.a.m.s.f.DefaultMavenResourcesFiltering - skip non existing resourceDirectory /Users/bubul/Documents/workspace-spring-tool-suite-4-4.25.0.RELEASE/trello/trello-board-service/src/test/resources
2024-11-03 11:33:51,171 [Worker-476: Building] INFO  o.a.m.s.f.DefaultMavenResourcesFiltering - Copying 1 resource from src/main/resources to target/classes
2024-11-03 11:33:51,179 [Worker-476: Building] INFO  o.a.m.s.f.DefaultMavenResourcesFiltering - Copying 0 resource from src/main/resources to target/classes
2024-11-03 11:33:51,181 [Worker-476: Building] INFO  o.a.m.s.f.DefaultMavenResourcesFiltering - skip non existing resourceDirectory /Users/bubul/Documents/workspace-spring-tool-suite-4-4.25.0.RELEASE/trello/trello-board-service/src/test/resources
2024-11-03 11:34:05,780 [Worker-491: Building] INFO  o.a.m.s.f.DefaultMavenResourcesFiltering - Copying 1 resource from src/main/resources to target/classes
2024-11-03 11:34:05,801 [Worker-491: Building] INFO  o.a.m.s.f.DefaultMavenResourcesFiltering - Copying 0 resource from src/main/resources to target/classes
2024-11-03 11:34:05,806 [Worker-491: Building] INFO  o.a.m.s.f.DefaultMavenResourcesFiltering - skip non existing resourceDirectory /Users/bubul/Documents/workspace-spring-tool-suite-4-4.25.0.RELEASE/trello/trello-board-service/src/test/resources
2024-11-03 11:34:11,851 [Worker-493: Building] INFO  o.a.m.s.f.DefaultMavenResourcesFiltering - Copying 1 resource from src/main/resources to target/classes
2024-11-03 11:34:11,854 [Worker-493: Building] INFO  o.a.m.s.f.DefaultMavenResourcesFiltering - Copying 0 resource from src/main/resources to target/classes
2024-11-03 11:34:11,855 [Worker-493: Building] INFO  o.a.m.s.f.DefaultMavenResourcesFiltering - skip non existing resourceDirectory /Users/bubul/Documents/workspace-spring-tool-suite-4-4.25.0.RELEASE/trello/trello-board-service/src/test/resources
2024-11-03 11:34:25,180 [Worker-494: Building] INFO  o.a.m.s.f.DefaultMavenResourcesFiltering - Copying 1 resource from src/main/resources to target/classes
2024-11-03 11:34:25,193 [Worker-494: Building] INFO  o.a.m.s.f.DefaultMavenResourcesFiltering - Copying 0 resource from src/main/resources to target/classes
2024-11-03 11:34:25,195 [Worker-494: Building] INFO  o.a.m.s.f.DefaultMavenResourcesFiltering - skip non existing resourceDirectory /Users/bubul/Documents/workspace-spring-tool-suite-4-4.25.0.RELEASE/trello/trello-board-service/src/test/resources
2024-11-03 11:34:29,515 [Worker-494: Building] INFO  o.a.m.s.f.DefaultMavenResourcesFiltering - Copying 1 resource from src/main/resources to target/classes
2024-11-03 11:34:29,518 [Worker-494: Building] INFO  o.a.m.s.f.DefaultMavenResourcesFiltering - Copying 0 resource from src/main/resources to target/classes
2024-11-03 11:34:29,519 [Worker-494: Building] INFO  o.a.m.s.f.DefaultMavenResourcesFiltering - skip non existing resourceDirectory /Users/bubul/Documents/workspace-spring-tool-suite-4-4.25.0.RELEASE/trello/trello-board-service/src/test/resources
2024-11-03 11:35:44,229 [Worker-493: Building] INFO  o.a.m.s.f.DefaultMavenResourcesFiltering - Copying 1 resource from src/main/resources to target/classes
2024-11-03 11:35:44,238 [Worker-493: Building] INFO  o.a.m.s.f.DefaultMavenResourcesFiltering - Copying 0 resource from src/main/resources to target/classes
2024-11-03 11:35:44,240 [Worker-493: Building] INFO  o.a.m.s.f.DefaultMavenResourcesFiltering - skip non existing resourceDirectory /Users/bubul/Documents/workspace-spring-tool-suite-4-4.25.0.RELEASE/trello/trello-board-service/src/test/resources
2024-11-03 11:36:26,142 [Worker-493: Building] INFO  o.a.m.s.f.DefaultMavenResourcesFiltering - Copying 1 resource from src/main/resources to target/classes
2024-11-03 11:36:26,147 [Worker-493: Building] INFO  o.a.m.s.f.DefaultMavenResourcesFiltering - Copying 0 resource from src/main/resources to target/classes
2024-11-03 11:36:26,148 [Worker-493: Building] INFO  o.a.m.s.f.DefaultMavenResourcesFiltering - skip non existing resourceDirectory /Users/bubul/Documents/workspace-spring-tool-suite-4-4.25.0.RELEASE/trello/trello-board-service/src/test/resources
2024-11-03 11:38:11,316 [Worker-476: Launching trello-board-service - TrelloBoardServiceApplication] INFO  o.e.m.c.i.p.WorkspaceClassifierResolverManager - Resolving P/trello-user-service: com.trello:trello-user-service:0.0.1-SNAPSHOT with classifier null to /trello-user-service/target/classes
2024-11-03 11:38:11,355 [Worker-476: Launching trello-board-service - TrelloBoardServiceApplication] INFO  o.e.m.c.i.p.WorkspaceClassifierResolverManager - Resolving P/trello-user-service: com.trello:trello-user-service:0.0.1-SNAPSHOT with classifier null to /trello-user-service/target/classes
2024-11-03 11:38:11,392 [Worker-476: Launching trello-board-service - TrelloBoardServiceApplication] INFO  o.e.m.c.i.p.WorkspaceClassifierResolverManager - Resolving P/trello-user-service: com.trello:trello-user-service:0.0.1-SNAPSHOT with classifier null to /trello-user-service/target/classes
2024-11-03 11:39:05,923 [Worker-476: Building] INFO  o.a.m.s.f.DefaultMavenResourcesFiltering - Copying 1 resource from src/main/resources to target/classes
2024-11-03 11:39:05,930 [Worker-476: Building] INFO  o.a.m.s.f.DefaultMavenResourcesFiltering - Copying 0 resource from src/main/resources to target/classes
2024-11-03 11:39:05,932 [Worker-476: Building] INFO  o.a.m.s.f.DefaultMavenResourcesFiltering - skip non existing resourceDirectory /Users/bubul/Documents/workspace-spring-tool-suite-4-4.25.0.RELEASE/trello/trello-board-service/src/test/resources
2024-11-03 11:39:09,767 [Worker-498: Building] INFO  o.a.m.s.f.DefaultMavenResourcesFiltering - Copying 1 resource from src/main/resources to target/classes
2024-11-03 11:39:09,771 [Worker-498: Building] INFO  o.a.m.s.f.DefaultMavenResourcesFiltering - Copying 0 resource from src/main/resources to target/classes
2024-11-03 11:39:09,772 [Worker-498: Building] INFO  o.a.m.s.f.DefaultMavenResourcesFiltering - skip non existing resourceDirectory /Users/bubul/Documents/workspace-spring-tool-suite-4-4.25.0.RELEASE/trello/trello-board-service/src/test/resources
2024-11-03 11:39:13,103 [Worker-476: Launching trello-board-service - TrelloBoardServiceApplication] INFO  o.e.m.c.i.p.WorkspaceClassifierResolverManager - Resolving P/trello-user-service: com.trello:trello-user-service:0.0.1-SNAPSHOT with classifier null to /trello-user-service/target/classes
2024-11-03 11:39:13,141 [Worker-476: Launching trello-board-service - TrelloBoardServiceApplication] INFO  o.e.m.c.i.p.WorkspaceClassifierResolverManager - Resolving P/trello-user-service: com.trello:trello-user-service:0.0.1-SNAPSHOT with classifier null to /trello-user-service/target/classes
2024-11-03 11:39:13,181 [Worker-476: Launching trello-board-service - TrelloBoardServiceApplication] INFO  o.e.m.c.i.p.WorkspaceClassifierResolverManager - Resolving P/trello-user-service: com.trello:trello-user-service:0.0.1-SNAPSHOT with classifier null to /trello-user-service/target/classes
2024-11-03 12:03:57,230 [Worker-505: Building] INFO  o.a.m.s.f.DefaultMavenResourcesFiltering - Copying 1 resource from src/main/resources to target/classes
2024-11-03 12:03:57,256 [Worker-505: Building] INFO  o.a.m.s.f.DefaultMavenResourcesFiltering - Copying 0 resource from src/main/resources to target/classes
2024-11-03 12:03:57,258 [Worker-505: Building] INFO  o.a.m.s.f.DefaultMavenResourcesFiltering - skip non existing resourceDirectory /Users/bubul/Documents/workspace-spring-tool-suite-4-4.25.0.RELEASE/trello/trello-board-service/src/test/resources
2024-11-03 12:04:21,090 [Worker-497: Building] INFO  o.a.m.s.f.DefaultMavenResourcesFiltering - Copying 1 resource from src/main/resources to target/classes
2024-11-03 12:04:21,150 [Worker-497: Building] INFO  o.a.m.s.f.DefaultMavenResourcesFiltering - Copying 0 resource from src/main/resources to target/classes
2024-11-03 12:04:21,154 [Worker-497: Building] INFO  o.a.m.s.f.DefaultMavenResourcesFiltering - skip non existing resourceDirectory /Users/bubul/Documents/workspace-spring-tool-suite-4-4.25.0.RELEASE/trello/trello-board-service/src/test/resources
2024-11-03 12:04:35,057 [Worker-505: Building] INFO  o.a.m.s.f.DefaultMavenResourcesFiltering - Copying 1 resource from src/main/resources to target/classes
2024-11-03 12:04:35,065 [Worker-505: Building] INFO  o.a.m.s.f.DefaultMavenResourcesFiltering - Copying 0 resource from src/main/resources to target/classes
2024-11-03 12:04:35,067 [Worker-505: Building] INFO  o.a.m.s.f.DefaultMavenResourcesFiltering - skip non existing resourceDirectory /Users/bubul/Documents/workspace-spring-tool-suite-4-4.25.0.RELEASE/trello/trello-board-service/src/test/resources
2024-11-03 12:04:42,019 [Worker-506: Building] INFO  o.a.m.s.f.DefaultMavenResourcesFiltering - Copying 1 resource from src/main/resources to target/classes
2024-11-03 12:04:42,025 [Worker-506: Building] INFO  o.a.m.s.f.DefaultMavenResourcesFiltering - Copying 0 resource from src/main/resources to target/classes
2024-11-03 12:04:42,026 [Worker-506: Building] INFO  o.a.m.s.f.DefaultMavenResourcesFiltering - skip non existing resourceDirectory /Users/bubul/Documents/workspace-spring-tool-suite-4-4.25.0.RELEASE/trello/trello-board-service/src/test/resources
2024-11-03 12:05:36,248 [Worker-497: Building] INFO  o.a.m.s.f.DefaultMavenResourcesFiltering - Copying 1 resource from src/main/resources to target/classes
2024-11-03 12:05:36,256 [Worker-497: Building] INFO  o.a.m.s.f.DefaultMavenResourcesFiltering - Copying 0 resource from src/main/resources to target/classes
2024-11-03 12:05:36,260 [Worker-497: Building] INFO  o.a.m.s.f.DefaultMavenResourcesFiltering - skip non existing resourceDirectory /Users/bubul/Documents/workspace-spring-tool-suite-4-4.25.0.RELEASE/trello/trello-board-service/src/test/resources
2024-11-03 12:06:29,726 [Worker-497: Building] INFO  o.a.m.s.f.DefaultMavenResourcesFiltering - Copying 1 resource from src/main/resources to target/classes
2024-11-03 12:06:29,755 [Worker-497: Building] INFO  o.a.m.s.f.DefaultMavenResourcesFiltering - Copying 0 resource from src/main/resources to target/classes
2024-11-03 12:06:29,763 [Worker-497: Building] INFO  o.a.m.s.f.DefaultMavenResourcesFiltering - skip non existing resourceDirectory /Users/bubul/Documents/workspace-spring-tool-suite-4-4.25.0.RELEASE/trello/trello-board-service/src/test/resources
2024-11-03 12:07:24,840 [Worker-504: Building] INFO  o.a.m.s.f.DefaultMavenResourcesFiltering - Copying 1 resource from src/main/resources to target/classes
2024-11-03 12:07:24,851 [Worker-504: Building] INFO  o.a.m.s.f.DefaultMavenResourcesFiltering - Copying 0 resource from src/main/resources to target/classes
2024-11-03 12:07:24,853 [Worker-504: Building] INFO  o.a.m.s.f.DefaultMavenResourcesFiltering - skip non existing resourceDirectory /Users/bubul/Documents/workspace-spring-tool-suite-4-4.25.0.RELEASE/trello/trello-board-service/src/test/resources
2024-11-03 12:07:36,018 [Worker-507: Building] INFO  o.a.m.s.f.DefaultMavenResourcesFiltering - Copying 1 resource from src/main/resources to target/classes
2024-11-03 12:07:36,027 [Worker-507: Building] INFO  o.a.m.s.f.DefaultMavenResourcesFiltering - Copying 0 resource from src/main/resources to target/classes
2024-11-03 12:07:36,029 [Worker-507: Building] INFO  o.a.m.s.f.DefaultMavenResourcesFiltering - skip non existing resourceDirectory /Users/bubul/Documents/workspace-spring-tool-suite-4-4.25.0.RELEASE/trello/trello-board-service/src/test/resources
2024-11-03 12:07:40,767 [Worker-505: Building] INFO  o.a.m.s.f.DefaultMavenResourcesFiltering - Copying 1 resource from src/main/resources to target/classes
2024-11-03 12:07:40,770 [Worker-505: Building] INFO  o.a.m.s.f.DefaultMavenResourcesFiltering - Copying 0 resource from src/main/resources to target/classes
2024-11-03 12:07:40,771 [Worker-505: Building] INFO  o.a.m.s.f.DefaultMavenResourcesFiltering - skip non existing resourceDirectory /Users/bubul/Documents/workspace-spring-tool-suite-4-4.25.0.RELEASE/trello/trello-board-service/src/test/resources
2024-11-03 12:08:32,483 [Worker-507: Building] INFO  o.a.m.s.f.DefaultMavenResourcesFiltering - Copying 1 resource from src/main/resources to target/classes
2024-11-03 12:08:32,492 [Worker-507: Building] INFO  o.a.m.s.f.DefaultMavenResourcesFiltering - Copying 0 resource from src/main/resources to target/classes
2024-11-03 12:08:32,493 [Worker-507: Building] INFO  o.a.m.s.f.DefaultMavenResourcesFiltering - skip non existing resourceDirectory /Users/bubul/Documents/workspace-spring-tool-suite-4-4.25.0.RELEASE/trello/trello-board-service/src/test/resources
2024-11-03 12:08:38,941 [Worker-497: Building] INFO  o.a.m.s.f.DefaultMavenResourcesFiltering - Copying 1 resource from src/main/resources to target/classes
2024-11-03 12:08:38,946 [Worker-497: Building] INFO  o.a.m.s.f.DefaultMavenResourcesFiltering - Copying 0 resource from src/main/resources to target/classes
2024-11-03 12:08:38,947 [Worker-497: Building] INFO  o.a.m.s.f.DefaultMavenResourcesFiltering - skip non existing resourceDirectory /Users/bubul/Documents/workspace-spring-tool-suite-4-4.25.0.RELEASE/trello/trello-board-service/src/test/resources
2024-11-03 12:09:33,115 [Worker-506: Building] INFO  o.a.m.s.f.DefaultMavenResourcesFiltering - Copying 1 resource from src/main/resources to target/classes
2024-11-03 12:09:33,129 [Worker-506: Building] INFO  o.a.m.s.f.DefaultMavenResourcesFiltering - Copying 0 resource from src/main/resources to target/classes
2024-11-03 12:09:33,130 [Worker-506: Building] INFO  o.a.m.s.f.DefaultMavenResourcesFiltering - skip non existing resourceDirectory /Users/bubul/Documents/workspace-spring-tool-suite-4-4.25.0.RELEASE/trello/trello-board-service/src/test/resources
2024-11-03 12:10:22,830 [Worker-507: Building] INFO  o.a.m.s.f.DefaultMavenResourcesFiltering - Copying 1 resource from src/main/resources to target/classes
2024-11-03 12:10:22,836 [Worker-507: Building] INFO  o.a.m.s.f.DefaultMavenResourcesFiltering - Copying 0 resource from src/main/resources to target/classes
2024-11-03 12:10:22,837 [Worker-507: Building] INFO  o.a.m.s.f.DefaultMavenResourcesFiltering - skip non existing resourceDirectory /Users/bubul/Documents/workspace-spring-tool-suite-4-4.25.0.RELEASE/trello/trello-board-service/src/test/resources
2024-11-03 12:10:28,707 [Worker-497: Building] INFO  o.a.m.s.f.DefaultMavenResourcesFiltering - Copying 1 resource from src/main/resources to target/classes
2024-11-03 12:10:28,720 [Worker-497: Building] INFO  o.a.m.s.f.DefaultMavenResourcesFiltering - Copying 0 resource from src/main/resources to target/classes
2024-11-03 12:10:28,721 [Worker-497: Building] INFO  o.a.m.s.f.DefaultMavenResourcesFiltering - skip non existing resourceDirectory /Users/bubul/Documents/workspace-spring-tool-suite-4-4.25.0.RELEASE/trello/trello-board-service/src/test/resources
2024-11-03 12:20:16,872 [Worker-504: Building] INFO  o.a.m.s.f.DefaultMavenResourcesFiltering - Copying 1 resource from src/main/resources to target/classes
2024-11-03 12:20:16,876 [Worker-504: Building] INFO  o.a.m.s.f.DefaultMavenResourcesFiltering - Copying 0 resource from src/main/resources to target/classes
2024-11-03 12:20:16,877 [Worker-504: Building] INFO  o.a.m.s.f.DefaultMavenResourcesFiltering - skip non existing resourceDirectory /Users/bubul/Documents/workspace-spring-tool-suite-4-4.25.0.RELEASE/trello/trello-user-service/src/test/resources
2024-11-03 12:20:38,157 [Worker-508: Building] INFO  o.a.m.s.f.DefaultMavenResourcesFiltering - Copying 1 resource from src/main/resources to target/classes
2024-11-03 12:20:38,169 [Worker-508: Building] INFO  o.a.m.s.f.DefaultMavenResourcesFiltering - Copying 0 resource from src/main/resources to target/classes
2024-11-03 12:20:38,171 [Worker-508: Building] INFO  o.a.m.s.f.DefaultMavenResourcesFiltering - skip non existing resourceDirectory /Users/bubul/Documents/workspace-spring-tool-suite-4-4.25.0.RELEASE/trello/trello-user-service/src/test/resources
2024-11-03 12:20:43,438 [Worker-512: Building] INFO  o.a.m.s.f.DefaultMavenResourcesFiltering - Copying 1 resource from src/main/resources to target/classes
2024-11-03 12:20:43,449 [Worker-512: Building] INFO  o.a.m.s.f.DefaultMavenResourcesFiltering - Copying 0 resource from src/main/resources to target/classes
2024-11-03 12:20:43,452 [Worker-512: Building] INFO  o.a.m.s.f.DefaultMavenResourcesFiltering - skip non existing resourceDirectory /Users/bubul/Documents/workspace-spring-tool-suite-4-4.25.0.RELEASE/trello/trello-user-service/src/test/resources
2024-11-03 12:20:59,073 [Worker-510: Building] INFO  o.a.m.s.f.DefaultMavenResourcesFiltering - Copying 1 resource from src/main/resources to target/classes
2024-11-03 12:20:59,083 [Worker-510: Building] INFO  o.a.m.s.f.DefaultMavenResourcesFiltering - Copying 0 resource from src/main/resources to target/classes
2024-11-03 12:20:59,084 [Worker-510: Building] INFO  o.a.m.s.f.DefaultMavenResourcesFiltering - skip non existing resourceDirectory /Users/bubul/Documents/workspace-spring-tool-suite-4-4.25.0.RELEASE/trello/trello-user-service/src/test/resources
2024-11-03 12:21:14,644 [Worker-508: Building] INFO  o.a.m.s.f.DefaultMavenResourcesFiltering - Copying 1 resource from src/main/resources to target/classes
2024-11-03 12:21:14,652 [Worker-508: Building] INFO  o.a.m.s.f.DefaultMavenResourcesFiltering - Copying 0 resource from src/main/resources to target/classes
2024-11-03 12:21:14,654 [Worker-508: Building] INFO  o.a.m.s.f.DefaultMavenResourcesFiltering - skip non existing resourceDirectory /Users/bubul/Documents/workspace-spring-tool-suite-4-4.25.0.RELEASE/trello/trello-user-service/src/test/resources
2024-11-03 12:21:46,667 [Worker-513: Launching trello-board-service - TrelloBoardServiceApplication] INFO  o.e.m.c.i.p.WorkspaceClassifierResolverManager - Resolving P/trello-user-service: com.trello:trello-user-service:0.0.1-SNAPSHOT with classifier null to /trello-user-service/target/classes
2024-11-03 12:21:46,710 [Worker-513: Launching trello-board-service - TrelloBoardServiceApplication] INFO  o.e.m.c.i.p.WorkspaceClassifierResolverManager - Resolving P/trello-user-service: com.trello:trello-user-service:0.0.1-SNAPSHOT with classifier null to /trello-user-service/target/classes
2024-11-03 12:21:46,750 [Worker-513: Launching trello-board-service - TrelloBoardServiceApplication] INFO  o.e.m.c.i.p.WorkspaceClassifierResolverManager - Resolving P/trello-user-service: com.trello:trello-user-service:0.0.1-SNAPSHOT with classifier null to /trello-user-service/target/classes
2024-11-03 12:25:37,444 [Worker-511: Building] INFO  o.a.m.s.f.DefaultMavenResourcesFiltering - Copying 1 resource from src/main/resources to target/classes
2024-11-03 12:25:37,469 [Worker-511: Building] INFO  o.a.m.s.f.DefaultMavenResourcesFiltering - Copying 0 resource from src/main/resources to target/classes
2024-11-03 12:25:37,471 [Worker-511: Building] INFO  o.a.m.s.f.DefaultMavenResourcesFiltering - skip non existing resourceDirectory /Users/bubul/Documents/workspace-spring-tool-suite-4-4.25.0.RELEASE/trello/trello-board-service/src/test/resources
2024-11-03 12:25:52,007 [Worker-518: Building] INFO  o.a.m.s.f.DefaultMavenResourcesFiltering - Copying 1 resource from src/main/resources to target/classes
2024-11-03 12:25:52,042 [Worker-518: Building] INFO  o.a.m.s.f.DefaultMavenResourcesFiltering - Copying 0 resource from src/main/resources to target/classes
2024-11-03 12:25:52,043 [Worker-518: Building] INFO  o.a.m.s.f.DefaultMavenResourcesFiltering - skip non existing resourceDirectory /Users/bubul/Documents/workspace-spring-tool-suite-4-4.25.0.RELEASE/trello/trello-board-service/src/test/resources
2024-11-03 12:26:09,834 [Worker-517: Building] INFO  o.a.m.s.f.DefaultMavenResourcesFiltering - Copying 1 resource from src/main/resources to target/classes
2024-11-03 12:26:09,868 [Worker-517: Building] INFO  o.a.m.s.f.DefaultMavenResourcesFiltering - Copying 0 resource from src/main/resources to target/classes
2024-11-03 12:26:09,870 [Worker-517: Building] INFO  o.a.m.s.f.DefaultMavenResourcesFiltering - skip non existing resourceDirectory /Users/bubul/Documents/workspace-spring-tool-suite-4-4.25.0.RELEASE/trello/trello-board-service/src/test/resources
2024-11-03 12:26:35,649 [Worker-515: Building] INFO  o.a.m.s.f.DefaultMavenResourcesFiltering - Copying 1 resource from src/main/resources to target/classes
2024-11-03 12:26:35,654 [Worker-515: Building] INFO  o.a.m.s.f.DefaultMavenResourcesFiltering - Copying 0 resource from src/main/resources to target/classes
2024-11-03 12:26:35,655 [Worker-515: Building] INFO  o.a.m.s.f.DefaultMavenResourcesFiltering - skip non existing resourceDirectory /Users/bubul/Documents/workspace-spring-tool-suite-4-4.25.0.RELEASE/trello/trello-board-service/src/test/resources
2024-11-05 08:05:17,539 [Worker-670: Building] INFO  o.e.m.c.i.l.LifecycleMappingFactory - Using org.eclipse.m2e.jdt.JarLifecycleMapping lifecycle mapping for MavenProject: com.trello:trello-user-service:0.0.1-SNAPSHOT @ /Users/bubul/Documents/workspace-spring-tool-suite-4-4.25.0.RELEASE/trello/trello-user-service/pom.xml.
2024-11-05 08:05:18,258 [Worker-670: Building] INFO  o.e.m.c.i.l.LifecycleMappingFactory - Using org.eclipse.m2e.jdt.JarLifecycleMapping lifecycle mapping for MavenProject: com.trello:trello-board-service:0.0.1-SNAPSHOT @ /Users/bubul/Documents/workspace-spring-tool-suite-4-4.25.0.RELEASE/trello/trello-board-service/pom.xml.
2024-11-05 08:05:18,527 [Worker-670: Building] WARN  o.e.m.c.i.embedder.EclipseLogger - The artifact mysql:mysql-connector-java:jar:8.0.33 has been relocated to com.mysql:mysql-connector-j:jar:8.0.33: MySQL Connector/J artifacts moved to reverse-DNS compliant Maven 2+ coordinates.
2024-11-05 08:05:18,539 [Worker-670: Building] INFO  o.e.m.c.i.p.WorkspaceClassifierResolverManager - Resolving P/trello-user-service: com.trello:trello-user-service:0.0.1-SNAPSHOT with classifier  to /trello-user-service/target/classes
2024-11-05 08:05:18,877 [Worker-670: Building] INFO  o.a.m.s.f.DefaultMavenResourcesFiltering - Copying 0 resource from src/main/resources to target/classes
2024-11-05 08:05:18,878 [Worker-670: Building] INFO  o.a.m.s.f.DefaultMavenResourcesFiltering - Copying 0 resource from src/main/resources to target/classes
2024-11-05 08:05:18,881 [Worker-670: Building] INFO  o.a.m.s.f.DefaultMavenResourcesFiltering - skip non existing resourceDirectory /Users/bubul/Documents/workspace-spring-tool-suite-4-4.25.0.RELEASE/trello/trello-user-service/src/test/resources
2024-11-05 08:05:20,117 [Worker-672: Building] INFO  o.a.m.s.f.DefaultMavenResourcesFiltering - Copying 1 resource from src/main/resources to target/classes
2024-11-05 08:05:20,134 [Worker-672: Building] INFO  o.a.m.s.f.DefaultMavenResourcesFiltering - Copying 0 resource from src/main/resources to target/classes
2024-11-05 08:05:20,136 [Worker-672: Building] INFO  o.a.m.s.f.DefaultMavenResourcesFiltering - skip non existing resourceDirectory /Users/bubul/Documents/workspace-spring-tool-suite-4-4.25.0.RELEASE/trello/trello-user-service/src/test/resources
2024-11-05 08:05:37,094 [Worker-674: Building] INFO  o.e.m.c.i.l.LifecycleMappingFactory - Using org.eclipse.m2e.jdt.JarLifecycleMapping lifecycle mapping for MavenProject: com.trello:trello-user-service:0.0.1-SNAPSHOT @ /Users/bubul/Documents/workspace-spring-tool-suite-4-4.25.0.RELEASE/trello/trello-user-service/pom.xml.
2024-11-05 08:05:37,318 [Worker-674: Building] INFO  o.a.m.s.f.DefaultMavenResourcesFiltering - Copying 0 resource from src/main/resources to target/classes
2024-11-05 08:05:37,318 [Worker-674: Building] INFO  o.a.m.s.f.DefaultMavenResourcesFiltering - Copying 0 resource from src/main/resources to target/classes
2024-11-05 08:05:37,322 [Worker-674: Building] INFO  o.a.m.s.f.DefaultMavenResourcesFiltering - skip non existing resourceDirectory /Users/bubul/Documents/workspace-spring-tool-suite-4-4.25.0.RELEASE/trello/trello-user-service/src/test/resources
2024-11-05 08:06:16,223 [Worker-670: Building] INFO  o.a.m.s.f.DefaultMavenResourcesFiltering - Copying 1 resource from src/main/resources to target/classes
2024-11-05 08:06:16,257 [Worker-670: Building] INFO  o.a.m.s.f.DefaultMavenResourcesFiltering - Copying 0 resource from src/main/resources to target/classes
2024-11-05 08:06:16,259 [Worker-670: Building] INFO  o.a.m.s.f.DefaultMavenResourcesFiltering - skip non existing resourceDirectory /Users/bubul/Documents/workspace-spring-tool-suite-4-4.25.0.RELEASE/trello/trello-user-service/src/test/resources
2024-11-05 08:06:23,251 [Worker-674: Building] INFO  o.a.m.s.f.DefaultMavenResourcesFiltering - Copying 1 resource from src/main/resources to target/classes
2024-11-05 08:06:23,267 [Worker-674: Building] INFO  o.a.m.s.f.DefaultMavenResourcesFiltering - Copying 0 resource from src/main/resources to target/classes
2024-11-05 08:06:23,269 [Worker-674: Building] INFO  o.a.m.s.f.DefaultMavenResourcesFiltering - skip non existing resourceDirectory /Users/bubul/Documents/workspace-spring-tool-suite-4-4.25.0.RELEASE/trello/trello-user-service/src/test/resources
2024-11-05 08:06:26,865 [Worker-675: Building] INFO  o.a.m.s.f.DefaultMavenResourcesFiltering - Copying 1 resource from src/main/resources to target/classes
2024-11-05 08:06:26,878 [Worker-675: Building] INFO  o.a.m.s.f.DefaultMavenResourcesFiltering - Copying 0 resource from src/main/resources to target/classes
2024-11-05 08:06:26,880 [Worker-675: Building] INFO  o.a.m.s.f.DefaultMavenResourcesFiltering - skip non existing resourceDirectory /Users/bubul/Documents/workspace-spring-tool-suite-4-4.25.0.RELEASE/trello/trello-user-service/src/test/resources
2024-11-05 08:07:16,931 [Worker-670: Launching trello-board-service - TrelloBoardServiceApplication] INFO  o.e.m.c.i.p.WorkspaceClassifierResolverManager - Resolving P/trello-user-service: com.trello:trello-user-service:0.0.1-SNAPSHOT with classifier null to /trello-user-service/target/classes
2024-11-05 08:07:16,971 [Worker-670: Launching trello-board-service - TrelloBoardServiceApplication] INFO  o.e.m.c.i.p.WorkspaceClassifierResolverManager - Resolving P/trello-user-service: com.trello:trello-user-service:0.0.1-SNAPSHOT with classifier null to /trello-user-service/target/classes
2024-11-05 08:07:17,010 [Worker-670: Launching trello-board-service - TrelloBoardServiceApplication] INFO  o.e.m.c.i.p.WorkspaceClassifierResolverManager - Resolving P/trello-user-service: com.trello:trello-user-service:0.0.1-SNAPSHOT with classifier null to /trello-user-service/target/classes
2024-11-05 08:08:41,074 [Worker-662: Building] INFO  o.a.m.s.f.DefaultMavenResourcesFiltering - Copying 1 resource from src/main/resources to target/classes
2024-11-05 08:08:41,084 [Worker-662: Building] INFO  o.a.m.s.f.DefaultMavenResourcesFiltering - Copying 0 resource from src/main/resources to target/classes
2024-11-05 08:08:41,088 [Worker-662: Building] INFO  o.a.m.s.f.DefaultMavenResourcesFiltering - skip non existing resourceDirectory /Users/bubul/Documents/workspace-spring-tool-suite-4-4.25.0.RELEASE/trello/trello-user-service/src/test/resources
2024-11-05 08:08:59,913 [Worker-680: Launching trello-board-service - TrelloBoardServiceApplication] INFO  o.e.m.c.i.p.WorkspaceClassifierResolverManager - Resolving P/trello-user-service: com.trello:trello-user-service:0.0.1-SNAPSHOT with classifier null to /trello-user-service/target/classes
2024-11-05 08:08:59,954 [Worker-680: Launching trello-board-service - TrelloBoardServiceApplication] INFO  o.e.m.c.i.p.WorkspaceClassifierResolverManager - Resolving P/trello-user-service: com.trello:trello-user-service:0.0.1-SNAPSHOT with classifier null to /trello-user-service/target/classes
2024-11-05 08:08:59,993 [Worker-680: Launching trello-board-service - TrelloBoardServiceApplication] INFO  o.e.m.c.i.p.WorkspaceClassifierResolverManager - Resolving P/trello-user-service: com.trello:trello-user-service:0.0.1-SNAPSHOT with classifier null to /trello-user-service/target/classes
2024-11-05 08:11:12,491 [Worker-676: Building] INFO  o.a.m.s.f.DefaultMavenResourcesFiltering - Copying 1 resource from src/main/resources to target/classes
2024-11-05 08:11:12,501 [Worker-676: Building] INFO  o.a.m.s.f.DefaultMavenResourcesFiltering - Copying 0 resource from src/main/resources to target/classes
2024-11-05 08:11:12,502 [Worker-676: Building] INFO  o.a.m.s.f.DefaultMavenResourcesFiltering - skip non existing resourceDirectory /Users/bubul/Documents/workspace-spring-tool-suite-4-4.25.0.RELEASE/trello/trello-user-service/src/test/resources
2024-11-05 08:11:45,655 [Worker-676: Building] INFO  o.a.m.s.f.DefaultMavenResourcesFiltering - Copying 1 resource from src/main/resources to target/classes
2024-11-05 08:11:45,658 [Worker-676: Building] INFO  o.a.m.s.f.DefaultMavenResourcesFiltering - Copying 0 resource from src/main/resources to target/classes
2024-11-05 08:11:45,660 [Worker-676: Building] INFO  o.a.m.s.f.DefaultMavenResourcesFiltering - skip non existing resourceDirectory /Users/bubul/Documents/workspace-spring-tool-suite-4-4.25.0.RELEASE/trello/trello-user-service/src/test/resources
2024-11-05 08:12:45,572 [Worker-688: Building] INFO  o.a.m.s.f.DefaultMavenResourcesFiltering - Copying 1 resource from src/main/resources to target/classes
2024-11-05 08:12:45,575 [Worker-688: Building] INFO  o.a.m.s.f.DefaultMavenResourcesFiltering - Copying 0 resource from src/main/resources to target/classes
2024-11-05 08:12:45,576 [Worker-688: Building] INFO  o.a.m.s.f.DefaultMavenResourcesFiltering - skip non existing resourceDirectory /Users/bubul/Documents/workspace-spring-tool-suite-4-4.25.0.RELEASE/trello/trello-user-service/src/test/resources
2024-11-05 08:12:54,193 [Worker-678: Building] INFO  o.a.m.s.f.DefaultMavenResourcesFiltering - Copying 1 resource from src/main/resources to target/classes
2024-11-05 08:12:54,198 [Worker-678: Building] INFO  o.a.m.s.f.DefaultMavenResourcesFiltering - Copying 0 resource from src/main/resources to target/classes
2024-11-05 08:12:54,201 [Worker-678: Building] INFO  o.a.m.s.f.DefaultMavenResourcesFiltering - skip non existing resourceDirectory /Users/bubul/Documents/workspace-spring-tool-suite-4-4.25.0.RELEASE/trello/trello-board-service/src/test/resources
2024-11-05 08:12:58,466 [Worker-680: Launching trello-board-service - TrelloBoardServiceApplication] INFO  o.e.m.c.i.p.WorkspaceClassifierResolverManager - Resolving P/trello-user-service: com.trello:trello-user-service:0.0.1-SNAPSHOT with classifier null to /trello-user-service/target/classes
2024-11-05 08:12:58,504 [Worker-680: Launching trello-board-service - TrelloBoardServiceApplication] INFO  o.e.m.c.i.p.WorkspaceClassifierResolverManager - Resolving P/trello-user-service: com.trello:trello-user-service:0.0.1-SNAPSHOT with classifier null to /trello-user-service/target/classes
2024-11-05 08:12:58,542 [Worker-680: Launching trello-board-service - TrelloBoardServiceApplication] INFO  o.e.m.c.i.p.WorkspaceClassifierResolverManager - Resolving P/trello-user-service: com.trello:trello-user-service:0.0.1-SNAPSHOT with classifier null to /trello-user-service/target/classes
2024-11-05 08:13:28,740 [Worker-689: Building] INFO  o.a.m.s.f.DefaultMavenResourcesFiltering - Copying 1 resource from src/main/resources to target/classes
2024-11-05 08:13:28,747 [Worker-689: Building] INFO  o.a.m.s.f.DefaultMavenResourcesFiltering - Copying 0 resource from src/main/resources to target/classes
2024-11-05 08:13:28,748 [Worker-689: Building] INFO  o.a.m.s.f.DefaultMavenResourcesFiltering - skip non existing resourceDirectory /Users/bubul/Documents/workspace-spring-tool-suite-4-4.25.0.RELEASE/trello/trello-board-service/src/test/resources
2024-11-05 08:13:37,135 [Worker-684: Building] INFO  o.a.m.s.f.DefaultMavenResourcesFiltering - Copying 1 resource from src/main/resources to target/classes
2024-11-05 08:13:37,142 [Worker-684: Building] INFO  o.a.m.s.f.DefaultMavenResourcesFiltering - Copying 0 resource from src/main/resources to target/classes
2024-11-05 08:13:37,143 [Worker-684: Building] INFO  o.a.m.s.f.DefaultMavenResourcesFiltering - skip non existing resourceDirectory /Users/bubul/Documents/workspace-spring-tool-suite-4-4.25.0.RELEASE/trello/trello-user-service/src/test/resources
2024-11-05 08:15:09,510 [Worker-690: Building] INFO  o.a.m.s.f.DefaultMavenResourcesFiltering - Copying 1 resource from src/main/resources to target/classes
2024-11-05 08:15:09,519 [Worker-690: Building] INFO  o.a.m.s.f.DefaultMavenResourcesFiltering - Copying 0 resource from src/main/resources to target/classes
2024-11-05 08:15:09,520 [Worker-690: Building] INFO  o.a.m.s.f.DefaultMavenResourcesFiltering - skip non existing resourceDirectory /Users/bubul/Documents/workspace-spring-tool-suite-4-4.25.0.RELEASE/trello/trello-board-service/src/test/resources
2024-11-05 08:16:22,941 [Worker-680: Building] INFO  o.a.m.s.f.DefaultMavenResourcesFiltering - Copying 1 resource from src/main/resources to target/classes
2024-11-05 08:16:22,952 [Worker-680: Building] INFO  o.a.m.s.f.DefaultMavenResourcesFiltering - Copying 0 resource from src/main/resources to target/classes
2024-11-05 08:16:22,956 [Worker-680: Building] INFO  o.a.m.s.f.DefaultMavenResourcesFiltering - skip non existing resourceDirectory /Users/bubul/Documents/workspace-spring-tool-suite-4-4.25.0.RELEASE/trello/trello-board-service/src/test/resources
2024-11-05 08:16:40,491 [Worker-683: Building] INFO  o.a.m.s.f.DefaultMavenResourcesFiltering - Copying 1 resource from src/main/resources to target/classes
2024-11-05 08:16:40,495 [Worker-683: Building] INFO  o.a.m.s.f.DefaultMavenResourcesFiltering - Copying 0 resource from src/main/resources to target/classes
2024-11-05 08:16:40,496 [Worker-683: Building] INFO  o.a.m.s.f.DefaultMavenResourcesFiltering - skip non existing resourceDirectory /Users/bubul/Documents/workspace-spring-tool-suite-4-4.25.0.RELEASE/trello/trello-user-service/src/test/resources
2024-11-05 08:17:25,518 [Worker-690: Building] INFO  o.a.m.s.f.DefaultMavenResourcesFiltering - Copying 1 resource from src/main/resources to target/classes
2024-11-05 08:17:25,525 [Worker-690: Building] INFO  o.a.m.s.f.DefaultMavenResourcesFiltering - Copying 0 resource from src/main/resources to target/classes
2024-11-05 08:17:25,527 [Worker-690: Building] INFO  o.a.m.s.f.DefaultMavenResourcesFiltering - skip non existing resourceDirectory /Users/bubul/Documents/workspace-spring-tool-suite-4-4.25.0.RELEASE/trello/trello-user-service/src/test/resources
2024-11-05 08:17:46,528 [Worker-687: Launching trello-board-service - TrelloBoardServiceApplication] INFO  o.e.m.c.i.p.WorkspaceClassifierResolverManager - Resolving P/trello-user-service: com.trello:trello-user-service:0.0.1-SNAPSHOT with classifier null to /trello-user-service/target/classes
2024-11-05 08:17:46,568 [Worker-687: Launching trello-board-service - TrelloBoardServiceApplication] INFO  o.e.m.c.i.p.WorkspaceClassifierResolverManager - Resolving P/trello-user-service: com.trello:trello-user-service:0.0.1-SNAPSHOT with classifier null to /trello-user-service/target/classes
2024-11-05 08:17:46,607 [Worker-687: Launching trello-board-service - TrelloBoardServiceApplication] INFO  o.e.m.c.i.p.WorkspaceClassifierResolverManager - Resolving P/trello-user-service: com.trello:trello-user-service:0.0.1-SNAPSHOT with classifier null to /trello-user-service/target/classes
2024-11-05 08:18:29,410 [Worker-687: Building] INFO  o.a.m.s.f.DefaultMavenResourcesFiltering - Copying 1 resource from src/main/resources to target/classes
2024-11-05 08:18:29,415 [Worker-687: Building] INFO  o.a.m.s.f.DefaultMavenResourcesFiltering - Copying 0 resource from src/main/resources to target/classes
2024-11-05 08:18:29,416 [Worker-687: Building] INFO  o.a.m.s.f.DefaultMavenResourcesFiltering - skip non existing resourceDirectory /Users/bubul/Documents/workspace-spring-tool-suite-4-4.25.0.RELEASE/trello/trello-user-service/src/test/resources
2024-11-05 08:23:21,076 [Worker-694: Building] INFO  o.e.m.c.i.l.LifecycleMappingFactory - Using org.eclipse.m2e.jdt.JarLifecycleMapping lifecycle mapping for MavenProject: com.trello:trello-board-service:0.0.1-SNAPSHOT @ /Users/bubul/Documents/workspace-spring-tool-suite-4-4.25.0.RELEASE/trello/trello-board-service/pom.xml.
2024-11-05 08:23:21,421 [Worker-694: Building] WARN  o.e.m.c.i.embedder.EclipseLogger - The artifact mysql:mysql-connector-java:jar:8.0.33 has been relocated to com.mysql:mysql-connector-j:jar:8.0.33: MySQL Connector/J artifacts moved to reverse-DNS compliant Maven 2+ coordinates.
2024-11-05 08:23:21,683 [Worker-694: Building] INFO  o.a.m.s.f.DefaultMavenResourcesFiltering - Copying 0 resource from src/main/resources to target/classes
2024-11-05 08:23:21,683 [Worker-694: Building] INFO  o.a.m.s.f.DefaultMavenResourcesFiltering - Copying 0 resource from src/main/resources to target/classes
2024-11-05 08:23:21,686 [Worker-694: Building] INFO  o.a.m.s.f.DefaultMavenResourcesFiltering - skip non existing resourceDirectory /Users/bubul/Documents/workspace-spring-tool-suite-4-4.25.0.RELEASE/trello/trello-board-service/src/test/resources
2024-11-05 08:23:22,968 [Worker-695: Building] INFO  o.a.m.s.f.DefaultMavenResourcesFiltering - Copying 1 resource from src/main/resources to target/classes
2024-11-05 08:23:22,984 [Worker-695: Building] INFO  o.a.m.s.f.DefaultMavenResourcesFiltering - Copying 0 resource from src/main/resources to target/classes
2024-11-05 08:23:22,988 [Worker-695: Building] INFO  o.a.m.s.f.DefaultMavenResourcesFiltering - skip non existing resourceDirectory /Users/bubul/Documents/workspace-spring-tool-suite-4-4.25.0.RELEASE/trello/trello-board-service/src/test/resources
2024-11-05 08:27:02,938 [Worker-691: Building] INFO  o.a.m.s.f.DefaultMavenResourcesFiltering - Copying 1 resource from src/main/resources to target/classes
2024-11-05 08:27:02,939 [Worker-691: Building] INFO  o.a.m.s.f.DefaultMavenResourcesFiltering - Copying 0 resource from src/main/resources to target/classes
2024-11-05 08:27:02,941 [Worker-691: Building] INFO  o.a.m.s.f.DefaultMavenResourcesFiltering - skip non existing resourceDirectory /Users/bubul/Documents/workspace-spring-tool-suite-4-4.25.0.RELEASE/trello/trello-board-service/src/test/resources
2024-11-05 08:27:16,095 [Worker-698: Building] INFO  o.a.m.s.f.DefaultMavenResourcesFiltering - Copying 1 resource from src/main/resources to target/classes
2024-11-05 08:27:16,115 [Worker-698: Building] INFO  o.a.m.s.f.DefaultMavenResourcesFiltering - Copying 0 resource from src/main/resources to target/classes
2024-11-05 08:27:16,116 [Worker-698: Building] INFO  o.a.m.s.f.DefaultMavenResourcesFiltering - skip non existing resourceDirectory /Users/bubul/Documents/workspace-spring-tool-suite-4-4.25.0.RELEASE/trello/trello-board-service/src/test/resources
2024-11-05 08:27:56,549 [Worker-698: Building] INFO  o.a.m.s.f.DefaultMavenResourcesFiltering - Copying 1 resource from src/main/resources to target/classes
2024-11-05 08:27:56,559 [Worker-698: Building] INFO  o.a.m.s.f.DefaultMavenResourcesFiltering - Copying 0 resource from src/main/resources to target/classes
2024-11-05 08:27:56,561 [Worker-698: Building] INFO  o.a.m.s.f.DefaultMavenResourcesFiltering - skip non existing resourceDirectory /Users/bubul/Documents/workspace-spring-tool-suite-4-4.25.0.RELEASE/trello/trello-board-service/src/test/resources
2024-11-05 08:32:50,240 [Worker-706: Building] INFO  o.a.m.s.f.DefaultMavenResourcesFiltering - Copying 1 resource from src/main/resources to target/classes
2024-11-05 08:32:50,271 [Worker-706: Building] INFO  o.a.m.s.f.DefaultMavenResourcesFiltering - Copying 0 resource from src/main/resources to target/classes
2024-11-05 08:32:50,276 [Worker-706: Building] INFO  o.a.m.s.f.DefaultMavenResourcesFiltering - skip non existing resourceDirectory /Users/bubul/Documents/workspace-spring-tool-suite-4-4.25.0.RELEASE/trello/trello-board-service/src/test/resources
2024-11-05 08:33:14,183 [Worker-704: Building] INFO  o.a.m.s.f.DefaultMavenResourcesFiltering - Copying 1 resource from src/main/resources to target/classes
2024-11-05 08:33:14,191 [Worker-704: Building] INFO  o.a.m.s.f.DefaultMavenResourcesFiltering - Copying 0 resource from src/main/resources to target/classes
2024-11-05 08:33:14,192 [Worker-704: Building] INFO  o.a.m.s.f.DefaultMavenResourcesFiltering - skip non existing resourceDirectory /Users/bubul/Documents/workspace-spring-tool-suite-4-4.25.0.RELEASE/trello/trello-board-service/src/test/resources
2024-11-05 09:11:33,395 [Worker-714: Building] INFO  o.a.m.s.f.DefaultMavenResourcesFiltering - Copying 1 resource from src/main/resources to target/classes
2024-11-05 09:11:33,403 [Worker-714: Building] INFO  o.a.m.s.f.DefaultMavenResourcesFiltering - Copying 0 resource from src/main/resources to target/classes
2024-11-05 09:11:33,407 [Worker-714: Building] INFO  o.a.m.s.f.DefaultMavenResourcesFiltering - skip non existing resourceDirectory /Users/bubul/Documents/workspace-spring-tool-suite-4-4.25.0.RELEASE/trello/trello-board-service/src/test/resources
2024-11-05 09:11:51,045 [Worker-691: Building] INFO  o.a.m.s.f.DefaultMavenResourcesFiltering - Copying 1 resource from src/main/resources to target/classes
2024-11-05 09:11:51,047 [Worker-691: Building] INFO  o.a.m.s.f.DefaultMavenResourcesFiltering - Copying 0 resource from src/main/resources to target/classes
2024-11-05 09:11:51,049 [Worker-691: Building] INFO  o.a.m.s.f.DefaultMavenResourcesFiltering - skip non existing resourceDirectory /Users/bubul/Documents/workspace-spring-tool-suite-4-4.25.0.RELEASE/trello/trello-board-service/src/test/resources
2024-11-05 09:12:00,844 [Worker-713: Building] INFO  o.a.m.s.f.DefaultMavenResourcesFiltering - Copying 1 resource from src/main/resources to target/classes
2024-11-05 09:12:00,862 [Worker-713: Building] INFO  o.a.m.s.f.DefaultMavenResourcesFiltering - Copying 0 resource from src/main/resources to target/classes
2024-11-05 09:12:00,864 [Worker-713: Building] INFO  o.a.m.s.f.DefaultMavenResourcesFiltering - skip non existing resourceDirectory /Users/bubul/Documents/workspace-spring-tool-suite-4-4.25.0.RELEASE/trello/trello-board-service/src/test/resources
2024-11-05 09:12:10,784 [Worker-714: Building] INFO  o.a.m.s.f.DefaultMavenResourcesFiltering - Copying 1 resource from src/main/resources to target/classes
2024-11-05 09:12:10,791 [Worker-714: Building] INFO  o.a.m.s.f.DefaultMavenResourcesFiltering - Copying 0 resource from src/main/resources to target/classes
2024-11-05 09:12:10,792 [Worker-714: Building] INFO  o.a.m.s.f.DefaultMavenResourcesFiltering - skip non existing resourceDirectory /Users/bubul/Documents/workspace-spring-tool-suite-4-4.25.0.RELEASE/trello/trello-board-service/src/test/resources
2024-11-05 09:19:54,575 [Worker-720: Building] INFO  o.a.m.s.f.DefaultMavenResourcesFiltering - Copying 1 resource from src/main/resources to target/classes
2024-11-05 09:19:54,600 [Worker-720: Building] INFO  o.a.m.s.f.DefaultMavenResourcesFiltering - Copying 0 resource from src/main/resources to target/classes
2024-11-05 09:19:54,608 [Worker-720: Building] INFO  o.a.m.s.f.DefaultMavenResourcesFiltering - skip non existing resourceDirectory /Users/bubul/Documents/workspace-spring-tool-suite-4-4.25.0.RELEASE/trello/trello-board-service/src/test/resources
2024-11-11 19:39:53,824 [Worker-3: Loading available Gradle versions] INFO  o.e.b.c.i.u.g.PublishedGradleVersions - Gradle version information cache is out-of-date. Trying to update.
2024-11-11 19:40:07,838 [Worker-8: Launching trello-board-service - TrelloBoardServiceApplication] WARN  o.e.m.c.i.embedder.EclipseLogger - The artifact mysql:mysql-connector-java:jar:8.0.33 has been relocated to com.mysql:mysql-connector-j:jar:8.0.33: MySQL Connector/J artifacts moved to reverse-DNS compliant Maven 2+ coordinates.
